RespondentID,Sex,age,age_group,max_educert,qualification_tier,currentempstatus,occupation_cj,is_underemployed
114347756900.0,Female,27.0,27-31,Bachelor's degree/ advanced diploma or equivalent,Bachelor's Degree,Working full-time (contract),Professional,0
114358773286.0,Female,25.0,23-26,Bachelor's degree/ advanced diploma or equivalent,Bachelor's Degree,Working full-time (permanent),Clerical Support Workers,1
114371455059.0,Male,36.0,32-44,Bachelor's degree/ advanced diploma or equivalent,Bachelor's Degree,Working full-time (permanent),Managers,0
114347713217.0,Female,30.0,27-31,Bachelor's degree/ advanced diploma or equivalent,Bachelor's Degree,Working full-time (contract),Professional,0
114371466548.0,Female,35.0,32-44,Diploma/ certificates or equivalent,Diploma,Working full-time (contract),Technician and Associate Professionals,0
114371455095.0,Female,25.0,23-26,Diploma/ certificates or equivalent,Diploma,Working full-time (permanent),Managers,0
114358709462.0,Male,29.0,27-31,Bachelor's degree/ advanced diploma or equivalent,Bachelor's Degree,Working full-time (permanent),Professional,0
114371489571.0,Female,33.0,32-44,Diploma/ certificates or equivalent,Diploma,Working part-time (contract),Technician and Associate Professionals,0
114374126954.0,Female,26.0,23-26,Bachelor's degree/ advanced diploma or equivalent,Bachelor's Degree,Working full-time (permanent),Managers,0
114371438635.0,Female,30.0,27-31,Bachelor's degree/ advanced diploma or equivalent,Bachelor's Degree,Working full-time (permanent),Professional,0
114371420888.0,Male,32.0,32-44,Diploma/ certificates or equivalent,Diploma,Working full-time (permanent),Technician and Associate Professionals,0
114371510166.0,Female,25.0,23-26,Diploma/ certificates or equivalent,Diploma,Working full-time (permanent),Professional,0
114371478664.0,Female,33.0,32-44,Diploma/ certificates or equivalent,Diploma,Working part-time (contract),Clerical Support Workers,1
114371425645.0,Male,23.0,23-26,Diploma/ certificates or equivalent,Diploma,Working full-time (contract),Craft and Related Trades Workers,1
114371447775.0,Male,29.0,27-31,Diploma/ certificates or equivalent,Diploma,Working full-time (permanent),Managers,0
114369685524.0,Female,35.0,32-44,Bachelor's degree/ advanced diploma or equivalent,Bachelor's Degree,Working full-time (permanent),Professional,0
114371674234.0,Male,23.0,23-26,Bachelor's degree/ advanced diploma or equivalent,Bachelor's Degree,Working full-time (permanent),Managers,0
114371478008.0,Male,32.0,32-44,Diploma/ certificates or equivalent,Diploma,Working full-time (permanent),Technician and Associate Professionals,0
114371435848.0,Female,30.0,27-31,Diploma/ certificates or equivalent,Diploma,Working full-time (permanent),Elementary Occupations,1
114371443747.0,Female,31.0,27-31,Diploma/ certificates or equivalent,Diploma,Working full-time (permanent),Technician and Associate Professionals,0
114371538024.0,Female,26.0,23-26,Bachelor's degree/ advanced diploma or equivalent,Bachelor's Degree,Working full-time (permanent),Technician and Associate Professionals,0
114371439275.0,Female,38.0,32-44,Bachelor's degree/ advanced diploma or equivalent,Bachelor's Degree,Working full-time (permanent),Technician and Associate Professionals,0
114347745795.0,Male,31.0,27-31,Bachelor's degree/ advanced diploma or equivalent,Bachelor's Degree,Working full-time (permanent),Professional,0
114371459340.0,Female,38.0,32-44,Bachelor's degree/ advanced diploma or equivalent,Bachelor's Degree,Working full-time (contract),Technician and Associate Professionals,0
114371473219.0,Male,24.0,23-26,Bachelor's degree/ advanced diploma or equivalent,Bachelor's Degree,Working full-time (permanent),Professional,0
114369624381.0,Male,35.0,32-44,Bachelor's degree/ advanced diploma or equivalent,Bachelor's Degree,Working full-time (permanent),Professional,0
114371428484.0,Male,27.0,27-31,Diploma/ certificates or equivalent,Diploma,Working full-time (permanent),Managers,0
114371443300.0,Female,35.0,32-44,Diploma/ certificates or equivalent,Diploma,Working full-time (permanent),Technician and Associate Professionals,0
114371524452.0,Male,26.0,23-26,Bachelor's degree/ advanced diploma or equivalent,Bachelor's Degree,Working full-time (permanent),Professional,0
114378157685.0,Female,34.0,32-44,Diploma/ certificates or equivalent,Diploma,Working full-time (permanent),Professional,0
114371498319.0,Female,30.0,27-31,Diploma/ certificates or equivalent,Diploma,Working full-time (permanent),Professional,0
114349493610.0,Female,30.0,27-31,Bachelor's degree/ advanced diploma or equivalent,Bachelor's Degree,Working full-time (permanent),Professional,0
114349049444.0,Male,27.0,27-31,Bachelor's degree/ advanced diploma or equivalent,Bachelor's Degree,Working full-time (permanent),Technician and Associate Professionals,0
114371330615.0,Female,35.0,32-44,Bachelor's degree/ advanced diploma or equivalent,Bachelor's Degree,Working full-time (permanent),Technician and Associate Professionals,0
114371453140.0,Male,35.0,32-44,Diploma/ certificates or equivalent,Diploma,Working full-time (permanent),Technician and Associate Professionals,0
114347709470.0,Female,28.0,27-31,Bachelor's degree/ advanced diploma or equivalent,Bachelor's Degree,Working full-time (permanent),Professional,0
114371444780.0,Female,33.0,32-44,Diploma/ certificates or equivalent,Diploma,Working full-time (permanent),Technician and Associate Professionals,0
114371408384.0,Female,27.0,27-31,Bachelor's degree/ advanced diploma or equivalent,Bachelor's Degree,Working part-time (permanent),Craft and Related Trades Workers,1
114371434103.0,Female,33.0,32-44,Bachelor's degree/ advanced diploma or equivalent,Bachelor's Degree,Working full-time (permanent),Craft and Related Trades Workers,1
114359492355.0,Male,38.0,32-44,Diploma/ certificates or equivalent,Diploma,Working full-time (permanent),Elementary Occupations,1
114371458119.0,Female,25.0,23-26,Diploma/ certificates or equivalent,Diploma,Working full-time (permanent),Professional,0
114371451112.0,Female,28.0,27-31,Diploma/ certificates or equivalent,Diploma,Working full-time (permanent),Managers,0
114371489649.0,Male,29.0,27-31,Diploma/ certificates or equivalent,Diploma,Working full-time (contract),Professional,0
114371409387.0,Male,43.0,32-44,Diploma/ certificates or equivalent,Diploma,Working full-time (contract),Managers,0
114371460827.0,Female,32.0,32-44,Bachelor's degree/ advanced diploma or equivalent,Bachelor's Degree,Working full-time (permanent),Craft and Related Trades Workers,1
114371528153.0,Female,29.0,27-31,Bachelor's degree/ advanced diploma or equivalent,Bachelor's Degree,Working part-time (permanent),Professional,0
114371442382.0,Male,37.0,32-44,Diploma/ certificates or equivalent,Diploma,Working full-time (permanent),Technician and Associate Professionals,0
114371469756.0,Male,25.0,23-26,Bachelor's degree/ advanced diploma or equivalent,Bachelor's Degree,Working full-time (permanent),Managers,0
114371469704.0,Female,29.0,27-31,Diploma/ certificates or equivalent,Diploma,Working part-time (contract),Managers,0
114371474504.0,Male,26.0,23-26,Bachelor's degree/ advanced diploma or equivalent,Bachelor's Degree,Working full-time (contract),Service and Sales Workers,1
114371351832.0,Female,25.0,23-26,Bachelor's degree/ advanced diploma or equivalent,Bachelor's Degree,Working full-time (permanent),Professional,0
114373124078.0,Male,25.0,23-26,Diploma/ certificates or equivalent,Diploma,Working full-time (contract),Technician and Associate Professionals,0
114369572901.0,Female,33.0,32-44,Diploma/ certificates or equivalent,Diploma,Working full-time (permanent),Professional,0
114371511970.0,Male,26.0,23-26,Bachelor's degree/ advanced diploma or equivalent,Bachelor's Degree,Working full-time (permanent),Professional,0
114367379064.0,Female,30.0,27-31,Diploma/ certificates or equivalent,Diploma,Working full-time (permanent),Professional,0
114371455217.0,Male,25.0,23-26,Bachelor's degree/ advanced diploma or equivalent,Bachelor's Degree,Working full-time (permanent),Managers,0
114371919085.0,Male,23.0,23-26,Bachelor's degree/ advanced diploma or equivalent,Bachelor's Degree,Working full-time (permanent),Managers,0
114348512147.0,Male,38.0,32-44,Bachelor's degree/ advanced diploma or equivalent,Bachelor's Degree,Working full-time (contract),Professional,0
114371454449.0,Female,29.0,27-31,Bachelor's degree/ advanced diploma or equivalent,Bachelor's Degree,Working full-time (permanent),Professional,0
114371458330.0,Female,34.0,32-44,Diploma/ certificates or equivalent,Diploma,Working full-time (permanent),Managers,0
114371435280.0,Female,23.0,23-26,Bachelor's degree/ advanced diploma or equivalent,Bachelor's Degree,Working full-time (permanent),Clerical Support Workers,1
114362433695.0,Male,30.0,27-31,Bachelor's degree/ advanced diploma or equivalent,Bachelor's Degree,Working full-time (permanent),Technician and Associate Professionals,0
114371413470.0,Female,27.0,27-31,Bachelor's degree/ advanced diploma or equivalent,Bachelor's Degree,Working full-time (permanent),Professional,0
114371476587.0,Female,37.0,32-44,Bachelor's degree/ advanced diploma or equivalent,Bachelor's Degree,Working full-time (permanent),Professional,0
114371476515.0,Male,28.0,27-31,Bachelor's degree/ advanced diploma or equivalent,Bachelor's Degree,Working full-time (permanent),Managers,0
114371462443.0,Male,26.0,23-26,Diploma/ certificates or equivalent,Diploma,Working full-time (permanent),Technician and Associate Professionals,0
114347773694.0,Female,28.0,27-31,Bachelor's degree/ advanced diploma or equivalent,Bachelor's Degree,Working full-time (permanent),Professional,0
114371453367.0,Female,35.0,32-44,Diploma/ certificates or equivalent,Diploma,Working full-time (permanent),Managers,0
114376525135.0,Female,35.0,32-44,Diploma/ certificates or equivalent,Diploma,Working full-time (permanent),Clerical Support Workers,1
114371453214.0,Male,35.0,32-44,Diploma/ certificates or equivalent,Diploma,Working full-time (permanent),"Skilled Agriculture, Forestry, Livestock and Fishery Workers",1
114371422620.0,Female,30.0,27-31,Bachelor's degree/ advanced diploma or equivalent,Bachelor's Degree,Working part-time (contract),Managers,0
114347737732.0,Male,27.0,27-31,Bachelor's degree/ advanced diploma or equivalent,Bachelor's Degree,Working full-time (contract),Professional,0
114326260216.0,Female,26.0,23-26,Bachelor's degree/ advanced diploma or equivalent,Bachelor's Degree,Working full-time (permanent),Professional,0
114371529388.0,Male,30.0,27-31,Diploma/ certificates or equivalent,Diploma,Working full-time (contract),Technician and Associate Professionals,0
114371525056.0,Male,24.0,23-26,Diploma/ certificates or equivalent,Diploma,Working full-time (permanent),Managers,0
114369749119.0,Male,34.0,32-44,Bachelor's degree/ advanced diploma or equivalent,Bachelor's Degree,Working full-time (permanent),Professional,0
114371478717.0,Female,23.0,23-26,Diploma/ certificates or equivalent,Diploma,Working full-time (permanent),Plant and Machine Operators and Assemblers,1
114346320006.0,Male,32.0,32-44,Diploma/ certificates or equivalent,Diploma,Working full-time (permanent),Professional,0
114371291938.0,Female,33.0,32-44,Diploma/ certificates or equivalent,Diploma,Working full-time (permanent),Professional,0
114347702094.0,Male,30.0,27-31,Bachelor's degree/ advanced diploma or equivalent,Bachelor's Degree,Working full-time (permanent),Professional,0
114347747577.0,Male,28.0,27-31,Diploma/ certificates or equivalent,Diploma,Working full-time (permanent),Plant and Machine Operators and Assemblers,1
114369803428.0,Male,33.0,32-44,Bachelor's degree/ advanced diploma or equivalent,Bachelor's Degree,Working full-time (permanent),Technician and Associate Professionals,0
114371397521.0,Male,35.0,32-44,Diploma/ certificates or equivalent,Diploma,Working full-time (permanent),Plant and Machine Operators and Assemblers,1
114370429509.0,Female,38.0,32-44,Bachelor's degree/ advanced diploma or equivalent,Bachelor's Degree,Working full-time (permanent),Professional,0
114371492410.0,Female,34.0,32-44,Diploma/ certificates or equivalent,Diploma,Working full-time (permanent),Technician and Associate Professionals,0
114371466215.0,Female,31.0,27-31,Diploma/ certificates or equivalent,Diploma,Working full-time (permanent),Professional,0
114371397083.0,Male,26.0,23-26,Diploma/ certificates or equivalent,Diploma,Working full-time (contract),Professional,0
114348495365.0,Male,35.0,32-44,Bachelor's degree/ advanced diploma or equivalent,Bachelor's Degree,Working full-time (permanent),Technician and Associate Professionals,0
114371462763.0,Female,39.0,32-44,Bachelor's degree/ advanced diploma or equivalent,Bachelor's Degree,Working full-time (permanent),Professional,0
114373029075.0,Male,27.0,27-31,Diploma/ certificates or equivalent,Diploma,Working part-time (permanent),Professional,0
114371307614.0,Female,26.0,23-26,Bachelor's degree/ advanced diploma or equivalent,Bachelor's Degree,Working full-time (permanent),Professional,0
114369676588.0,Male,33.0,32-44,Diploma/ certificates or equivalent,Diploma,Working full-time (permanent),Technician and Associate Professionals,0
114347713627.0,Female,29.0,27-31,Bachelor's degree/ advanced diploma or equivalent,Bachelor's Degree,Working full-time (contract),Professional,0
114371635420.0,Female,24.0,23-26,Bachelor's degree/ advanced diploma or equivalent,Bachelor's Degree,Working full-time (permanent),Professional,0
114371378868.0,Male,36.0,32-44,Bachelor's degree/ advanced diploma or equivalent,Bachelor's Degree,Working full-time (permanent),Technician and Associate Professionals,0
114371470679.0,Male,24.0,23-26,Bachelor's degree/ advanced diploma or equivalent,Bachelor's Degree,Working full-time (permanent),Professional,0
114371466236.0,Male,23.0,23-26,Bachelor's degree/ advanced diploma or equivalent,Bachelor's Degree,Working full-time (permanent),Technician and Associate Professionals,0
114360625341.0,Male,28.0,27-31,Diploma/ certificates or equivalent,Diploma,Working full-time (contract),Technician and Associate Professionals,0
114371432889.0,Female,38.0,32-44,Bachelor's degree/ advanced diploma or equivalent,Bachelor's Degree,Working part-time (permanent),Managers,0
114371501312.0,Male,31.0,27-31,Bachelor's degree/ advanced diploma or equivalent,Bachelor's Degree,Working full-time (permanent),Professional,0
114371450418.0,Female,41.0,32-44,Diploma/ certificates or equivalent,Diploma,Working full-time (permanent),Clerical Support Workers,1
114328076245.0,Female,29.0,27-31,Bachelor's degree/ advanced diploma or equivalent,Bachelor's Degree,Working full-time (permanent),Professional,0
114372346914.0,Female,34.0,32-44,Diploma/ certificates or equivalent,Diploma,Working full-time (permanent),Managers,0
114371479817.0,Female,23.0,23-26,Bachelor's degree/ advanced diploma or equivalent,Bachelor's Degree,Working full-time (contract),Professional,0
114371500306.0,Male,25.0,23-26,Bachelor's degree/ advanced diploma or equivalent,Bachelor's Degree,Working full-time (permanent),Technician and Associate Professionals,0
114359230890.0,Male,27.0,27-31,Bachelor's degree/ advanced diploma or equivalent,Bachelor's Degree,Working full-time (permanent),Technician and Associate Professionals,0
114371463723.0,Male,37.0,32-44,Bachelor's degree/ advanced diploma or equivalent,Bachelor's Degree,Working full-time (permanent),Technician and Associate Professionals,0
114360072577.0,Male,26.0,23-26,Bachelor's degree/ advanced diploma or equivalent,Bachelor's Degree,Working full-time (permanent),Technician and Associate Professionals,0
114371462103.0,Male,23.0,23-26,Diploma/ certificates or equivalent,Diploma,Working full-time (permanent),Professional,0
114371428760.0,Male,24.0,23-26,Diploma/ certificates or equivalent,Diploma,Working full-time (contract),Technician and Associate Professionals,0
114369699501.0,Female,32.0,32-44,Bachelor's degree/ advanced diploma or equivalent,Bachelor's Degree,Working full-time (permanent),Professional,0
114371394266.0,Male,28.0,27-31,Bachelor's degree/ advanced diploma or equivalent,Bachelor's Degree,Working full-time (permanent),Technician and Associate Professionals,0
114371478687.0,Male,23.0,23-26,Diploma/ certificates or equivalent,Diploma,Working full-time (permanent),Technician and Associate Professionals,0
114371293555.0,Male,27.0,27-31,Diploma/ certificates or equivalent,Diploma,Working full-time (permanent),Technician and Associate Professionals,0
114370664727.0,Male,36.0,32-44,Bachelor's degree/ advanced diploma or equivalent,Bachelor's Degree,Working full-time (permanent),Managers,0
114358813278.0,Female,28.0,27-31,Bachelor's degree/ advanced diploma or equivalent,Bachelor's Degree,Working full-time (permanent),Professional,0
114359280299.0,Female,27.0,27-31,Bachelor's degree/ advanced diploma or equivalent,Bachelor's Degree,Working full-time (contract),Professional,0
114371479755.0,Female,27.0,27-31,Bachelor's degree/ advanced diploma or equivalent,Bachelor's Degree,Working full-time (permanent),Professional,0
114371418975.0,Female,35.0,32-44,Diploma/ certificates or equivalent,Diploma,Working part-time (permanent),Technician and Associate Professionals,0
114348501336.0,Male,37.0,32-44,Bachelor's degree/ advanced diploma or equivalent,Bachelor's Degree,Working full-time (permanent),Professional,0
114371459625.0,Female,39.0,32-44,Bachelor's degree/ advanced diploma or equivalent,Bachelor's Degree,Working full-time (permanent),Professional,0
114371485332.0,Male,24.0,23-26,Bachelor's degree/ advanced diploma or equivalent,Bachelor's Degree,Working full-time (permanent),Technician and Associate Professionals,0
114348587351.0,Female,29.0,27-31,Bachelor's degree/ advanced diploma or equivalent,Bachelor's Degree,Working full-time (permanent),Professional,0
114372276835.0,Female,31.0,27-31,Diploma/ certificates or equivalent,Diploma,Working full-time (permanent),Service and Sales Workers,1
114371468463.0,Female,35.0,32-44,Diploma/ certificates or equivalent,Diploma,Working full-time (permanent),Professional,0
114358732019.0,Female,26.0,23-26,Diploma/ certificates or equivalent,Diploma,Working full-time (permanent),Technician and Associate Professionals,0
114375775759.0,Female,37.0,32-44,Bachelor's degree/ advanced diploma or equivalent,Bachelor's Degree,Working full-time (permanent),Professional,0
114371448860.0,Male,36.0,32-44,Diploma/ certificates or equivalent,Diploma,Working full-time (permanent),Professional,0
114359937810.0,Female,27.0,27-31,Bachelor's degree/ advanced diploma or equivalent,Bachelor's Degree,Working full-time (contract),Service and Sales Workers,1
114369575268.0,Female,34.0,32-44,Diploma/ certificates or equivalent,Diploma,Working full-time (permanent),Managers,0
114371468818.0,Female,29.0,27-31,Diploma/ certificates or equivalent,Diploma,Working full-time (permanent),Professional,0
114370428548.0,Male,37.0,32-44,Bachelor's degree/ advanced diploma or equivalent,Bachelor's Degree,Working full-time (permanent),Professional,0
114371311934.0,Male,29.0,27-31,Bachelor's degree/ advanced diploma or equivalent,Bachelor's Degree,Working full-time (permanent),Technician and Associate Professionals,0
114371444771.0,Female,33.0,32-44,Diploma/ certificates or equivalent,Diploma,Working full-time (permanent),Managers,0
114371465482.0,Male,30.0,27-31,Diploma/ certificates or equivalent,Diploma,Working full-time (permanent),Plant and Machine Operators and Assemblers,1
114371405341.0,Male,29.0,27-31,Diploma/ certificates or equivalent,Diploma,Working full-time (permanent),Technician and Associate Professionals,0
114372518412.0,Female,34.0,32-44,Diploma/ certificates or equivalent,Diploma,Working full-time (contract),Clerical Support Workers,1
114358721845.0,Female,29.0,27-31,Diploma/ certificates or equivalent,Diploma,Working full-time (contract),Technician and Associate Professionals,0
114371473616.0,Male,43.0,32-44,Bachelor's degree/ advanced diploma or equivalent,Bachelor's Degree,Working full-time (permanent),Service and Sales Workers,1
114371692787.0,Female,31.0,27-31,Bachelor's degree/ advanced diploma or equivalent,Bachelor's Degree,Working full-time (permanent),Professional,0
114371502877.0,Male,24.0,23-26,Bachelor's degree/ advanced diploma or equivalent,Bachelor's Degree,Working full-time (permanent),Technician and Associate Professionals,0
114375869759.0,Male,37.0,32-44,Bachelor's degree/ advanced diploma or equivalent,Bachelor's Degree,Working full-time (permanent),Managers,0
114371468153.0,Male,42.0,32-44,Bachelor's degree/ advanced diploma or equivalent,Bachelor's Degree,Working full-time (permanent),Technician and Associate Professionals,0
114371434273.0,Female,36.0,32-44,Diploma/ certificates or equivalent,Diploma,Working full-time (permanent),Technician and Associate Professionals,0
114373145960.0,Male,33.0,32-44,Diploma/ certificates or equivalent,Diploma,Working full-time (permanent),Managers,0
114371422405.0,Female,26.0,23-26,Diploma/ certificates or equivalent,Diploma,Working full-time (contract),Elementary Occupations,1
114371507320.0,Female,39.0,32-44,Bachelor's degree/ advanced diploma or equivalent,Bachelor's Degree,Working full-time (permanent),Technician and Associate Professionals,0
114371591881.0,Female,26.0,23-26,Bachelor's degree/ advanced diploma or equivalent,Bachelor's Degree,Working full-time (permanent),Professional,0
114371644383.0,Male,35.0,32-44,Bachelor's degree/ advanced diploma or equivalent,Bachelor's Degree,Working full-time (contract),Professional,0
114347716423.0,Male,26.0,23-26,Bachelor's degree/ advanced diploma or equivalent,Bachelor's Degree,Working full-time (permanent),Technician and Associate Professionals,0
114371495332.0,Female,28.0,27-31,Diploma/ certificates or equivalent,Diploma,Working full-time (permanent),Professional,0
114371437255.0,Male,35.0,32-44,Diploma/ certificates or equivalent,Diploma,Working full-time (contract),Technician and Associate Professionals,0
114371455976.0,Female,35.0,32-44,Diploma/ certificates or equivalent,Diploma,Working full-time (permanent),Elementary Occupations,1
114371456925.0,Male,37.0,32-44,Diploma/ certificates or equivalent,Diploma,Working full-time (permanent),Elementary Occupations,1
114347699714.0,Female,28.0,27-31,Bachelor's degree/ advanced diploma or equivalent,Bachelor's Degree,Working full-time (permanent),Technician and Associate Professionals,0
114371468512.0,Female,36.0,32-44,Bachelor's degree/ advanced diploma or equivalent,Bachelor's Degree,Working full-time (permanent),Clerical Support Workers,1
114373322844.0,Male,33.0,32-44,Diploma/ certificates or equivalent,Diploma,Working full-time (permanent),Clerical Support Workers,1
114371389438.0,Female,25.0,23-26,Bachelor's degree/ advanced diploma or equivalent,Bachelor's Degree,Working full-time (contract),Professional,0
114347704829.0,Male,29.0,27-31,Bachelor's degree/ advanced diploma or equivalent,Bachelor's Degree,Working full-time (permanent),Technician and Associate Professionals,0
114371474036.0,Female,39.0,32-44,Diploma/ certificates or equivalent,Diploma,Working full-time (permanent),Technician and Associate Professionals,0
114371411063.0,Male,36.0,32-44,Bachelor's degree/ advanced diploma or equivalent,Bachelor's Degree,Working full-time (permanent),Technician and Associate Professionals,0
114347712722.0,Male,31.0,27-31,Bachelor's degree/ advanced diploma or equivalent,Bachelor's Degree,Working full-time (permanent),Technician and Associate Professionals,0
114370645488.0,Female,34.0,32-44,Bachelor's degree/ advanced diploma or equivalent,Bachelor's Degree,Working full-time (permanent),Professional,0
114372135365.0,Female,30.0,27-31,Diploma/ certificates or equivalent,Diploma,Working full-time (permanent),Elementary Occupations,1
114326267695.0,Female,27.0,27-31,Bachelor's degree/ advanced diploma or equivalent,Bachelor's Degree,Working full-time (permanent),Professional,0
114371459158.0,Female,27.0,27-31,Bachelor's degree/ advanced diploma or equivalent,Bachelor's Degree,Working full-time (contract),Elementary Occupations,1
114371467184.0,Male,31.0,27-31,Diploma/ certificates or equivalent,Diploma,Working full-time (contract),Clerical Support Workers,1
114371450789.0,Female,26.0,23-26,Bachelor's degree/ advanced diploma or equivalent,Bachelor's Degree,Working full-time (contract),Managers,0
114371441626.0,Male,27.0,27-31,Bachelor's degree/ advanced diploma or equivalent,Bachelor's Degree,Working full-time (permanent),Managers,0
114371552690.0,Male,36.0,32-44,Bachelor's degree/ advanced diploma or equivalent,Bachelor's Degree,Working full-time (permanent),Technician and Associate Professionals,0
114371488613.0,Female,29.0,27-31,Diploma/ certificates or equivalent,Diploma,Working full-time (permanent),Clerical Support Workers,1
114371481667.0,Male,36.0,32-44,Bachelor's degree/ advanced diploma or equivalent,Bachelor's Degree,Working full-time (permanent),Technician and Associate Professionals,0
114371436123.0,Female,36.0,32-44,Bachelor's degree/ advanced diploma or equivalent,Bachelor's Degree,Working full-time (permanent),Professional,0
114358988231.0,Female,26.0,23-26,Bachelor's degree/ advanced diploma or equivalent,Bachelor's Degree,Working full-time (contract),Technician and Associate Professionals,0
114371456327.0,Female,38.0,32-44,Bachelor's degree/ advanced diploma or equivalent,Bachelor's Degree,Working full-time (permanent),Clerical Support Workers,1
114371455132.0,Female,37.0,32-44,Diploma/ certificates or equivalent,Diploma,Working full-time (permanent),Professional,0
114371457919.0,Female,28.0,27-31,Bachelor's degree/ advanced diploma or equivalent,Bachelor's Degree,Working full-time (permanent),Clerical Support Workers,1
114369720762.0,Female,33.0,32-44,Bachelor's degree/ advanced diploma or equivalent,Bachelor's Degree,Working full-time (permanent),Professional,0
114371477368.0,Female,33.0,32-44,Bachelor's degree/ advanced diploma or equivalent,Bachelor's Degree,Working full-time (permanent),Clerical Support Workers,1
114371494117.0,Female,31.0,27-31,Bachelor's degree/ advanced diploma or equivalent,Bachelor's Degree,Working full-time (permanent),Plant and Machine Operators and Assemblers,1
114359310550.0,Female,35.0,32-44,Bachelor's degree/ advanced diploma or equivalent,Bachelor's Degree,Working part-time (contract),"Skilled Agriculture, Forestry, Livestock and Fishery Workers",1
114371402230.0,Female,33.0,32-44,Diploma/ certificates or equivalent,Diploma,Working part-time (permanent),Technician and Associate Professionals,0
114347796651.0,Male,28.0,27-31,Bachelor's degree/ advanced diploma or equivalent,Bachelor's Degree,Working full-time (permanent),Professional,0
114371399502.0,Male,33.0,32-44,Diploma/ certificates or equivalent,Diploma,Working full-time (permanent),Professional,0
114371284630.0,Male,33.0,32-44,Bachelor's degree/ advanced diploma or equivalent,Bachelor's Degree,Working full-time (permanent),Clerical Support Workers,1
114371310786.0,Female,37.0,32-44,Bachelor's degree/ advanced diploma or equivalent,Bachelor's Degree,Working full-time (permanent),Managers,0
114371385798.0,Male,39.0,32-44,Bachelor's degree/ advanced diploma or equivalent,Bachelor's Degree,Working full-time (permanent),Managers,0
114371393014.0,Male,29.0,27-31,Bachelor's degree/ advanced diploma or equivalent,Bachelor's Degree,Working full-time (permanent),Managers,0
114358717123.0,Female,29.0,27-31,Bachelor's degree/ advanced diploma or equivalent,Bachelor's Degree,Working full-time (permanent),Technician and Associate Professionals,0
114358756660.0,Female,30.0,27-31,Bachelor's degree/ advanced diploma or equivalent,Bachelor's Degree,Working full-time (permanent),Technician and Associate Professionals,0
114371480113.0,Female,33.0,32-44,Diploma/ certificates or equivalent,Diploma,Working full-time (permanent),Managers,0
114371482199.0,Female,29.0,27-31,Diploma/ certificates or equivalent,Diploma,Working full-time (permanent),Clerical Support Workers,1
114371546559.0,Male,27.0,27-31,Diploma/ certificates or equivalent,Diploma,Working full-time (permanent),Professional,0
114371482799.0,Male,34.0,32-44,Bachelor's degree/ advanced diploma or equivalent,Bachelor's Degree,Working full-time (contract),Clerical Support Workers,1
114358720082.0,Male,29.0,27-31,Bachelor's degree/ advanced diploma or equivalent,Bachelor's Degree,Working full-time (permanent),Technician and Associate Professionals,0
114349574280.0,Female,30.0,27-31,Bachelor's degree/ advanced diploma or equivalent,Bachelor's Degree,Working full-time (contract),Managers,0
114371465271.0,Male,36.0,32-44,Diploma/ certificates or equivalent,Diploma,Working full-time (permanent),Craft and Related Trades Workers,1
114348491842.0,Male,34.0,32-44,Diploma/ certificates or equivalent,Diploma,Working full-time (permanent),Managers,0
114375651613.0,Female,34.0,32-44,Bachelor's degree/ advanced diploma or equivalent,Bachelor's Degree,Working full-time (permanent),Professional,0
114371437194.0,Female,23.0,23-26,Bachelor's degree/ advanced diploma or equivalent,Bachelor's Degree,Working full-time (permanent),Managers,0
114371454362.0,Male,37.0,32-44,Diploma/ certificates or equivalent,Diploma,Working full-time (permanent),Service and Sales Workers,1
114371467103.0,Male,23.0,23-26,Diploma/ certificates or equivalent,Diploma,Working full-time (contract),Plant and Machine Operators and Assemblers,1
114371394412.0,Female,23.0,23-26,Diploma/ certificates or equivalent,Diploma,Working full-time (permanent),Elementary Occupations,1
114371479512.0,Male,23.0,23-26,Diploma/ certificates or equivalent,Diploma,Working full-time (permanent),Managers,0
114349026802.0,Male,38.0,32-44,Diploma/ certificates or equivalent,Diploma,Working full-time (permanent),Clerical Support Workers,1
114371894351.0,Male,33.0,32-44,Diploma/ certificates or equivalent,Diploma,Working full-time (permanent),Plant and Machine Operators and Assemblers,1
114371503868.0,Female,28.0,27-31,Diploma/ certificates or equivalent,Diploma,Working full-time (permanent),Technician and Associate Professionals,0
114372470724.0,Female,24.0,23-26,Bachelor's degree/ advanced diploma or equivalent,Bachelor's Degree,Working full-time (permanent),Technician and Associate Professionals,0
114371446314.0,Male,37.0,32-44,Bachelor's degree/ advanced diploma or equivalent,Bachelor's Degree,Working full-time (permanent),Professional,0
114371514586.0,Male,27.0,27-31,Bachelor's degree/ advanced diploma or equivalent,Bachelor's Degree,Working full-time (permanent),Professional,0
114371466316.0,Male,27.0,27-31,Bachelor's degree/ advanced diploma or equivalent,Bachelor's Degree,Working full-time (permanent),Professional,0
114328280677.0,Female,26.0,23-26,Bachelor's degree/ advanced diploma or equivalent,Bachelor's Degree,Working full-time (permanent),Technician and Associate Professionals,0
114371469972.0,Female,34.0,32-44,Diploma/ certificates or equivalent,Diploma,Working full-time (permanent),Professional,0
114371477872.0,Female,25.0,23-26,Diploma/ certificates or equivalent,Diploma,Working full-time (contract),Armed forces/uniform,1
114369566169.0,Male,34.0,32-44,Bachelor's degree/ advanced diploma or equivalent,Bachelor's Degree,Working full-time (permanent),Professional,0
114371408429.0,Male,25.0,23-26,Bachelor's degree/ advanced diploma or equivalent,Bachelor's Degree,Working full-time (permanent),Professional,0
114371482729.0,Male,34.0,32-44,Bachelor's degree/ advanced diploma or equivalent,Bachelor's Degree,Working full-time (permanent),Managers,0
114375639193.0,Female,37.0,32-44,Bachelor's degree/ advanced diploma or equivalent,Bachelor's Degree,Working full-time (permanent),Technician and Associate Professionals,0
114371478060.0,Male,27.0,27-31,Diploma/ certificates or equivalent,Diploma,Working full-time (permanent),Elementary Occupations,1
114348539275.0,Female,34.0,32-44,Diploma/ certificates or equivalent,Diploma,Working part-time (permanent),Clerical Support Workers,1
114371431304.0,Male,37.0,32-44,Bachelor's degree/ advanced diploma or equivalent,Bachelor's Degree,Working full-time (permanent),Elementary Occupations,1
114326314211.0,Male,29.0,27-31,Diploma/ certificates or equivalent,Diploma,Working full-time (permanent),Professional,0
114378063434.0,Female,33.0,32-44,Diploma/ certificates or equivalent,Diploma,Working part-time (permanent),Craft and Related Trades Workers,1
114371488153.0,Female,37.0,32-44,Diploma/ certificates or equivalent,Diploma,Working full-time (permanent),Clerical Support Workers,1
114371495807.0,Male,23.0,23-26,Diploma/ certificates or equivalent,Diploma,Working full-time (contract),Service and Sales Workers,1
114371299672.0,Male,28.0,27-31,Diploma/ certificates or equivalent,Diploma,Working full-time (permanent),Technician and Associate Professionals,0
114371529868.0,Female,30.0,27-31,Diploma/ certificates or equivalent,Diploma,Working full-time (permanent),Clerical Support Workers,1
114371440129.0,Female,27.0,27-31,Diploma/ certificates or equivalent,Diploma,Working full-time (permanent),Professional,0
114369730495.0,Male,35.0,32-44,Bachelor's degree/ advanced diploma or equivalent,Bachelor's Degree,Working full-time (permanent),Professional,0
114371455023.0,Female,25.0,23-26,Bachelor's degree/ advanced diploma or equivalent,Bachelor's Degree,Working full-time (permanent),Professional,0
114358711401.0,Female,28.0,27-31,Bachelor's degree/ advanced diploma or equivalent,Bachelor's Degree,Working full-time (permanent),Technician and Associate Professionals,0
114369642514.0,Female,36.0,32-44,Bachelor's degree/ advanced diploma or equivalent,Bachelor's Degree,Working full-time (permanent),Professional,0
114371449207.0,Male,36.0,32-44,Diploma/ certificates or equivalent,Diploma,Working full-time (permanent),Technician and Associate Professionals,0
114359398754.0,Male,35.0,32-44,Bachelor's degree/ advanced diploma or equivalent,Bachelor's Degree,Working full-time (permanent),Professional,0
114347711051.0,Male,26.0,23-26,Bachelor's degree/ advanced diploma or equivalent,Bachelor's Degree,Working full-time (permanent),Managers,0
114371463340.0,Female,26.0,23-26,Diploma/ certificates or equivalent,Diploma,Working part-time (permanent),Managers,0
114371445211.0,Female,26.0,23-26,Diploma/ certificates or equivalent,Diploma,Working full-time (permanent),Professional,0
114376321886.0,Female,35.0,32-44,Bachelor's degree/ advanced diploma or equivalent,Bachelor's Degree,Working full-time (permanent),Professional,0
114369616282.0,Female,34.0,32-44,Bachelor's degree/ advanced diploma or equivalent,Bachelor's Degree,Working full-time (permanent),Professional,0
114346842503.0,Male,36.0,32-44,Bachelor's degree/ advanced diploma or equivalent,Bachelor's Degree,Working full-time (permanent),Technician and Associate Professionals,0
114371475838.0,Female,23.0,23-26,Bachelor's degree/ advanced diploma or equivalent,Bachelor's Degree,Working full-time (permanent),"Skilled Agriculture, Forestry, Livestock and Fishery Workers",1
114371477804.0,Female,31.0,27-31,Diploma/ certificates or equivalent,Diploma,Working part-time (permanent),Professional,0
114359244809.0,Female,36.0,32-44,Bachelor's degree/ advanced diploma or equivalent,Bachelor's Degree,Working full-time (permanent),Professional,0
114371471070.0,Male,33.0,32-44,Bachelor's degree/ advanced diploma or equivalent,Bachelor's Degree,Working full-time (permanent),Professional,0
114326260140.0,Female,27.0,27-31,Bachelor's degree/ advanced diploma or equivalent,Bachelor's Degree,Working full-time (permanent),Professional,0
114371477817.0,Female,33.0,32-44,Diploma/ certificates or equivalent,Diploma,Working full-time (permanent),Technician and Associate Professionals,0
114374545735.0,Female,36.0,32-44,Bachelor's degree/ advanced diploma or equivalent,Bachelor's Degree,Working full-time (permanent),Professional,0
114371325719.0,Female,37.0,32-44,Bachelor's degree/ advanced diploma or equivalent,Bachelor's Degree,Working part-time (permanent),Technician and Associate Professionals,0
114371402632.0,Male,25.0,23-26,Bachelor's degree/ advanced diploma or equivalent,Bachelor's Degree,Working full-time (permanent),Technician and Associate Professionals,0
114371311300.0,Female,27.0,27-31,Bachelor's degree/ advanced diploma or equivalent,Bachelor's Degree,Working full-time (permanent),Plant and Machine Operators and Assemblers,1
114371888872.0,Female,23.0,23-26,Bachelor's degree/ advanced diploma or equivalent,Bachelor's Degree,Working full-time (permanent),Technician and Associate Professionals,0
114358710016.0,Male,28.0,27-31,Bachelor's degree/ advanced diploma or equivalent,Bachelor's Degree,Working full-time (permanent),Technician and Associate Professionals,0
114371383750.0,Male,32.0,32-44,Bachelor's degree/ advanced diploma or equivalent,Bachelor's Degree,Working full-time (permanent),Technician and Associate Professionals,0
114371623684.0,Female,30.0,27-31,Diploma/ certificates or equivalent,Diploma,Working full-time (permanent),Managers,0
114374714073.0,Male,33.0,32-44,Diploma/ certificates or equivalent,Diploma,Working full-time (permanent),Technician and Associate Professionals,0
114371453634.0,Female,38.0,32-44,Bachelor's degree/ advanced diploma or equivalent,Bachelor's Degree,Working full-time (permanent),Professional,0
114371467906.0,Male,36.0,32-44,Diploma/ certificates or equivalent,Diploma,Working full-time (permanent),"Skilled Agriculture, Forestry, Livestock and Fishery Workers",1
114369688797.0,Male,36.0,32-44,Bachelor's degree/ advanced diploma or equivalent,Bachelor's Degree,Working full-time (permanent),Professional,0
114371470890.0,Female,25.0,23-26,Diploma/ certificates or equivalent,Diploma,Working full-time (permanent),Elementary Occupations,1
114371476921.0,Male,33.0,32-44,Bachelor's degree/ advanced diploma or equivalent,Bachelor's Degree,Working full-time (permanent),Technician and Associate Professionals,0
114371395440.0,Female,34.0,32-44,Diploma/ certificates or equivalent,Diploma,Working full-time (permanent),Clerical Support Workers,1
114370684972.0,Male,35.0,32-44,Bachelor's degree/ advanced diploma or equivalent,Bachelor's Degree,Working full-time (permanent),Managers,0
114371489141.0,Male,31.0,27-31,Diploma/ certificates or equivalent,Diploma,Working full-time (permanent),Managers,0
114371495106.0,Female,28.0,27-31,Diploma/ certificates or equivalent,Diploma,Working full-time (permanent),Clerical Support Workers,1
114371556313.0,Male,34.0,32-44,Diploma/ certificates or equivalent,Diploma,Working full-time (permanent),Professional,0
114347770194.0,Female,30.0,27-31,Diploma/ certificates or equivalent,Diploma,Working full-time (contract),Managers,0
114358707431.0,Male,27.0,27-31,Bachelor's degree/ advanced diploma or equivalent,Bachelor's Degree,Working full-time (permanent),Professional,0
114371404946.0,Female,36.0,32-44,Diploma/ certificates or equivalent,Diploma,Working full-time (permanent),Elementary Occupations,1
114371551985.0,Female,33.0,32-44,Bachelor's degree/ advanced diploma or equivalent,Bachelor's Degree,Working full-time (permanent),Clerical Support Workers,1
114358718711.0,Female,28.0,27-31,Bachelor's degree/ advanced diploma or equivalent,Bachelor's Degree,Working full-time (permanent),Clerical Support Workers,1
114347706850.0,Female,30.0,27-31,Bachelor's degree/ advanced diploma or equivalent,Bachelor's Degree,Working full-time (permanent),Clerical Support Workers,1
114374714551.0,Female,33.0,32-44,Diploma/ certificates or equivalent,Diploma,Working full-time (permanent),Technician and Associate Professionals,0
114371404091.0,Male,31.0,27-31,Diploma/ certificates or equivalent,Diploma,Working full-time (contract),Elementary Occupations,1
114371720871.0,Female,23.0,23-26,Bachelor's degree/ advanced diploma or equivalent,Bachelor's Degree,Working full-time (permanent),Professional,0
114371398758.0,Male,35.0,32-44,Diploma/ certificates or equivalent,Diploma,Working full-time (permanent),Managers,0
114371729017.0,Female,37.0,32-44,Bachelor's degree/ advanced diploma or equivalent,Bachelor's Degree,Working full-time (permanent),Technician and Associate Professionals,0
114371390973.0,Female,30.0,27-31,Diploma/ certificates or equivalent,Diploma,Working full-time (permanent),Elementary Occupations,1
114347706132.0,Male,28.0,27-31,Bachelor's degree/ advanced diploma or equivalent,Bachelor's Degree,Working full-time (permanent),Professional,0
114371490566.0,Female,33.0,32-44,Diploma/ certificates or equivalent,Diploma,Working full-time (permanent),Service and Sales Workers,1
114371508448.0,Male,35.0,32-44,Bachelor's degree/ advanced diploma or equivalent,Bachelor's Degree,Working full-time (permanent),Professional,0
114371483806.0,Female,35.0,32-44,Bachelor's degree/ advanced diploma or equivalent,Bachelor's Degree,Working full-time (permanent),Professional,0
114371487428.0,Female,37.0,32-44,Bachelor's degree/ advanced diploma or equivalent,Bachelor's Degree,Working full-time (permanent),Managers,0
114371462990.0,Male,30.0,27-31,Diploma/ certificates or equivalent,Diploma,Working full-time (permanent),Technician and Associate Professionals,0
114331674170.0,Female,27.0,27-31,Diploma/ certificates or equivalent,Diploma,Working full-time (permanent),Clerical Support Workers,1
114371447357.0,Female,37.0,32-44,Diploma/ certificates or equivalent,Diploma,Working full-time (permanent),Technician and Associate Professionals,0
114371438535.0,Male,37.0,32-44,Diploma/ certificates or equivalent,Diploma,Working full-time (permanent),Professional,0
114371511713.0,Female,35.0,32-44,Bachelor's degree/ advanced diploma or equivalent,Bachelor's Degree,Working full-time (permanent),Professional,0
114348451322.0,Female,37.0,32-44,Diploma/ certificates or equivalent,Diploma,Working full-time (permanent),Technician and Associate Professionals,0
114371449784.0,Female,23.0,23-26,Diploma/ certificates or equivalent,Diploma,Working full-time (permanent),Professional,0
114371369132.0,Female,26.0,23-26,Bachelor's degree/ advanced diploma or equivalent,Bachelor's Degree,Working full-time (permanent),Professional,0
114369711561.0,Female,36.0,32-44,Bachelor's degree/ advanced diploma or equivalent,Bachelor's Degree,Working full-time (permanent),Professional,0
114347723767.0,Female,28.0,27-31,Diploma/ certificates or equivalent,Diploma,Working full-time (permanent),Clerical Support Workers,1
114371471367.0,Male,26.0,23-26,Bachelor's degree/ advanced diploma or equivalent,Bachelor's Degree,Working part-time (contract),Technician and Associate Professionals,0
114371541467.0,Female,25.0,23-26,Diploma/ certificates or equivalent,Diploma,Working full-time (permanent),Technician and Associate Professionals,0
114371470261.0,Female,35.0,32-44,Diploma/ certificates or equivalent,Diploma,Working part-time (permanent),Technician and Associate Professionals,0
114371473243.0,Male,44.0,32-44,Diploma/ certificates or equivalent,Diploma,Working full-time (permanent),Technician and Associate Professionals,0
114371477150.0,Female,29.0,27-31,Bachelor's degree/ advanced diploma or equivalent,Bachelor's Degree,Working full-time (contract),Managers,0
114371504960.0,Female,28.0,27-31,Bachelor's degree/ advanced diploma or equivalent,Bachelor's Degree,Working full-time (permanent),Professional,0
114371554378.0,Female,34.0,32-44,Diploma/ certificates or equivalent,Diploma,Working full-time (permanent),Clerical Support Workers,1
114371787688.0,Male,26.0,23-26,Diploma/ certificates or equivalent,Diploma,Working full-time (permanent),Elementary Occupations,1
114363311995.0,Female,29.0,27-31,Bachelor's degree/ advanced diploma or equivalent,Bachelor's Degree,Working full-time (permanent),Clerical Support Workers,1
114371330688.0,Female,24.0,23-26,Bachelor's degree/ advanced diploma or equivalent,Bachelor's Degree,Working full-time (permanent),Craft and Related Trades Workers,1
114358710263.0,Male,25.0,23-26,Diploma/ certificates or equivalent,Diploma,Working full-time (permanent),Elementary Occupations,1
114371450063.0,Male,26.0,23-26,Diploma/ certificates or equivalent,Diploma,Working full-time (permanent),Technician and Associate Professionals,0
114347706630.0,Male,31.0,27-31,Bachelor's degree/ advanced diploma or equivalent,Bachelor's Degree,Working full-time (permanent),Technician and Associate Professionals,0
114371431597.0,Female,29.0,27-31,Diploma/ certificates or equivalent,Diploma,Working full-time (permanent),Technician and Associate Professionals,0
114377259179.0,Male,36.0,32-44,Bachelor's degree/ advanced diploma or equivalent,Bachelor's Degree,Working full-time (permanent),Technician and Associate Professionals,0
114371503138.0,Female,31.0,27-31,Bachelor's degree/ advanced diploma or equivalent,Bachelor's Degree,Working full-time (permanent),Clerical Support Workers,1
114371483003.0,Female,32.0,32-44,Diploma/ certificates or equivalent,Diploma,Working full-time (permanent),Technician and Associate Professionals,0
114359326903.0,Female,27.0,27-31,Diploma/ certificates or equivalent,Diploma,Working full-time (permanent),Technician and Associate Professionals,0
114348546360.0,Male,36.0,32-44,Bachelor's degree/ advanced diploma or equivalent,Bachelor's Degree,Working full-time (permanent),Professional,0
114371458072.0,Female,35.0,32-44,Bachelor's degree/ advanced diploma or equivalent,Bachelor's Degree,Working full-time (permanent),Professional,0
114371469341.0,Female,24.0,23-26,Diploma/ certificates or equivalent,Diploma,Working full-time (permanent),Technician and Associate Professionals,0
114371408908.0,Male,37.0,32-44,Diploma/ certificates or equivalent,Diploma,Working full-time (contract),Plant and Machine Operators and Assemblers,1
114371505806.0,Female,37.0,32-44,Diploma/ certificates or equivalent,Diploma,Working full-time (permanent),Professional,0
114371705633.0,Female,36.0,32-44,Bachelor's degree/ advanced diploma or equivalent,Bachelor's Degree,Working full-time (permanent),Managers,0
114359312962.0,Male,32.0,32-44,Diploma/ certificates or equivalent,Diploma,Working full-time (permanent),Professional,0
114360310371.0,Female,26.0,23-26,Bachelor's degree/ advanced diploma or equivalent,Bachelor's Degree,Working full-time (contract),Technician and Associate Professionals,0
114371466186.0,Female,28.0,27-31,Diploma/ certificates or equivalent,Diploma,Working full-time (permanent),Technician and Associate Professionals,0
114371399873.0,Male,37.0,32-44,Diploma/ certificates or equivalent,Diploma,Working full-time (permanent),Elementary Occupations,1
114371473697.0,Female,23.0,23-26,Bachelor's degree/ advanced diploma or equivalent,Bachelor's Degree,Working full-time (permanent),Managers,0
114371605126.0,Female,36.0,32-44,Bachelor's degree/ advanced diploma or equivalent,Bachelor's Degree,Working full-time (permanent),Technician and Associate Professionals,0
114371461028.0,Male,36.0,32-44,Bachelor's degree/ advanced diploma or equivalent,Bachelor's Degree,Working full-time (permanent),Professional,0
114326263441.0,Male,26.0,23-26,Diploma/ certificates or equivalent,Diploma,Working full-time (permanent),Professional,0
114337181917.0,Male,29.0,27-31,Bachelor's degree/ advanced diploma or equivalent,Bachelor's Degree,Working full-time (permanent),Professional,0
114371395805.0,Female,26.0,23-26,Diploma/ certificates or equivalent,Diploma,Working full-time (contract),Plant and Machine Operators and Assemblers,1
114371466174.0,Female,32.0,32-44,Diploma/ certificates or equivalent,Diploma,Working full-time (contract),Technician and Associate Professionals,0
114371474169.0,Female,27.0,27-31,Diploma/ certificates or equivalent,Diploma,Working full-time (permanent),Technician and Associate Professionals,0
114371470436.0,Male,33.0,32-44,Diploma/ certificates or equivalent,Diploma,Working full-time (permanent),Clerical Support Workers,1
114371490292.0,Female,37.0,32-44,Diploma/ certificates or equivalent,Diploma,Working full-time (permanent),Technician and Associate Professionals,0
114358814481.0,Male,31.0,27-31,Bachelor's degree/ advanced diploma or equivalent,Bachelor's Degree,Working full-time (permanent),Professional,0
114371508592.0,Female,26.0,23-26,Diploma/ certificates or equivalent,Diploma,Working full-time (permanent),Managers,0
114371465525.0,Female,33.0,32-44,Diploma/ certificates or equivalent,Diploma,Working full-time (permanent),Managers,0
114371449411.0,Female,25.0,23-26,Diploma/ certificates or equivalent,Diploma,Working full-time (permanent),Elementary Occupations,1
114371387601.0,Male,37.0,32-44,Bachelor's degree/ advanced diploma or equivalent,Bachelor's Degree,Working full-time (permanent),Technician and Associate Professionals,0
114371448690.0,Female,37.0,32-44,Bachelor's degree/ advanced diploma or equivalent,Bachelor's Degree,Working full-time (permanent),Technician and Associate Professionals,0
114369663728.0,Female,33.0,32-44,Diploma/ certificates or equivalent,Diploma,Working full-time (permanent),Professional,0
114371468497.0,Female,29.0,27-31,Diploma/ certificates or equivalent,Diploma,Working full-time (permanent),Professional,0
114327391472.0,Male,27.0,27-31,Diploma/ certificates or equivalent,Diploma,Working full-time (contract),Service and Sales Workers,1
114359899284.0,Female,28.0,27-31,Diploma/ certificates or equivalent,Diploma,Working full-time (permanent),Technician and Associate Professionals,0
114369734161.0,Female,33.0,32-44,Bachelor's degree/ advanced diploma or equivalent,Bachelor's Degree,Working full-time (permanent),Technician and Associate Professionals,0
114371479076.0,Male,29.0,27-31,Bachelor's degree/ advanced diploma or equivalent,Bachelor's Degree,Working full-time (contract),Professional,0
114371440372.0,Female,33.0,32-44,Diploma/ certificates or equivalent,Diploma,Working part-time (permanent),Plant and Machine Operators and Assemblers,1
114371324362.0,Male,33.0,32-44,Bachelor's degree/ advanced diploma or equivalent,Bachelor's Degree,Working full-time (permanent),Managers,0
114371508525.0,Male,39.0,32-44,Diploma/ certificates or equivalent,Diploma,Working full-time (permanent),Technician and Associate Professionals,0
114381514437.0,Male,35.0,32-44,Diploma/ certificates or equivalent,Diploma,Working full-time (permanent),Technician and Associate Professionals,0
114346951741.0,Female,35.0,32-44,Bachelor's degree/ advanced diploma or equivalent,Bachelor's Degree,Working full-time (permanent),Professional,0
114371465396.0,Female,33.0,32-44,Bachelor's degree/ advanced diploma or equivalent,Bachelor's Degree,Working part-time (permanent),Elementary Occupations,1
114371517736.0,Female,32.0,32-44,Diploma/ certificates or equivalent,Diploma,Working full-time (permanent),Clerical Support Workers,1
114371465253.0,Female,32.0,32-44,Diploma/ certificates or equivalent,Diploma,Working full-time (permanent),"Skilled Agriculture, Forestry, Livestock and Fishery Workers",1
114375617552.0,Male,35.0,32-44,Bachelor's degree/ advanced diploma or equivalent,Bachelor's Degree,Working full-time (permanent),Professional,0
114371454492.0,Female,29.0,27-31,Diploma/ certificates or equivalent,Diploma,Working full-time (permanent),Technician and Associate Professionals,0
114348666028.0,Female,36.0,32-44,Bachelor's degree/ advanced diploma or equivalent,Bachelor's Degree,Working full-time (permanent),Managers,0
114372154566.0,Male,34.0,32-44,Diploma/ certificates or equivalent,Diploma,Working full-time (permanent),Technician and Associate Professionals,0
114369970076.0,Male,38.0,32-44,Bachelor's degree/ advanced diploma or equivalent,Bachelor's Degree,Working full-time (permanent),Professional,0
114371473054.0,Female,27.0,27-31,Diploma/ certificates or equivalent,Diploma,Working full-time (permanent),Professional,0
114371454075.0,Male,30.0,27-31,Bachelor's degree/ advanced diploma or equivalent,Bachelor's Degree,Working full-time (permanent),Craft and Related Trades Workers,1
114347789872.0,Female,27.0,27-31,Bachelor's degree/ advanced diploma or equivalent,Bachelor's Degree,Working full-time (permanent),Professional,0
114371487744.0,Female,32.0,32-44,Bachelor's degree/ advanced diploma or equivalent,Bachelor's Degree,Working full-time (contract),Managers,0
114347741310.0,Male,31.0,27-31,Bachelor's degree/ advanced diploma or equivalent,Bachelor's Degree,Working full-time (permanent),Technician and Associate Professionals,0
114348715269.0,Male,27.0,27-31,Bachelor's degree/ advanced diploma or equivalent,Bachelor's Degree,Working full-time (contract),Technician and Associate Professionals,0
114371402353.0,Female,33.0,32-44,Diploma/ certificates or equivalent,Diploma,Working full-time (permanent),Professional,0
114347720137.0,Male,28.0,27-31,Bachelor's degree/ advanced diploma or equivalent,Bachelor's Degree,Working full-time (permanent),Professional,0
114346993156.0,Female,28.0,27-31,Bachelor's degree/ advanced diploma or equivalent,Bachelor's Degree,Working full-time (permanent),Professional,0
114361603074.0,Female,28.0,27-31,Bachelor's degree/ advanced diploma or equivalent,Bachelor's Degree,Working full-time (permanent),Professional,0
114371466112.0,Male,34.0,32-44,Diploma/ certificates or equivalent,Diploma,Working full-time (permanent),Professional,0
114371496466.0,Male,26.0,23-26,Diploma/ certificates or equivalent,Diploma,Working full-time (permanent),Service and Sales Workers,1
114371562397.0,Male,25.0,23-26,Bachelor's degree/ advanced diploma or equivalent,Bachelor's Degree,Working full-time (permanent),Craft and Related Trades Workers,1
114372127530.0,Male,33.0,32-44,Bachelor's degree/ advanced diploma or equivalent,Bachelor's Degree,Working full-time (permanent),Professional,0
114371468065.0,Female,25.0,23-26,Diploma/ certificates or equivalent,Diploma,Working full-time (contract),Managers,0
114371445318.0,Male,33.0,32-44,Diploma/ certificates or equivalent,Diploma,Working full-time (contract),Professional,0
114348023298.0,Female,29.0,27-31,Diploma/ certificates or equivalent,Diploma,Working full-time (permanent),Technician and Associate Professionals,0
114347726991.0,Male,27.0,27-31,Bachelor's degree/ advanced diploma or equivalent,Bachelor's Degree,Working full-time (contract),Professional,0
114347249272.0,Male,38.0,32-44,Bachelor's degree/ advanced diploma or equivalent,Bachelor's Degree,Working full-time (permanent),Professional,0
114371442431.0,Female,23.0,23-26,Diploma/ certificates or equivalent,Diploma,Working full-time (contract),Technician and Associate Professionals,0
114346122694.0,Male,25.0,23-26,Bachelor's degree/ advanced diploma or equivalent,Bachelor's Degree,Working full-time (permanent),Professional,0
114371337897.0,Male,26.0,23-26,Bachelor's degree/ advanced diploma or equivalent,Bachelor's Degree,Working full-time (permanent),Plant and Machine Operators and Assemblers,1
114371462197.0,Female,35.0,32-44,Diploma/ certificates or equivalent,Diploma,Working full-time (permanent),Craft and Related Trades Workers,1
114378139962.0,Male,36.0,32-44,Bachelor's degree/ advanced diploma or equivalent,Bachelor's Degree,Working full-time (permanent),Professional,0
114371458542.0,Female,28.0,27-31,Diploma/ certificates or equivalent,Diploma,Working full-time (permanent),Service and Sales Workers,1
114373727708.0,Female,29.0,27-31,Diploma/ certificates or equivalent,Diploma,Working full-time (permanent),Elementary Occupations,1
114347750842.0,Female,30.0,27-31,Bachelor's degree/ advanced diploma or equivalent,Bachelor's Degree,Working full-time (permanent),Technician and Associate Professionals,0
114358706848.0,Male,27.0,27-31,Bachelor's degree/ advanced diploma or equivalent,Bachelor's Degree,Working full-time (permanent),Managers,0
114371469848.0,Male,36.0,32-44,Diploma/ certificates or equivalent,Diploma,Working full-time (permanent),Managers,0
114358712571.0,Female,26.0,23-26,Bachelor's degree/ advanced diploma or equivalent,Bachelor's Degree,Working full-time (contract),Professional,0
114371424449.0,Female,35.0,32-44,Bachelor's degree/ advanced diploma or equivalent,Bachelor's Degree,Working full-time (permanent),Professional,0
114347743960.0,Female,30.0,27-31,Bachelor's degree/ advanced diploma or equivalent,Bachelor's Degree,Working full-time (permanent),Professional,0
114372275726.0,Male,25.0,23-26,Diploma/ certificates or equivalent,Diploma,Working part-time (permanent),Service and Sales Workers,1
114357982768.0,Male,26.0,23-26,Bachelor's degree/ advanced diploma or equivalent,Bachelor's Degree,Working full-time (permanent),Professional,0
114371398270.0,Female,31.0,27-31,Diploma/ certificates or equivalent,Diploma,Working full-time (permanent),Elementary Occupations,1
114371467761.0,Male,31.0,27-31,Bachelor's degree/ advanced diploma or equivalent,Bachelor's Degree,Working full-time (permanent),Technician and Associate Professionals,0
114371487318.0,Female,26.0,23-26,Diploma/ certificates or equivalent,Diploma,Working full-time (permanent),Managers,0
114371303754.0,Male,43.0,32-44,Diploma/ certificates or equivalent,Diploma,Working full-time (permanent),Managers,0
114371489803.0,Male,32.0,32-44,Bachelor's degree/ advanced diploma or equivalent,Bachelor's Degree,Working full-time (permanent),Professional,0
114369725193.0,Female,33.0,32-44,Diploma/ certificates or equivalent,Diploma,Working full-time (permanent),Professional,0
114326255978.0,Female,27.0,27-31,Bachelor's degree/ advanced diploma or equivalent,Bachelor's Degree,Working full-time (contract),Professional,0
114371531494.0,Female,25.0,23-26,Diploma/ certificates or equivalent,Diploma,Working full-time (permanent),Technician and Associate Professionals,0
114371465404.0,Male,29.0,27-31,Bachelor's degree/ advanced diploma or equivalent,Bachelor's Degree,Working full-time (permanent),Professional,0
114371399595.0,Female,23.0,23-26,Bachelor's degree/ advanced diploma or equivalent,Bachelor's Degree,Working full-time (permanent),Craft and Related Trades Workers,1
114371426483.0,Male,25.0,23-26,Diploma/ certificates or equivalent,Diploma,Working part-time (contract),Elementary Occupations,1
114371473167.0,Female,41.0,32-44,Diploma/ certificates or equivalent,Diploma,Working full-time (permanent),Managers,0
114371303927.0,Male,26.0,23-26,Diploma/ certificates or equivalent,Diploma,Working full-time (permanent),Elementary Occupations,1
114371466139.0,Male,28.0,27-31,Diploma/ certificates or equivalent,Diploma,Working full-time (permanent),Technician and Associate Professionals,0
114371472829.0,Male,35.0,32-44,Diploma/ certificates or equivalent,Diploma,Working full-time (permanent),Elementary Occupations,1
114371453323.0,Female,24.0,23-26,Diploma/ certificates or equivalent,Diploma,Working full-time (permanent),Technician and Associate Professionals,0
114371540533.0,Female,38.0,32-44,Bachelor's degree/ advanced diploma or equivalent,Bachelor's Degree,Working full-time (permanent),Technician and Associate Professionals,0
114371488520.0,Female,42.0,32-44,Bachelor's degree/ advanced diploma or equivalent,Bachelor's Degree,Working full-time (permanent),Managers,0
114369733232.0,Male,35.0,32-44,Diploma/ certificates or equivalent,Diploma,Working full-time (permanent),Technician and Associate Professionals,0
114371814204.0,Female,33.0,32-44,Bachelor's degree/ advanced diploma or equivalent,Bachelor's Degree,Working full-time (contract),Managers,0
114371481076.0,Male,26.0,23-26,Bachelor's degree/ advanced diploma or equivalent,Bachelor's Degree,Working full-time (contract),Professional,0
114371459829.0,Female,34.0,32-44,Diploma/ certificates or equivalent,Diploma,Working full-time (permanent),Clerical Support Workers,1
114371458981.0,Male,38.0,32-44,Bachelor's degree/ advanced diploma or equivalent,Bachelor's Degree,Working full-time (permanent),Professional,0
114371541381.0,Female,35.0,32-44,Diploma/ certificates or equivalent,Diploma,Working full-time (permanent),Managers,0
114348003409.0,Male,27.0,27-31,Diploma/ certificates or equivalent,Diploma,Working full-time (permanent),Technician and Associate Professionals,0
114371453147.0,Female,32.0,32-44,Diploma/ certificates or equivalent,Diploma,Working full-time (permanent),Managers,0
114371489720.0,Female,24.0,23-26,Bachelor's degree/ advanced diploma or equivalent,Bachelor's Degree,Working full-time (permanent),Professional,0
114371450353.0,Male,35.0,32-44,Diploma/ certificates or equivalent,Diploma,Working full-time (permanent),Technician and Associate Professionals,0
114371765603.0,Male,27.0,27-31,Diploma/ certificates or equivalent,Diploma,Working full-time (permanent),Managers,0
114371476911.0,Male,31.0,27-31,Diploma/ certificates or equivalent,Diploma,Working full-time (permanent),Elementary Occupations,1
114375619942.0,Female,36.0,32-44,Diploma/ certificates or equivalent,Diploma,Working full-time (permanent),Technician and Associate Professionals,0
114371461540.0,Female,42.0,32-44,Bachelor's degree/ advanced diploma or equivalent,Bachelor's Degree,Working part-time (contract),Elementary Occupations,1
114359255919.0,Male,38.0,32-44,Bachelor's degree/ advanced diploma or equivalent,Bachelor's Degree,Working full-time (permanent),Professional,0
114371460177.0,Female,31.0,27-31,Diploma/ certificates or equivalent,Diploma,Working full-time (permanent),Elementary Occupations,1
114371440004.0,Female,33.0,32-44,Bachelor's degree/ advanced diploma or equivalent,Bachelor's Degree,Working full-time (contract),Elementary Occupations,1
114371395340.0,Female,35.0,32-44,Diploma/ certificates or equivalent,Diploma,Working full-time (permanent),Clerical Support Workers,1
114371421351.0,Male,30.0,27-31,Diploma/ certificates or equivalent,Diploma,Working full-time (permanent),Professional,0
114371485620.0,Male,28.0,27-31,Diploma/ certificates or equivalent,Diploma,Working full-time (contract),Managers,0
114371519456.0,Female,25.0,23-26,Diploma/ certificates or equivalent,Diploma,Working full-time (permanent),Professional,0
114370606422.0,Male,35.0,32-44,Bachelor's degree/ advanced diploma or equivalent,Bachelor's Degree,Working full-time (permanent),Technician and Associate Professionals,0
114370476110.0,Female,35.0,32-44,Bachelor's degree/ advanced diploma or equivalent,Bachelor's Degree,Working full-time (permanent),Professional,0
114358706821.0,Female,29.0,27-31,Bachelor's degree/ advanced diploma or equivalent,Bachelor's Degree,Working full-time (contract),Service and Sales Workers,1
114371491381.0,Female,33.0,32-44,Diploma/ certificates or equivalent,Diploma,Working full-time (permanent),Clerical Support Workers,1
114371473840.0,Female,24.0,23-26,Bachelor's degree/ advanced diploma or equivalent,Bachelor's Degree,Working full-time (contract),Clerical Support Workers,1
114371446048.0,Female,26.0,23-26,Bachelor's degree/ advanced diploma or equivalent,Bachelor's Degree,Working part-time (permanent),Managers,0
114371451226.0,Female,27.0,27-31,Diploma/ certificates or equivalent,Diploma,Working full-time (permanent),Professional,0
114371452121.0,Female,36.0,32-44,Diploma/ certificates or equivalent,Diploma,Working full-time (permanent),Technician and Associate Professionals,0
114376999054.0,Female,36.0,32-44,Bachelor's degree/ advanced diploma or equivalent,Bachelor's Degree,Working full-time (permanent),Professional,0
114371307618.0,Female,26.0,23-26,Bachelor's degree/ advanced diploma or equivalent,Bachelor's Degree,Working full-time (permanent),Technician and Associate Professionals,0
114371372842.0,Female,34.0,32-44,Diploma/ certificates or equivalent,Diploma,Working full-time (permanent),Managers,0
114371491866.0,Male,31.0,27-31,Diploma/ certificates or equivalent,Diploma,Working full-time (permanent),Professional,0
114348517879.0,Female,28.0,27-31,Bachelor's degree/ advanced diploma or equivalent,Bachelor's Degree,Working full-time (permanent),Managers,0
114348541574.0,Female,37.0,32-44,Bachelor's degree/ advanced diploma or equivalent,Bachelor's Degree,Working full-time (permanent),Professional,0
114347782955.0,Female,29.0,27-31,Bachelor's degree/ advanced diploma or equivalent,Bachelor's Degree,Working full-time (permanent),Clerical Support Workers,1
114371464573.0,Male,35.0,32-44,Diploma/ certificates or equivalent,Diploma,Working part-time (permanent),Craft and Related Trades Workers,1
114371491622.0,Female,26.0,23-26,Bachelor's degree/ advanced diploma or equivalent,Bachelor's Degree,Working full-time (permanent),Professional,0
114371452996.0,Male,35.0,32-44,Diploma/ certificates or equivalent,Diploma,Working full-time (permanent),Managers,0
114371416059.0,Male,33.0,32-44,Diploma/ certificates or equivalent,Diploma,Working full-time (permanent),Armed forces/uniform,1
114371510805.0,Male,35.0,32-44,Diploma/ certificates or equivalent,Diploma,Working part-time (permanent),Professional,0
114347769671.0,Female,29.0,27-31,Bachelor's degree/ advanced diploma or equivalent,Bachelor's Degree,Working full-time (contract),Elementary Occupations,1
114371418048.0,Female,36.0,32-44,Diploma/ certificates or equivalent,Diploma,Working full-time (permanent),Technician and Associate Professionals,0
114371471207.0,Female,35.0,32-44,Bachelor's degree/ advanced diploma or equivalent,Bachelor's Degree,Working full-time (permanent),Managers,0
114371475256.0,Female,38.0,32-44,Bachelor's degree/ advanced diploma or equivalent,Bachelor's Degree,Working full-time (permanent),Professional,0
114371448320.0,Female,30.0,27-31,Bachelor's degree/ advanced diploma or equivalent,Bachelor's Degree,Working full-time (permanent),Technician and Associate Professionals,0
114371475783.0,Male,25.0,23-26,Diploma/ certificates or equivalent,Diploma,Working full-time (permanent),Technician and Associate Professionals,0
114371433547.0,Female,39.0,32-44,Diploma/ certificates or equivalent,Diploma,Working full-time (contract),Technician and Associate Professionals,0
114370276934.0,Male,34.0,32-44,Bachelor's degree/ advanced diploma or equivalent,Bachelor's Degree,Working full-time (contract),Professional,0
114369653834.0,Female,34.0,32-44,Bachelor's degree/ advanced diploma or equivalent,Bachelor's Degree,Working full-time (permanent),Professional,0
114371400868.0,Female,35.0,32-44,Diploma/ certificates or equivalent,Diploma,Working full-time (permanent),Plant and Machine Operators and Assemblers,1
114371587681.0,Female,38.0,32-44,Diploma/ certificates or equivalent,Diploma,Working full-time (permanent),Professional,0
114358795855.0,Female,29.0,27-31,Bachelor's degree/ advanced diploma or equivalent,Bachelor's Degree,Working full-time (permanent),Managers,0
114369792598.0,Male,33.0,32-44,Bachelor's degree/ advanced diploma or equivalent,Bachelor's Degree,Working full-time (contract),Technician and Associate Professionals,0
114375751838.0,Male,36.0,32-44,Bachelor's degree/ advanced diploma or equivalent,Bachelor's Degree,Working full-time (permanent),Professional,0
114377644079.0,Female,27.0,27-31,Bachelor's degree/ advanced diploma or equivalent,Bachelor's Degree,Working full-time (permanent),Technician and Associate Professionals,0
114371459229.0,Female,38.0,32-44,Diploma/ certificates or equivalent,Diploma,Working full-time (permanent),Technician and Associate Professionals,0
114372903115.0,Male,26.0,23-26,Diploma/ certificates or equivalent,Diploma,Working full-time (permanent),Professional,0
114371487792.0,Male,31.0,27-31,Diploma/ certificates or equivalent,Diploma,Working full-time (permanent),Clerical Support Workers,1
114371419050.0,Female,36.0,32-44,Bachelor's degree/ advanced diploma or equivalent,Bachelor's Degree,Working full-time (permanent),Managers,0
114371400040.0,Male,35.0,32-44,Bachelor's degree/ advanced diploma or equivalent,Bachelor's Degree,Working full-time (permanent),Clerical Support Workers,1
114372424362.0,Male,29.0,27-31,Bachelor's degree/ advanced diploma or equivalent,Bachelor's Degree,Working full-time (permanent),Technician and Associate Professionals,0
114371415867.0,Male,35.0,32-44,Diploma/ certificates or equivalent,Diploma,Working full-time (permanent),Managers,0
114371473277.0,Female,30.0,27-31,Diploma/ certificates or equivalent,Diploma,Working full-time (permanent),Managers,0
114347717958.0,Male,23.0,23-26,Bachelor's degree/ advanced diploma or equivalent,Bachelor's Degree,Working full-time (contract),Professional,0
114371384870.0,Male,33.0,32-44,Bachelor's degree/ advanced diploma or equivalent,Bachelor's Degree,Working full-time (permanent),Professional,0
114371449527.0,Male,30.0,27-31,Diploma/ certificates or equivalent,Diploma,Working full-time (permanent),Managers,0
114371445231.0,Female,24.0,23-26,Diploma/ certificates or equivalent,Diploma,Working full-time (permanent),Armed forces/uniform,1
114371617233.0,Female,24.0,23-26,Diploma/ certificates or equivalent,Diploma,Working full-time (permanent),Professional,0
114371397764.0,Female,38.0,32-44,Bachelor's degree/ advanced diploma or equivalent,Bachelor's Degree,Working full-time (permanent),Armed forces/uniform,1
114371502619.0,Male,33.0,32-44,Bachelor's degree/ advanced diploma or equivalent,Bachelor's Degree,Working full-time (permanent),Professional,0
114371483304.0,Male,31.0,27-31,Bachelor's degree/ advanced diploma or equivalent,Bachelor's Degree,Working full-time (permanent),Technician and Associate Professionals,0
114348576317.0,Female,30.0,27-31,Bachelor's degree/ advanced diploma or equivalent,Bachelor's Degree,Working full-time (permanent),Managers,0
114371442814.0,Male,35.0,32-44,Diploma/ certificates or equivalent,Diploma,Working full-time (permanent),Managers,0
114371481279.0,Male,23.0,23-26,Diploma/ certificates or equivalent,Diploma,Working full-time (permanent),Technician and Associate Professionals,0
114371453373.0,Female,35.0,32-44,Diploma/ certificates or equivalent,Diploma,Working full-time (permanent),Service and Sales Workers,1
114371492920.0,Female,30.0,27-31,Diploma/ certificates or equivalent,Diploma,Working full-time (permanent),Armed forces/uniform,1
114369833516.0,Female,34.0,32-44,Bachelor's degree/ advanced diploma or equivalent,Bachelor's Degree,Working full-time (permanent),Service and Sales Workers,1
114359380944.0,Male,30.0,27-31,Bachelor's degree/ advanced diploma or equivalent,Bachelor's Degree,Working full-time (permanent),Professional,0
114371563559.0,Male,24.0,23-26,Diploma/ certificates or equivalent,Diploma,Working part-time (permanent),Professional,0
114371496195.0,Male,36.0,32-44,Diploma/ certificates or equivalent,Diploma,Working full-time (permanent),Technician and Associate Professionals,0
114371468525.0,Male,32.0,32-44,Bachelor's degree/ advanced diploma or equivalent,Bachelor's Degree,Working full-time (permanent),Professional,0
114371444365.0,Female,24.0,23-26,Diploma/ certificates or equivalent,Diploma,Working full-time (permanent),Professional,0
114371463907.0,Male,33.0,32-44,Bachelor's degree/ advanced diploma or equivalent,Bachelor's Degree,Working full-time (permanent),Professional,0
114371474196.0,Female,36.0,32-44,Bachelor's degree/ advanced diploma or equivalent,Bachelor's Degree,Working full-time (permanent),Clerical Support Workers,1
114371479166.0,Male,25.0,23-26,Diploma/ certificates or equivalent,Diploma,Working full-time (contract),Elementary Occupations,1
114371468506.0,Male,25.0,23-26,Bachelor's degree/ advanced diploma or equivalent,Bachelor's Degree,Working full-time (contract),Professional,0
114371494578.0,Male,23.0,23-26,Diploma/ certificates or equivalent,Diploma,Working full-time (permanent),Elementary Occupations,1
114371488272.0,Male,26.0,23-26,Bachelor's degree/ advanced diploma or equivalent,Bachelor's Degree,Working full-time (permanent),Professional,0
114371482420.0,Male,37.0,32-44,Diploma/ certificates or equivalent,Diploma,Working full-time (permanent),Technician and Associate Professionals,0
114371442674.0,Male,34.0,32-44,Bachelor's degree/ advanced diploma or equivalent,Bachelor's Degree,Working full-time (permanent),Managers,0
114371472624.0,Female,26.0,23-26,Diploma/ certificates or equivalent,Diploma,Working full-time (permanent),Technician and Associate Professionals,0
114371532758.0,Male,26.0,23-26,Diploma/ certificates or equivalent,Diploma,Working full-time (permanent),Technician and Associate Professionals,0
114370289672.0,Female,36.0,32-44,Bachelor's degree/ advanced diploma or equivalent,Bachelor's Degree,Working full-time (permanent),Professional,0
114371384513.0,Female,34.0,32-44,Bachelor's degree/ advanced diploma or equivalent,Bachelor's Degree,Working full-time (permanent),Technician and Associate Professionals,0
114376495343.0,Female,36.0,32-44,Diploma/ certificates or equivalent,Diploma,Working full-time (permanent),Professional,0
114371483509.0,Female,36.0,32-44,Bachelor's degree/ advanced diploma or equivalent,Bachelor's Degree,Working full-time (permanent),Managers,0
114371447824.0,Male,37.0,32-44,Diploma/ certificates or equivalent,Diploma,Working full-time (permanent),Elementary Occupations,1
114371427381.0,Female,34.0,32-44,Diploma/ certificates or equivalent,Diploma,Working full-time (permanent),Craft and Related Trades Workers,1
114371472971.0,Male,24.0,23-26,Bachelor's degree/ advanced diploma or equivalent,Bachelor's Degree,Working full-time (permanent),Service and Sales Workers,1
114371447021.0,Female,26.0,23-26,Bachelor's degree/ advanced diploma or equivalent,Bachelor's Degree,Working full-time (permanent),Service and Sales Workers,1
114371451051.0,Male,40.0,32-44,Bachelor's degree/ advanced diploma or equivalent,Bachelor's Degree,Working full-time (permanent),Professional,0
114371456353.0,Male,40.0,32-44,Bachelor's degree/ advanced diploma or equivalent,Bachelor's Degree,Working full-time (permanent),Professional,0
114371485040.0,Female,25.0,23-26,Bachelor's degree/ advanced diploma or equivalent,Bachelor's Degree,Working full-time (contract),Service and Sales Workers,1
114371516186.0,Female,36.0,32-44,Diploma/ certificates or equivalent,Diploma,Working full-time (permanent),Technician and Associate Professionals,0
114371448366.0,Female,37.0,32-44,Diploma/ certificates or equivalent,Diploma,Working full-time (permanent),Clerical Support Workers,1
114371477742.0,Female,35.0,32-44,Bachelor's degree/ advanced diploma or equivalent,Bachelor's Degree,Working full-time (permanent),Professional,0
114371572671.0,Male,25.0,23-26,Diploma/ certificates or equivalent,Diploma,Working full-time (contract),Elementary Occupations,1
114371458470.0,Male,37.0,32-44,Bachelor's degree/ advanced diploma or equivalent,Bachelor's Degree,Working full-time (permanent),Managers,0
114348092220.0,Female,25.0,23-26,Bachelor's degree/ advanced diploma or equivalent,Bachelor's Degree,Working full-time (permanent),Professional,0
114371462455.0,Male,26.0,23-26,Diploma/ certificates or equivalent,Diploma,Working full-time (permanent),Managers,0
114326259987.0,Male,28.0,27-31,Bachelor's degree/ advanced diploma or equivalent,Bachelor's Degree,Working full-time (permanent),Technician and Associate Professionals,0
114371490333.0,Female,23.0,23-26,Diploma/ certificates or equivalent,Diploma,Working full-time (permanent),Technician and Associate Professionals,0
114346948553.0,Male,27.0,27-31,Bachelor's degree/ advanced diploma or equivalent,Bachelor's Degree,Working full-time (contract),Technician and Associate Professionals,0
114371514746.0,Male,36.0,32-44,Bachelor's degree/ advanced diploma or equivalent,Bachelor's Degree,Working full-time (permanent),Managers,0
114371475097.0,Male,34.0,32-44,Bachelor's degree/ advanced diploma or equivalent,Bachelor's Degree,Working full-time (contract),Clerical Support Workers,1
114371487935.0,Female,36.0,32-44,Diploma/ certificates or equivalent,Diploma,Working full-time (permanent),Managers,0
114347819496.0,Female,27.0,27-31,Bachelor's degree/ advanced diploma or equivalent,Bachelor's Degree,Working full-time (permanent),Technician and Associate Professionals,0
114371478071.0,Male,30.0,27-31,Bachelor's degree/ advanced diploma or equivalent,Bachelor's Degree,Working full-time (permanent),Professional,0
114371585170.0,Male,39.0,32-44,Diploma/ certificates or equivalent,Diploma,Working full-time (permanent),Technician and Associate Professionals,0
114371475047.0,Male,28.0,27-31,Diploma/ certificates or equivalent,Diploma,Working full-time (permanent),Service and Sales Workers,1
114371434892.0,Female,35.0,32-44,Diploma/ certificates or equivalent,Diploma,Working full-time (permanent),Plant and Machine Operators and Assemblers,1
114371498798.0,Female,36.0,32-44,Diploma/ certificates or equivalent,Diploma,Working full-time (permanent),Clerical Support Workers,1
114371474495.0,Male,33.0,32-44,Bachelor's degree/ advanced diploma or equivalent,Bachelor's Degree,Working full-time (permanent),Managers,0
114371690617.0,Female,31.0,27-31,Bachelor's degree/ advanced diploma or equivalent,Bachelor's Degree,Working full-time (permanent),Technician and Associate Professionals,0
114358722012.0,Female,28.0,27-31,Bachelor's degree/ advanced diploma or equivalent,Bachelor's Degree,Working full-time (permanent),Managers,0
114371417289.0,Female,36.0,32-44,Diploma/ certificates or equivalent,Diploma,Working full-time (permanent),Managers,0
114371416119.0,Male,28.0,27-31,Diploma/ certificates or equivalent,Diploma,Working full-time (permanent),Professional,0
114371472060.0,Female,33.0,32-44,Bachelor's degree/ advanced diploma or equivalent,Bachelor's Degree,Working full-time (permanent),Professional,0
114348526720.0,Male,38.0,32-44,Diploma/ certificates or equivalent,Diploma,Working full-time (permanent),Technician and Associate Professionals,0
114374683351.0,Female,29.0,27-31,Diploma/ certificates or equivalent,Diploma,Working full-time (permanent),Elementary Occupations,1
114371499791.0,Female,33.0,32-44,Diploma/ certificates or equivalent,Diploma,Working full-time (permanent),Technician and Associate Professionals,0
114371482713.0,Male,34.0,32-44,Bachelor's degree/ advanced diploma or equivalent,Bachelor's Degree,Working full-time (permanent),Technician and Associate Professionals,0
114371428397.0,Male,25.0,23-26,Bachelor's degree/ advanced diploma or equivalent,Bachelor's Degree,Working full-time (permanent),Professional,0
114369704139.0,Male,33.0,32-44,Diploma/ certificates or equivalent,Diploma,Working full-time (permanent),Technician and Associate Professionals,0
114371541867.0,Male,23.0,23-26,Bachelor's degree/ advanced diploma or equivalent,Bachelor's Degree,Working full-time (permanent),Technician and Associate Professionals,0
114371455552.0,Female,31.0,27-31,Bachelor's degree/ advanced diploma or equivalent,Bachelor's Degree,Working full-time (contract),Craft and Related Trades Workers,1
114371659931.0,Female,33.0,32-44,Diploma/ certificates or equivalent,Diploma,Working full-time (permanent),Technician and Associate Professionals,0
114371450778.0,Female,33.0,32-44,Diploma/ certificates or equivalent,Diploma,Working full-time (permanent),Technician and Associate Professionals,0
114362444279.0,Female,29.0,27-31,Bachelor's degree/ advanced diploma or equivalent,Bachelor's Degree,Working full-time (permanent),Technician and Associate Professionals,0
114371516552.0,Male,29.0,27-31,Bachelor's degree/ advanced diploma or equivalent,Bachelor's Degree,Working full-time (permanent),Professional,0
114371408850.0,Male,36.0,32-44,Diploma/ certificates or equivalent,Diploma,Working full-time (permanent),Technician and Associate Professionals,0
114371489522.0,Female,33.0,32-44,Diploma/ certificates or equivalent,Diploma,Working full-time (permanent),Technician and Associate Professionals,0
114371447135.0,Male,25.0,23-26,Diploma/ certificates or equivalent,Diploma,Working part-time (permanent),Managers,0
114372134033.0,Female,32.0,32-44,Diploma/ certificates or equivalent,Diploma,Working full-time (permanent),Clerical Support Workers,1
114371492378.0,Female,29.0,27-31,Diploma/ certificates or equivalent,Diploma,Working full-time (permanent),Managers,0
114347716317.0,Female,31.0,27-31,Bachelor's degree/ advanced diploma or equivalent,Bachelor's Degree,Working full-time (permanent),Clerical Support Workers,1
114371459200.0,Male,27.0,27-31,Diploma/ certificates or equivalent,Diploma,Working full-time (contract),Managers,0
114371429124.0,Female,31.0,27-31,Diploma/ certificates or equivalent,Diploma,Working full-time (permanent),Clerical Support Workers,1
114369668858.0,Male,33.0,32-44,Diploma/ certificates or equivalent,Diploma,Working full-time (permanent),Professional,0
114358708419.0,Male,26.0,23-26,Diploma/ certificates or equivalent,Diploma,Working full-time (permanent),Clerical Support Workers,1
114358713012.0,Female,27.0,27-31,Diploma/ certificates or equivalent,Diploma,Working full-time (permanent),Clerical Support Workers,1
114371443126.0,Female,33.0,32-44,Diploma/ certificates or equivalent,Diploma,Working full-time (permanent),Professional,0
114348507202.0,Male,36.0,32-44,Bachelor's degree/ advanced diploma or equivalent,Bachelor's Degree,Working full-time (permanent),Managers,0
114371450810.0,Female,26.0,23-26,Diploma/ certificates or equivalent,Diploma,Working full-time (permanent),Technician and Associate Professionals,0
114371385396.0,Female,39.0,32-44,Diploma/ certificates or equivalent,Diploma,Working full-time (permanent),Craft and Related Trades Workers,1
114371464748.0,Female,26.0,23-26,Diploma/ certificates or equivalent,Diploma,Working full-time (permanent),Professional,0
114371468911.0,Female,25.0,23-26,Diploma/ certificates or equivalent,Diploma,Working full-time (permanent),Professional,0
114371398518.0,Male,42.0,32-44,Diploma/ certificates or equivalent,Diploma,Working full-time (permanent),Professional,0
114371456945.0,Male,36.0,32-44,Diploma/ certificates or equivalent,Diploma,Working full-time (permanent),"Skilled Agriculture, Forestry, Livestock and Fishery Workers",1
114371499247.0,Male,34.0,32-44,Bachelor's degree/ advanced diploma or equivalent,Bachelor's Degree,Working full-time (permanent),Clerical Support Workers,1
114369849545.0,Female,33.0,32-44,Bachelor's degree/ advanced diploma or equivalent,Bachelor's Degree,Working full-time (contract),Clerical Support Workers,1
114371428915.0,Male,27.0,27-31,Bachelor's degree/ advanced diploma or equivalent,Bachelor's Degree,Working full-time (permanent),Professional,0
114369680101.0,Female,32.0,32-44,Diploma/ certificates or equivalent,Diploma,Working full-time (contract),Professional,0
114347723344.0,Female,27.0,27-31,Bachelor's degree/ advanced diploma or equivalent,Bachelor's Degree,Working full-time (permanent),Professional,0
114359518957.0,Male,31.0,27-31,Bachelor's degree/ advanced diploma or equivalent,Bachelor's Degree,Working full-time (permanent),Technician and Associate Professionals,0
114347747491.0,Female,24.0,23-26,Bachelor's degree/ advanced diploma or equivalent,Bachelor's Degree,Working full-time (contract),Technician and Associate Professionals,0
114371468270.0,Female,27.0,27-31,Bachelor's degree/ advanced diploma or equivalent,Bachelor's Degree,Working full-time (permanent),Technician and Associate Professionals,0
114371475823.0,Male,29.0,27-31,Diploma/ certificates or equivalent,Diploma,Working full-time (permanent),Technician and Associate Professionals,0
114371485834.0,Female,36.0,32-44,Diploma/ certificates or equivalent,Diploma,Working full-time (permanent),Clerical Support Workers,1
114371478779.0,Female,38.0,32-44,Bachelor's degree/ advanced diploma or equivalent,Bachelor's Degree,Working full-time (permanent),Clerical Support Workers,1
114349498825.0,Female,36.0,32-44,Bachelor's degree/ advanced diploma or equivalent,Bachelor's Degree,Working full-time (permanent),Professional,0
114371468547.0,Male,37.0,32-44,Bachelor's degree/ advanced diploma or equivalent,Bachelor's Degree,Working full-time (permanent),Technician and Associate Professionals,0
114371475871.0,Male,41.0,32-44,Bachelor's degree/ advanced diploma or equivalent,Bachelor's Degree,Working full-time (permanent),Professional,0
114371448062.0,Female,37.0,32-44,Bachelor's degree/ advanced diploma or equivalent,Bachelor's Degree,Working full-time (permanent),Clerical Support Workers,1
114359379567.0,Female,36.0,32-44,Bachelor's degree/ advanced diploma or equivalent,Bachelor's Degree,Working full-time (permanent),Technician and Associate Professionals,0
114371449358.0,Female,37.0,32-44,Bachelor's degree/ advanced diploma or equivalent,Bachelor's Degree,Working full-time (permanent),Craft and Related Trades Workers,1
114360281581.0,Female,29.0,27-31,Bachelor's degree/ advanced diploma or equivalent,Bachelor's Degree,Working full-time (permanent),Professional,0
114370394113.0,Male,32.0,32-44,Bachelor's degree/ advanced diploma or equivalent,Bachelor's Degree,Working full-time (permanent),Managers,0
114371421642.0,Female,30.0,27-31,Diploma/ certificates or equivalent,Diploma,Working full-time (permanent),Managers,0
114371436328.0,Female,34.0,32-44,Diploma/ certificates or equivalent,Diploma,Working full-time (permanent),Professional,0
114371469166.0,Female,37.0,32-44,Diploma/ certificates or equivalent,Diploma,Working full-time (permanent),Professional,0
114371484222.0,Female,34.0,32-44,Diploma/ certificates or equivalent,Diploma,Working full-time (permanent),Technician and Associate Professionals,0
114371469121.0,Female,35.0,32-44,Diploma/ certificates or equivalent,Diploma,Working full-time (permanent),Professional,0
114371497250.0,Female,31.0,27-31,Diploma/ certificates or equivalent,Diploma,Working full-time (contract),Technician and Associate Professionals,0
114371454930.0,Female,35.0,32-44,Diploma/ certificates or equivalent,Diploma,Working full-time (permanent),Professional,0
114371484828.0,Female,33.0,32-44,Diploma/ certificates or equivalent,Diploma,Working full-time (contract),Technician and Associate Professionals,0
114371474586.0,Female,24.0,23-26,Bachelor's degree/ advanced diploma or equivalent,Bachelor's Degree,Working full-time (permanent),Professional,0
114371459467.0,Female,29.0,27-31,Bachelor's degree/ advanced diploma or equivalent,Bachelor's Degree,Working full-time (permanent),Technician and Associate Professionals,0
114371427130.0,Male,33.0,32-44,Diploma/ certificates or equivalent,Diploma,Working full-time (permanent),Plant and Machine Operators and Assemblers,1
114371456346.0,Male,28.0,27-31,Diploma/ certificates or equivalent,Diploma,Working full-time (permanent),Managers,0
114371484571.0,Female,37.0,32-44,Diploma/ certificates or equivalent,Diploma,Working full-time (permanent),Technician and Associate Professionals,0
114371493885.0,Male,37.0,32-44,Bachelor's degree/ advanced diploma or equivalent,Bachelor's Degree,Working full-time (permanent),Technician and Associate Professionals,0
114371467430.0,Male,23.0,23-26,Diploma/ certificates or equivalent,Diploma,Working full-time (permanent),Craft and Related Trades Workers,1
114371467548.0,Female,30.0,27-31,Bachelor's degree/ advanced diploma or equivalent,Bachelor's Degree,Working full-time (permanent),Technician and Associate Professionals,0
114371397967.0,Male,31.0,27-31,Bachelor's degree/ advanced diploma or equivalent,Bachelor's Degree,Working full-time (permanent),Managers,0
114371478170.0,Female,23.0,23-26,Bachelor's degree/ advanced diploma or equivalent,Bachelor's Degree,Working full-time (permanent),Craft and Related Trades Workers,1
114371402697.0,Male,27.0,27-31,Bachelor's degree/ advanced diploma or equivalent,Bachelor's Degree,Working part-time (permanent),Plant and Machine Operators and Assemblers,1
114371543934.0,Male,31.0,27-31,Bachelor's degree/ advanced diploma or equivalent,Bachelor's Degree,Working full-time (permanent),Professional,0
114371512127.0,Male,35.0,32-44,Bachelor's degree/ advanced diploma or equivalent,Bachelor's Degree,Working full-time (permanent),Technician and Associate Professionals,0
114369718719.0,Female,33.0,32-44,Diploma/ certificates or equivalent,Diploma,Working full-time (contract),Service and Sales Workers,1
114369905655.0,Male,33.0,32-44,Diploma/ certificates or equivalent,Diploma,Working full-time (permanent),Professional,0
114371415016.0,Female,35.0,32-44,Bachelor's degree/ advanced diploma or equivalent,Bachelor's Degree,Working full-time (permanent),Managers,0
114371456312.0,Male,26.0,23-26,Bachelor's degree/ advanced diploma or equivalent,Bachelor's Degree,Working full-time (permanent),Technician and Associate Professionals,0
114371471246.0,Male,36.0,32-44,Diploma/ certificates or equivalent,Diploma,Working full-time (permanent),Technician and Associate Professionals,0
114371509400.0,Female,28.0,27-31,Diploma/ certificates or equivalent,Diploma,Working full-time (permanent),Managers,0
114348618039.0,Male,36.0,32-44,Bachelor's degree/ advanced diploma or equivalent,Bachelor's Degree,Working full-time (permanent),Managers,0
114371446489.0,Male,25.0,23-26,Bachelor's degree/ advanced diploma or equivalent,Bachelor's Degree,Working full-time (permanent),Managers,0
114371397699.0,Male,32.0,32-44,Diploma/ certificates or equivalent,Diploma,Working full-time (permanent),Professional,0
114371458156.0,Female,28.0,27-31,Diploma/ certificates or equivalent,Diploma,Working full-time (permanent),Managers,0
114347801908.0,Female,24.0,23-26,Bachelor's degree/ advanced diploma or equivalent,Bachelor's Degree,Working full-time (contract),Professional,0
114371386189.0,Female,25.0,23-26,Bachelor's degree/ advanced diploma or equivalent,Bachelor's Degree,Working full-time (permanent),Technician and Associate Professionals,0
114347719871.0,Male,29.0,27-31,Bachelor's degree/ advanced diploma or equivalent,Bachelor's Degree,Working full-time (contract),Managers,0
114371481922.0,Male,28.0,27-31,Bachelor's degree/ advanced diploma or equivalent,Bachelor's Degree,Working full-time (permanent),Professional,0
114371413806.0,Male,28.0,27-31,Diploma/ certificates or equivalent,Diploma,Working full-time (permanent),Professional,0
114371460150.0,Male,24.0,23-26,Bachelor's degree/ advanced diploma or equivalent,Bachelor's Degree,Working full-time (permanent),Technician and Associate Professionals,0
114371460384.0,Female,36.0,32-44,Diploma/ certificates or equivalent,Diploma,Working full-time (permanent),Craft and Related Trades Workers,1
114347800960.0,Female,28.0,27-31,Bachelor's degree/ advanced diploma or equivalent,Bachelor's Degree,Working full-time (contract),Professional,0
114347394200.0,Female,28.0,27-31,Diploma/ certificates or equivalent,Diploma,Working full-time (contract),Managers,0
114371416017.0,Male,27.0,27-31,Diploma/ certificates or equivalent,Diploma,Working part-time (contract),"Skilled Agriculture, Forestry, Livestock and Fishery Workers",1
114371456333.0,Male,23.0,23-26,Bachelor's degree/ advanced diploma or equivalent,Bachelor's Degree,Working full-time (permanent),Technician and Associate Professionals,0
114371465660.0,Male,37.0,32-44,Bachelor's degree/ advanced diploma or equivalent,Bachelor's Degree,Working full-time (permanent),"Skilled Agriculture, Forestry, Livestock and Fishery Workers",1
114371477760.0,Female,27.0,27-31,Diploma/ certificates or equivalent,Diploma,Working full-time (permanent),Technician and Associate Professionals,0
114371445520.0,Female,38.0,32-44,Bachelor's degree/ advanced diploma or equivalent,Bachelor's Degree,Working full-time (permanent),Managers,0
114371457224.0,Female,30.0,27-31,Diploma/ certificates or equivalent,Diploma,Working full-time (permanent),Technician and Associate Professionals,0
114371345642.0,Male,34.0,32-44,Bachelor's degree/ advanced diploma or equivalent,Bachelor's Degree,Working full-time (permanent),Elementary Occupations,1
114371452033.0,Female,31.0,27-31,Bachelor's degree/ advanced diploma or equivalent,Bachelor's Degree,Working full-time (permanent),Professional,0
114369588035.0,Male,36.0,32-44,Bachelor's degree/ advanced diploma or equivalent,Bachelor's Degree,Working full-time (permanent),Professional,0
114371465066.0,Female,24.0,23-26,Bachelor's degree/ advanced diploma or equivalent,Bachelor's Degree,Working full-time (permanent),Managers,0
114358738951.0,Male,36.0,32-44,Bachelor's degree/ advanced diploma or equivalent,Bachelor's Degree,Working full-time (permanent),Professional,0
114373466006.0,Male,43.0,32-44,Diploma/ certificates or equivalent,Diploma,Working full-time (permanent),Managers,0
114348486208.0,Male,36.0,32-44,Bachelor's degree/ advanced diploma or equivalent,Bachelor's Degree,Working full-time (permanent),Service and Sales Workers,1
114362434137.0,Female,25.0,23-26,Diploma/ certificates or equivalent,Diploma,Working full-time (permanent),Professional,0
114370482025.0,Male,35.0,32-44,Bachelor's degree/ advanced diploma or equivalent,Bachelor's Degree,Working full-time (permanent),Managers,0
114371455114.0,Male,41.0,32-44,Bachelor's degree/ advanced diploma or equivalent,Bachelor's Degree,Working full-time (permanent),Managers,0
114371474945.0,Female,28.0,27-31,Bachelor's degree/ advanced diploma or equivalent,Bachelor's Degree,Working full-time (permanent),Professional,0
114371458438.0,Female,30.0,27-31,Diploma/ certificates or equivalent,Diploma,Working full-time (permanent),Craft and Related Trades Workers,1
114371751095.0,Female,27.0,27-31,Diploma/ certificates or equivalent,Diploma,Working full-time (contract),Professional,0
114358713202.0,Female,27.0,27-31,Diploma/ certificates or equivalent,Diploma,Working full-time (permanent),Managers,0
114371454145.0,Female,35.0,32-44,Bachelor's degree/ advanced diploma or equivalent,Bachelor's Degree,Working full-time (permanent),Professional,0
114347912603.0,Female,30.0,27-31,Diploma/ certificates or equivalent,Diploma,Working full-time (permanent),Professional,0
114371481175.0,Female,26.0,23-26,Bachelor's degree/ advanced diploma or equivalent,Bachelor's Degree,Working full-time (permanent),Professional,0
114349814917.0,Female,28.0,27-31,Bachelor's degree/ advanced diploma or equivalent,Bachelor's Degree,Working full-time (permanent),Clerical Support Workers,1
114369721212.0,Female,34.0,32-44,Bachelor's degree/ advanced diploma or equivalent,Bachelor's Degree,Working full-time (permanent),Professional,0
114371475867.0,Female,42.0,32-44,Diploma/ certificates or equivalent,Diploma,Working full-time (permanent),Clerical Support Workers,1
114371409581.0,Female,31.0,27-31,Diploma/ certificates or equivalent,Diploma,Working full-time (permanent),Craft and Related Trades Workers,1
114371467175.0,Male,29.0,27-31,Diploma/ certificates or equivalent,Diploma,Working full-time (contract),Elementary Occupations,1
114359374815.0,Female,27.0,27-31,Bachelor's degree/ advanced diploma or equivalent,Bachelor's Degree,Working full-time (permanent),Professional,0
114371465345.0,Female,30.0,27-31,Bachelor's degree/ advanced diploma or equivalent,Bachelor's Degree,Working full-time (permanent),Elementary Occupations,1
114370231634.0,Female,33.0,32-44,Bachelor's degree/ advanced diploma or equivalent,Bachelor's Degree,Working full-time (permanent),Managers,0
114373486136.0,Female,31.0,27-31,Bachelor's degree/ advanced diploma or equivalent,Bachelor's Degree,Working full-time (permanent),Managers,0
114371480459.0,Female,39.0,32-44,Diploma/ certificates or equivalent,Diploma,Working full-time (contract),Professional,0
114371482462.0,Female,27.0,27-31,Diploma/ certificates or equivalent,Diploma,Working part-time (permanent),Professional,0
114371481966.0,Female,27.0,27-31,Diploma/ certificates or equivalent,Diploma,Working full-time (contract),Service and Sales Workers,1
114372178492.0,Male,27.0,27-31,Diploma/ certificates or equivalent,Diploma,Working full-time (permanent),Managers,0
114371326147.0,Male,43.0,32-44,Bachelor's degree/ advanced diploma or equivalent,Bachelor's Degree,Working full-time (permanent),Craft and Related Trades Workers,1
114371482329.0,Male,27.0,27-31,Diploma/ certificates or equivalent,Diploma,Working full-time (permanent),Managers,0
114371598036.0,Female,28.0,27-31,Diploma/ certificates or equivalent,Diploma,Working full-time (permanent),Technician and Associate Professionals,0
114330038859.0,Male,35.0,32-44,Diploma/ certificates or equivalent,Diploma,Working full-time (permanent),Technician and Associate Professionals,0
114371455706.0,Female,28.0,27-31,Diploma/ certificates or equivalent,Diploma,Working full-time (permanent),Armed forces/uniform,1
114371501969.0,Female,26.0,23-26,Diploma/ certificates or equivalent,Diploma,Working full-time (permanent),Technician and Associate Professionals,0
114371491416.0,Female,35.0,32-44,Diploma/ certificates or equivalent,Diploma,Working full-time (contract),Clerical Support Workers,1
114371508218.0,Male,25.0,23-26,Diploma/ certificates or equivalent,Diploma,Working full-time (permanent),Professional,0
114371333670.0,Male,31.0,27-31,Diploma/ certificates or equivalent,Diploma,Working full-time (permanent),Technician and Associate Professionals,0
114350078165.0,Male,38.0,32-44,Bachelor's degree/ advanced diploma or equivalent,Bachelor's Degree,Working full-time (permanent),Professional,0
114347717299.0,Male,28.0,27-31,Bachelor's degree/ advanced diploma or equivalent,Bachelor's Degree,Working full-time (permanent),Technician and Associate Professionals,0
114371404042.0,Female,25.0,23-26,Diploma/ certificates or equivalent,Diploma,Working full-time (contract),Professional,0
114369675235.0,Male,34.0,32-44,Bachelor's degree/ advanced diploma or equivalent,Bachelor's Degree,Working full-time (permanent),Technician and Associate Professionals,0
114371421158.0,Male,32.0,32-44,Diploma/ certificates or equivalent,Diploma,Working full-time (permanent),Clerical Support Workers,1
114371455051.0,Female,28.0,27-31,Diploma/ certificates or equivalent,Diploma,Working full-time (permanent),Technician and Associate Professionals,0
114371413371.0,Female,33.0,32-44,Diploma/ certificates or equivalent,Diploma,Working full-time (permanent),Service and Sales Workers,1
114347715220.0,Female,27.0,27-31,Bachelor's degree/ advanced diploma or equivalent,Bachelor's Degree,Working full-time (permanent),Clerical Support Workers,1
114358714586.0,Female,27.0,27-31,Bachelor's degree/ advanced diploma or equivalent,Bachelor's Degree,Working full-time (permanent),Technician and Associate Professionals,0
114347972323.0,Female,30.0,27-31,Diploma/ certificates or equivalent,Diploma,Working full-time (permanent),Professional,0
114369578701.0,Male,34.0,32-44,Bachelor's degree/ advanced diploma or equivalent,Bachelor's Degree,Working full-time (permanent),Professional,0
114363510921.0,Female,23.0,23-26,Diploma/ certificates or equivalent,Diploma,Working full-time (permanent),Professional,0
114359218779.0,Male,40.0,32-44,Bachelor's degree/ advanced diploma or equivalent,Bachelor's Degree,Working full-time (contract),Professional,0
114371476622.0,Female,38.0,32-44,Bachelor's degree/ advanced diploma or equivalent,Bachelor's Degree,Working full-time (permanent),Armed forces/uniform,1
114371899574.0,Male,23.0,23-26,Diploma/ certificates or equivalent,Diploma,Working full-time (permanent),Plant and Machine Operators and Assemblers,1
114371448238.0,Female,34.0,32-44,Diploma/ certificates or equivalent,Diploma,Working full-time (permanent),Professional,0
114346877936.0,Female,38.0,32-44,Bachelor's degree/ advanced diploma or equivalent,Bachelor's Degree,Working full-time (permanent),Professional,0
114369576232.0,Male,34.0,32-44,Diploma/ certificates or equivalent,Diploma,Working full-time (permanent),Managers,0
114371440532.0,Male,38.0,32-44,Diploma/ certificates or equivalent,Diploma,Working part-time (permanent),Craft and Related Trades Workers,1
114348054996.0,Female,27.0,27-31,Bachelor's degree/ advanced diploma or equivalent,Bachelor's Degree,Working full-time (permanent),Professional,0
114371441225.0,Male,31.0,27-31,Diploma/ certificates or equivalent,Diploma,Working full-time (permanent),Clerical Support Workers,1
114378922086.0,Male,35.0,32-44,Bachelor's degree/ advanced diploma or equivalent,Bachelor's Degree,Working full-time (permanent),Professional,0
114371443392.0,Female,23.0,23-26,Diploma/ certificates or equivalent,Diploma,Working full-time (permanent),Technician and Associate Professionals,0
114371424754.0,Female,35.0,32-44,Diploma/ certificates or equivalent,Diploma,Working full-time (permanent),Craft and Related Trades Workers,1
114327138995.0,Female,27.0,27-31,Diploma/ certificates or equivalent,Diploma,Working full-time (permanent),Professional,0
114371376591.0,Female,35.0,32-44,Diploma/ certificates or equivalent,Diploma,Working full-time (permanent),Managers,0
114372153204.0,Female,34.0,32-44,Diploma/ certificates or equivalent,Diploma,Working full-time (permanent),Clerical Support Workers,1
114371472398.0,Male,40.0,32-44,Diploma/ certificates or equivalent,Diploma,Working full-time (permanent),Plant and Machine Operators and Assemblers,1
114360612645.0,Male,32.0,32-44,Bachelor's degree/ advanced diploma or equivalent,Bachelor's Degree,Working full-time (permanent),Technician and Associate Professionals,0
114371466052.0,Male,27.0,27-31,Diploma/ certificates or equivalent,Diploma,Working part-time (permanent),Professional,0
114371517083.0,Female,29.0,27-31,Bachelor's degree/ advanced diploma or equivalent,Bachelor's Degree,Working full-time (contract),Managers,0
114371454069.0,Female,35.0,32-44,Bachelor's degree/ advanced diploma or equivalent,Bachelor's Degree,Working full-time (permanent),Clerical Support Workers,1
114347753347.0,Female,30.0,27-31,Bachelor's degree/ advanced diploma or equivalent,Bachelor's Degree,Working full-time (contract),Managers,0
114371479788.0,Female,33.0,32-44,Diploma/ certificates or equivalent,Diploma,Working full-time (permanent),Managers,0
114348005744.0,Male,28.0,27-31,Bachelor's degree/ advanced diploma or equivalent,Bachelor's Degree,Working full-time (permanent),Technician and Associate Professionals,0
114347724880.0,Female,29.0,27-31,Bachelor's degree/ advanced diploma or equivalent,Bachelor's Degree,Working full-time (permanent),Managers,0
114377244155.0,Female,44.0,32-44,Bachelor's degree/ advanced diploma or equivalent,Bachelor's Degree,Working full-time (permanent),Technician and Associate Professionals,0
114347705338.0,Male,30.0,27-31,Diploma/ certificates or equivalent,Diploma,Working full-time (permanent),Professional,0
114359288914.0,Male,36.0,32-44,Diploma/ certificates or equivalent,Diploma,Working full-time (permanent),Clerical Support Workers,1
114371448691.0,Female,30.0,27-31,Bachelor's degree/ advanced diploma or equivalent,Bachelor's Degree,Working full-time (permanent),Technician and Associate Professionals,0
114371496328.0,Female,26.0,23-26,Diploma/ certificates or equivalent,Diploma,Working full-time (permanent),Technician and Associate Professionals,0
114371474422.0,Male,31.0,27-31,Diploma/ certificates or equivalent,Diploma,Working full-time (permanent),Technician and Associate Professionals,0
114371413702.0,Male,28.0,27-31,Bachelor's degree/ advanced diploma or equivalent,Bachelor's Degree,Working full-time (contract),Managers,0
114347856108.0,Male,26.0,23-26,Bachelor's degree/ advanced diploma or equivalent,Bachelor's Degree,Working full-time (permanent),Technician and Associate Professionals,0
114371508464.0,Female,24.0,23-26,Diploma/ certificates or equivalent,Diploma,Working full-time (permanent),Professional,0
114371462038.0,Female,23.0,23-26,Bachelor's degree/ advanced diploma or equivalent,Bachelor's Degree,Working full-time (permanent),Plant and Machine Operators and Assemblers,1
114371466666.0,Male,41.0,32-44,Bachelor's degree/ advanced diploma or equivalent,Bachelor's Degree,Working full-time (permanent),Managers,0
114369683446.0,Female,32.0,32-44,Diploma/ certificates or equivalent,Diploma,Working full-time (contract),Technician and Associate Professionals,0
114371489181.0,Female,27.0,27-31,Bachelor's degree/ advanced diploma or equivalent,Bachelor's Degree,Working full-time (permanent),Professional,0
114371421587.0,Female,38.0,32-44,Diploma/ certificates or equivalent,Diploma,Working full-time (permanent),Service and Sales Workers,1
114347737147.0,Female,30.0,27-31,Bachelor's degree/ advanced diploma or equivalent,Bachelor's Degree,Working full-time (contract),Managers,0
114371469357.0,Female,28.0,27-31,Bachelor's degree/ advanced diploma or equivalent,Bachelor's Degree,Working full-time (permanent),Managers,0
114371454854.0,Male,35.0,32-44,Diploma/ certificates or equivalent,Diploma,Working full-time (permanent),Elementary Occupations,1
114371489123.0,Female,32.0,32-44,Bachelor's degree/ advanced diploma or equivalent,Bachelor's Degree,Working full-time (permanent),Clerical Support Workers,1
114348231467.0,Female,27.0,27-31,Diploma/ certificates or equivalent,Diploma,Working full-time (permanent),Technician and Associate Professionals,0
114371472537.0,Female,27.0,27-31,Bachelor's degree/ advanced diploma or equivalent,Bachelor's Degree,Working full-time (permanent),Technician and Associate Professionals,0
114371507173.0,Male,33.0,32-44,Diploma/ certificates or equivalent,Diploma,Working full-time (permanent),Professional,0
114371519313.0,Male,28.0,27-31,Diploma/ certificates or equivalent,Diploma,Working full-time (permanent),Managers,0
114348545594.0,Female,38.0,32-44,Bachelor's degree/ advanced diploma or equivalent,Bachelor's Degree,Working full-time (permanent),Managers,0
114327031611.0,Female,27.0,27-31,Bachelor's degree/ advanced diploma or equivalent,Bachelor's Degree,Working full-time (contract),Managers,0
114371520707.0,Male,24.0,23-26,Diploma/ certificates or equivalent,Diploma,Working full-time (permanent),Professional,0
114371428526.0,Male,38.0,32-44,Diploma/ certificates or equivalent,Diploma,Working full-time (permanent),Craft and Related Trades Workers,1
114371304087.0,Female,37.0,32-44,Diploma/ certificates or equivalent,Diploma,Working full-time (permanent),Elementary Occupations,1
114370353513.0,Female,35.0,32-44,Bachelor's degree/ advanced diploma or equivalent,Bachelor's Degree,Working full-time (permanent),Clerical Support Workers,1
114371457403.0,Female,29.0,27-31,Diploma/ certificates or equivalent,Diploma,Working full-time (permanent),Technician and Associate Professionals,0
114371495417.0,Male,23.0,23-26,Diploma/ certificates or equivalent,Diploma,Working full-time (permanent),Plant and Machine Operators and Assemblers,1
114371435130.0,Male,32.0,32-44,Diploma/ certificates or equivalent,Diploma,Working full-time (permanent),Technician and Associate Professionals,0
114371416085.0,Male,37.0,32-44,Diploma/ certificates or equivalent,Diploma,Working full-time (permanent),Technician and Associate Professionals,0
114371427041.0,Female,23.0,23-26,Bachelor's degree/ advanced diploma or equivalent,Bachelor's Degree,Working full-time (permanent),Managers,0
114371457436.0,Female,25.0,23-26,Bachelor's degree/ advanced diploma or equivalent,Bachelor's Degree,Working full-time (permanent),"Skilled Agriculture, Forestry, Livestock and Fishery Workers",1
114359388814.0,Female,26.0,23-26,Bachelor's degree/ advanced diploma or equivalent,Bachelor's Degree,Working full-time (contract),Technician and Associate Professionals,0
114347709209.0,Female,27.0,27-31,Diploma/ certificates or equivalent,Diploma,Working full-time (permanent),Professional,0
114371497559.0,Male,36.0,32-44,Bachelor's degree/ advanced diploma or equivalent,Bachelor's Degree,Working full-time (permanent),Managers,0
114371488637.0,Male,36.0,32-44,Diploma/ certificates or equivalent,Diploma,Working full-time (permanent),Plant and Machine Operators and Assemblers,1
114369769822.0,Female,35.0,32-44,Bachelor's degree/ advanced diploma or equivalent,Bachelor's Degree,Working full-time (permanent),Technician and Associate Professionals,0
114371434821.0,Female,35.0,32-44,Bachelor's degree/ advanced diploma or equivalent,Bachelor's Degree,Working full-time (permanent),Clerical Support Workers,1
114370815921.0,Male,35.0,32-44,Bachelor's degree/ advanced diploma or equivalent,Bachelor's Degree,Working full-time (contract),Professional,0
114371459593.0,Male,30.0,27-31,Diploma/ certificates or equivalent,Diploma,Working full-time (permanent),Managers,0
114375762019.0,Female,36.0,32-44,Bachelor's degree/ advanced diploma or equivalent,Bachelor's Degree,Working full-time (permanent),Professional,0
114347708248.0,Female,29.0,27-31,Diploma/ certificates or equivalent,Diploma,Working full-time (permanent),Service and Sales Workers,1
114359525710.0,Male,28.0,27-31,Bachelor's degree/ advanced diploma or equivalent,Bachelor's Degree,Working full-time (contract),Plant and Machine Operators and Assemblers,1
114371442009.0,Male,37.0,32-44,Diploma/ certificates or equivalent,Diploma,Working full-time (permanent),Managers,0
114347723338.0,Male,34.0,32-44,Bachelor's degree/ advanced diploma or equivalent,Bachelor's Degree,Working full-time (permanent),Service and Sales Workers,1
114371400024.0,Female,33.0,32-44,Diploma/ certificates or equivalent,Diploma,Working full-time (contract),Managers,0
114371355525.0,Male,36.0,32-44,Diploma/ certificates or equivalent,Diploma,Working full-time (permanent),Plant and Machine Operators and Assemblers,1
114372784853.0,Female,27.0,27-31,Diploma/ certificates or equivalent,Diploma,Working full-time (permanent),Clerical Support Workers,1
114371477141.0,Female,34.0,32-44,Diploma/ certificates or equivalent,Diploma,Working full-time (permanent),Technician and Associate Professionals,0
114371440749.0,Female,33.0,32-44,Diploma/ certificates or equivalent,Diploma,Working full-time (permanent),Managers,0
114371469477.0,Male,28.0,27-31,Bachelor's degree/ advanced diploma or equivalent,Bachelor's Degree,Working full-time (permanent),Professional,0
114371469255.0,Male,35.0,32-44,Diploma/ certificates or equivalent,Diploma,Working full-time (permanent),Service and Sales Workers,1
114347751153.0,Female,28.0,27-31,Diploma/ certificates or equivalent,Diploma,Working full-time (contract),Professional,0
114371326036.0,Female,33.0,32-44,Diploma/ certificates or equivalent,Diploma,Working full-time (permanent),Technician and Associate Professionals,0
114371460958.0,Female,37.0,32-44,Diploma/ certificates or equivalent,Diploma,Working full-time (permanent),Technician and Associate Professionals,0
114369677499.0,Male,39.0,32-44,Bachelor's degree/ advanced diploma or equivalent,Bachelor's Degree,Working full-time (permanent),Professional,0
114369629666.0,Female,37.0,32-44,Bachelor's degree/ advanced diploma or equivalent,Bachelor's Degree,Working full-time (permanent),Technician and Associate Professionals,0
114372224485.0,Male,39.0,32-44,Diploma/ certificates or equivalent,Diploma,Working full-time (permanent),Managers,0
114372731935.0,Female,33.0,32-44,Diploma/ certificates or equivalent,Diploma,Working full-time (permanent),Professional,0
114371435720.0,Female,33.0,32-44,Bachelor's degree/ advanced diploma or equivalent,Bachelor's Degree,Working full-time (permanent),Managers,0
114347747798.0,Male,26.0,23-26,Diploma/ certificates or equivalent,Diploma,Working full-time (permanent),Clerical Support Workers,1
114369628352.0,Male,35.0,32-44,Bachelor's degree/ advanced diploma or equivalent,Bachelor's Degree,Working full-time (permanent),Professional,0
114371477836.0,Female,32.0,32-44,Diploma/ certificates or equivalent,Diploma,Working full-time (permanent),Plant and Machine Operators and Assemblers,1
114347756532.0,Male,29.0,27-31,Diploma/ certificates or equivalent,Diploma,Working full-time (permanent),Craft and Related Trades Workers,1
114371468502.0,Male,24.0,23-26,Bachelor's degree/ advanced diploma or equivalent,Bachelor's Degree,Working full-time (permanent),Professional,0
114371470520.0,Male,35.0,32-44,Diploma/ certificates or equivalent,Diploma,Working full-time (permanent),Managers,0
114371402922.0,Male,27.0,27-31,Bachelor's degree/ advanced diploma or equivalent,Bachelor's Degree,Working full-time (permanent),Armed forces/uniform,1
114358716922.0,Male,27.0,27-31,Diploma/ certificates or equivalent,Diploma,Working full-time (permanent),Elementary Occupations,1
114371353622.0,Male,36.0,32-44,Diploma/ certificates or equivalent,Diploma,Working full-time (permanent),Technician and Associate Professionals,0
114371469366.0,Female,37.0,32-44,Diploma/ certificates or equivalent,Diploma,Working full-time (permanent),Technician and Associate Professionals,0
114358762310.0,Male,28.0,27-31,Bachelor's degree/ advanced diploma or equivalent,Bachelor's Degree,Working full-time (permanent),Professional,0
114346979486.0,Male,30.0,27-31,Bachelor's degree/ advanced diploma or equivalent,Bachelor's Degree,Working full-time (permanent),Service and Sales Workers,1
114371695230.0,Female,23.0,23-26,Bachelor's degree/ advanced diploma or equivalent,Bachelor's Degree,Working full-time (contract),Managers,0
114369572633.0,Female,33.0,32-44,Diploma/ certificates or equivalent,Diploma,Working full-time (permanent),Technician and Associate Professionals,0
114371472377.0,Female,26.0,23-26,Bachelor's degree/ advanced diploma or equivalent,Bachelor's Degree,Working full-time (permanent),Professional,0
114371406285.0,Female,23.0,23-26,Bachelor's degree/ advanced diploma or equivalent,Bachelor's Degree,Working full-time (permanent),"Skilled Agriculture, Forestry, Livestock and Fishery Workers",1
114371470947.0,Male,31.0,27-31,Diploma/ certificates or equivalent,Diploma,Working full-time (permanent),Clerical Support Workers,1
114371498482.0,Female,31.0,27-31,Diploma/ certificates or equivalent,Diploma,Working full-time (contract),Professional,0
114371419459.0,Female,34.0,32-44,Bachelor's degree/ advanced diploma or equivalent,Bachelor's Degree,Working full-time (permanent),"Skilled Agriculture, Forestry, Livestock and Fishery Workers",1
114377455519.0,Female,38.0,32-44,Bachelor's degree/ advanced diploma or equivalent,Bachelor's Degree,Working full-time (permanent),Technician and Associate Professionals,0
114347768489.0,Male,38.0,32-44,Diploma/ certificates or equivalent,Diploma,Working full-time (permanent),Technician and Associate Professionals,0
114337200998.0,Female,35.0,32-44,Bachelor's degree/ advanced diploma or equivalent,Bachelor's Degree,Working full-time (permanent),Professional,0
114371473555.0,Female,26.0,23-26,Bachelor's degree/ advanced diploma or equivalent,Bachelor's Degree,Working full-time (contract),Technician and Associate Professionals,0
114359749962.0,Female,28.0,27-31,Bachelor's degree/ advanced diploma or equivalent,Bachelor's Degree,Working full-time (permanent),Professional,0
114371444368.0,Male,27.0,27-31,Diploma/ certificates or equivalent,Diploma,Working full-time (permanent),Professional,0
114370369200.0,Female,35.0,32-44,Bachelor's degree/ advanced diploma or equivalent,Bachelor's Degree,Working full-time (permanent),Technician and Associate Professionals,0
114358718349.0,Male,30.0,27-31,Bachelor's degree/ advanced diploma or equivalent,Bachelor's Degree,Working full-time (permanent),Professional,0
114347713148.0,Female,28.0,27-31,Bachelor's degree/ advanced diploma or equivalent,Bachelor's Degree,Working full-time (permanent),Managers,0
114371482627.0,Female,37.0,32-44,Bachelor's degree/ advanced diploma or equivalent,Bachelor's Degree,Working full-time (permanent),Managers,0
114371456201.0,Female,29.0,27-31,Bachelor's degree/ advanced diploma or equivalent,Bachelor's Degree,Working full-time (contract),Professional,0
114360296487.0,Female,26.0,23-26,Bachelor's degree/ advanced diploma or equivalent,Bachelor's Degree,Working full-time (contract),Professional,0
114347719138.0,Female,28.0,27-31,Diploma/ certificates or equivalent,Diploma,Working full-time (permanent),Professional,0
114358786858.0,Male,28.0,27-31,Bachelor's degree/ advanced diploma or equivalent,Bachelor's Degree,Working full-time (permanent),Managers,0
114337192446.0,Male,27.0,27-31,Diploma/ certificates or equivalent,Diploma,Working full-time (permanent),Professional,0
114347769223.0,Female,24.0,23-26,Bachelor's degree/ advanced diploma or equivalent,Bachelor's Degree,Working full-time (contract),Professional,0
114371434852.0,Male,25.0,23-26,Diploma/ certificates or equivalent,Diploma,Working full-time (permanent),Technician and Associate Professionals,0
114371381814.0,Male,35.0,32-44,Diploma/ certificates or equivalent,Diploma,Working full-time (permanent),Technician and Associate Professionals,0
114370552307.0,Male,27.0,27-31,Bachelor's degree/ advanced diploma or equivalent,Bachelor's Degree,Working full-time (permanent),Managers,0
114371481838.0,Female,34.0,32-44,Diploma/ certificates or equivalent,Diploma,Working part-time (contract),Managers,0
114371403188.0,Female,33.0,32-44,Bachelor's degree/ advanced diploma or equivalent,Bachelor's Degree,Working full-time (permanent),"Skilled Agriculture, Forestry, Livestock and Fishery Workers",1
114347703572.0,Male,25.0,23-26,Bachelor's degree/ advanced diploma or equivalent,Bachelor's Degree,Working full-time (permanent),Technician and Associate Professionals,0
114371290374.0,Male,37.0,32-44,Bachelor's degree/ advanced diploma or equivalent,Bachelor's Degree,Working full-time (permanent),Professional,0
114373094879.0,Male,24.0,23-26,Bachelor's degree/ advanced diploma or equivalent,Bachelor's Degree,Working full-time (contract),Technician and Associate Professionals,0
114371449744.0,Female,23.0,23-26,Diploma/ certificates or equivalent,Diploma,Working full-time (permanent),Professional,0
114347744469.0,Female,28.0,27-31,Bachelor's degree/ advanced diploma or equivalent,Bachelor's Degree,Working full-time (contract),Clerical Support Workers,1
114371349884.0,Male,33.0,32-44,Bachelor's degree/ advanced diploma or equivalent,Bachelor's Degree,Working full-time (permanent),Technician and Associate Professionals,0
114375867092.0,Male,41.0,32-44,Diploma/ certificates or equivalent,Diploma,Working full-time (permanent),Technician and Associate Professionals,0
114371391741.0,Female,35.0,32-44,Diploma/ certificates or equivalent,Diploma,Working full-time (contract),Managers,0
114373511382.0,Female,26.0,23-26,Diploma/ certificates or equivalent,Diploma,Working full-time (permanent),Technician and Associate Professionals,0
114371473363.0,Male,36.0,32-44,Diploma/ certificates or equivalent,Diploma,Working full-time (permanent),Managers,0
114370421945.0,Female,35.0,32-44,Bachelor's degree/ advanced diploma or equivalent,Bachelor's Degree,Working full-time (contract),Service and Sales Workers,1
114347000244.0,Female,27.0,27-31,Bachelor's degree/ advanced diploma or equivalent,Bachelor's Degree,Working full-time (permanent),Managers,0
114371479122.0,Female,35.0,32-44,Diploma/ certificates or equivalent,Diploma,Working full-time (permanent),Technician and Associate Professionals,0
114346840911.0,Male,36.0,32-44,Bachelor's degree/ advanced diploma or equivalent,Bachelor's Degree,Working full-time (permanent),Professional,0
114371491137.0,Female,33.0,32-44,Bachelor's degree/ advanced diploma or equivalent,Bachelor's Degree,Working full-time (permanent),Managers,0
114371373277.0,Female,43.0,32-44,Diploma/ certificates or equivalent,Diploma,Working full-time (contract),Elementary Occupations,1
114371500871.0,Male,37.0,32-44,Bachelor's degree/ advanced diploma or equivalent,Bachelor's Degree,Working full-time (permanent),Professional,0
114371732382.0,Female,24.0,23-26,Diploma/ certificates or equivalent,Diploma,Working full-time (permanent),Service and Sales Workers,1
114371399418.0,Female,33.0,32-44,Diploma/ certificates or equivalent,Diploma,Working full-time (permanent),Clerical Support Workers,1
114371437878.0,Female,35.0,32-44,Diploma/ certificates or equivalent,Diploma,Working full-time (permanent),Service and Sales Workers,1
114371755527.0,Female,40.0,32-44,Bachelor's degree/ advanced diploma or equivalent,Bachelor's Degree,Working full-time (permanent),Professional,0
114371419294.0,Female,36.0,32-44,Bachelor's degree/ advanced diploma or equivalent,Bachelor's Degree,Working full-time (permanent),Technician and Associate Professionals,0
114371404153.0,Female,39.0,32-44,Bachelor's degree/ advanced diploma or equivalent,Bachelor's Degree,Working full-time (permanent),Service and Sales Workers,1
114347750602.0,Female,29.0,27-31,Bachelor's degree/ advanced diploma or equivalent,Bachelor's Degree,Working full-time (contract),Professional,0
114347721020.0,Male,31.0,27-31,Bachelor's degree/ advanced diploma or equivalent,Bachelor's Degree,Working full-time (contract),Technician and Associate Professionals,0
114337266604.0,Male,26.0,23-26,Bachelor's degree/ advanced diploma or equivalent,Bachelor's Degree,Working full-time (contract),Technician and Associate Professionals,0
114371469567.0,Female,39.0,32-44,Bachelor's degree/ advanced diploma or equivalent,Bachelor's Degree,Working full-time (permanent),Professional,0
114371413853.0,Male,25.0,23-26,Bachelor's degree/ advanced diploma or equivalent,Bachelor's Degree,Working full-time (permanent),Managers,0
114371491255.0,Female,34.0,32-44,Bachelor's degree/ advanced diploma or equivalent,Bachelor's Degree,Working full-time (contract),Technician and Associate Professionals,0
114358882197.0,Female,27.0,27-31,Diploma/ certificates or equivalent,Diploma,Working full-time (contract),Managers,0
114371444229.0,Female,25.0,23-26,Diploma/ certificates or equivalent,Diploma,Working full-time (permanent),Plant and Machine Operators and Assemblers,1
114371516864.0,Female,35.0,32-44,Bachelor's degree/ advanced diploma or equivalent,Bachelor's Degree,Working full-time (permanent),Professional,0
114371310580.0,Female,37.0,32-44,Diploma/ certificates or equivalent,Diploma,Working full-time (permanent),Managers,0
114371454341.0,Female,43.0,32-44,Diploma/ certificates or equivalent,Diploma,Working full-time (contract),Managers,0
114371462663.0,Female,32.0,32-44,Diploma/ certificates or equivalent,Diploma,Working full-time (permanent),Professional,0
114371449293.0,Female,33.0,32-44,Bachelor's degree/ advanced diploma or equivalent,Bachelor's Degree,Working full-time (permanent),Managers,0
114347745914.0,Female,30.0,27-31,Diploma/ certificates or equivalent,Diploma,Working full-time (permanent),Professional,0
114371370753.0,Male,33.0,32-44,Diploma/ certificates or equivalent,Diploma,Working full-time (contract),Service and Sales Workers,1
114359278250.0,Female,42.0,32-44,Bachelor's degree/ advanced diploma or equivalent,Bachelor's Degree,Working full-time (contract),Managers,0
114371471089.0,Male,25.0,23-26,Diploma/ certificates or equivalent,Diploma,Working full-time (permanent),Professional,0
114371498516.0,Female,36.0,32-44,Bachelor's degree/ advanced diploma or equivalent,Bachelor's Degree,Working full-time (permanent),Technician and Associate Professionals,0
114371535390.0,Female,33.0,32-44,Diploma/ certificates or equivalent,Diploma,Working full-time (permanent),Managers,0
114348509859.0,Male,36.0,32-44,Diploma/ certificates or equivalent,Diploma,Working full-time (permanent),Clerical Support Workers,1
114371505088.0,Female,27.0,27-31,Diploma/ certificates or equivalent,Diploma,Working part-time (permanent),Technician and Associate Professionals,0
114371490226.0,Female,23.0,23-26,Diploma/ certificates or equivalent,Diploma,Working full-time (permanent),Clerical Support Workers,1
114371464729.0,Male,34.0,32-44,Bachelor's degree/ advanced diploma or equivalent,Bachelor's Degree,Working full-time (permanent),Technician and Associate Professionals,0
114373709926.0,Female,38.0,32-44,Bachelor's degree/ advanced diploma or equivalent,Bachelor's Degree,Working full-time (permanent),Professional,0
114371474579.0,Male,28.0,27-31,Diploma/ certificates or equivalent,Diploma,Working full-time (contract),Elementary Occupations,1
114359441030.0,Male,35.0,32-44,Diploma/ certificates or equivalent,Diploma,Working full-time (permanent),Technician and Associate Professionals,0
114371411071.0,Male,34.0,32-44,Bachelor's degree/ advanced diploma or equivalent,Bachelor's Degree,Working full-time (permanent),Technician and Associate Professionals,0
114371479534.0,Male,31.0,27-31,Bachelor's degree/ advanced diploma or equivalent,Bachelor's Degree,Working full-time (permanent),Technician and Associate Professionals,0
114371511916.0,Male,30.0,27-31,Bachelor's degree/ advanced diploma or equivalent,Bachelor's Degree,Working full-time (permanent),Professional,0
114371461050.0,Male,27.0,27-31,Diploma/ certificates or equivalent,Diploma,Working full-time (permanent),Technician and Associate Professionals,0
114369785535.0,Male,35.0,32-44,Bachelor's degree/ advanced diploma or equivalent,Bachelor's Degree,Working full-time (permanent),Professional,0
114371484700.0,Female,23.0,23-26,Diploma/ certificates or equivalent,Diploma,Working full-time (permanent),Managers,0
114371482448.0,Female,33.0,32-44,Diploma/ certificates or equivalent,Diploma,Working full-time (contract),Elementary Occupations,1
114371435273.0,Male,25.0,23-26,Bachelor's degree/ advanced diploma or equivalent,Bachelor's Degree,Working full-time (permanent),Professional,0
114371461351.0,Female,37.0,32-44,Diploma/ certificates or equivalent,Diploma,Working full-time (permanent),Service and Sales Workers,1
114371440652.0,Male,25.0,23-26,Bachelor's degree/ advanced diploma or equivalent,Bachelor's Degree,Working full-time (permanent),Professional,0
114369665491.0,Female,35.0,32-44,Bachelor's degree/ advanced diploma or equivalent,Bachelor's Degree,Working full-time (permanent),Service and Sales Workers,1
114347713027.0,Female,29.0,27-31,Bachelor's degree/ advanced diploma or equivalent,Bachelor's Degree,Working full-time (permanent),Professional,0
114373720945.0,Female,35.0,32-44,Bachelor's degree/ advanced diploma or equivalent,Bachelor's Degree,Working full-time (permanent),Professional,0
114371484807.0,Male,25.0,23-26,Diploma/ certificates or equivalent,Diploma,Working full-time (contract),Technician and Associate Professionals,0
114371340271.0,Female,35.0,32-44,Diploma/ certificates or equivalent,Diploma,Working full-time (permanent),Managers,0
114346857111.0,Male,33.0,32-44,Diploma/ certificates or equivalent,Diploma,Working full-time (permanent),Professional,0
114371465011.0,Male,41.0,32-44,Bachelor's degree/ advanced diploma or equivalent,Bachelor's Degree,Working full-time (permanent),Technician and Associate Professionals,0
114371468534.0,Male,32.0,32-44,Diploma/ certificates or equivalent,Diploma,Working full-time (permanent),Professional,0
114371640357.0,Female,37.0,32-44,Bachelor's degree/ advanced diploma or equivalent,Bachelor's Degree,Working full-time (contract),Professional,0
114359278642.0,Male,36.0,32-44,Bachelor's degree/ advanced diploma or equivalent,Bachelor's Degree,Working full-time (permanent),Professional,0
114371520440.0,Female,25.0,23-26,Diploma/ certificates or equivalent,Diploma,Working full-time (permanent),Service and Sales Workers,1
114371430514.0,Female,37.0,32-44,Diploma/ certificates or equivalent,Diploma,Working full-time (permanent),Service and Sales Workers,1
114358703811.0,Male,27.0,27-31,Diploma/ certificates or equivalent,Diploma,Working full-time (contract),Technician and Associate Professionals,0
114372628570.0,Female,33.0,32-44,Diploma/ certificates or equivalent,Diploma,Working full-time (permanent),Clerical Support Workers,1
114372516410.0,Male,24.0,23-26,Diploma/ certificates or equivalent,Diploma,Working full-time (permanent),Service and Sales Workers,1
114358708151.0,Male,29.0,27-31,Bachelor's degree/ advanced diploma or equivalent,Bachelor's Degree,Working full-time (permanent),Professional,0
114358710013.0,Male,29.0,27-31,Bachelor's degree/ advanced diploma or equivalent,Bachelor's Degree,Working full-time (permanent),Professional,0
114371664362.0,Female,27.0,27-31,Diploma/ certificates or equivalent,Diploma,Working full-time (contract),Professional,0
114371432792.0,Male,33.0,32-44,Bachelor's degree/ advanced diploma or equivalent,Bachelor's Degree,Working full-time (permanent),Professional,0
114371402319.0,Female,36.0,32-44,Bachelor's degree/ advanced diploma or equivalent,Bachelor's Degree,Working full-time (contract),Technician and Associate Professionals,0
114371381786.0,Female,24.0,23-26,Bachelor's degree/ advanced diploma or equivalent,Bachelor's Degree,Working full-time (permanent),Professional,0
114347741950.0,Male,27.0,27-31,Diploma/ certificates or equivalent,Diploma,Working full-time (permanent),Professional,0
114369656602.0,Male,36.0,32-44,Bachelor's degree/ advanced diploma or equivalent,Bachelor's Degree,Working full-time (permanent),Managers,0
114371364227.0,Male,26.0,23-26,Bachelor's degree/ advanced diploma or equivalent,Bachelor's Degree,Working full-time (permanent),Managers,0
114371670677.0,Female,29.0,27-31,Bachelor's degree/ advanced diploma or equivalent,Bachelor's Degree,Working full-time (contract),Technician and Associate Professionals,0
114371700823.0,Male,37.0,32-44,Diploma/ certificates or equivalent,Diploma,Working full-time (permanent),Professional,0
114371469326.0,Female,26.0,23-26,Diploma/ certificates or equivalent,Diploma,Working full-time (permanent),Clerical Support Workers,1
114369571946.0,Male,37.0,32-44,Bachelor's degree/ advanced diploma or equivalent,Bachelor's Degree,Working full-time (permanent),Professional,0
114371476955.0,Female,36.0,32-44,Diploma/ certificates or equivalent,Diploma,Working full-time (permanent),Service and Sales Workers,1
114348464514.0,Male,40.0,32-44,Bachelor's degree/ advanced diploma or equivalent,Bachelor's Degree,Working full-time (contract),Professional,0
114371409964.0,Female,31.0,27-31,Diploma/ certificates or equivalent,Diploma,Working full-time (permanent),Managers,0
114371396220.0,Female,33.0,32-44,Diploma/ certificates or equivalent,Diploma,Working full-time (permanent),Managers,0
114369772868.0,Male,34.0,32-44,Bachelor's degree/ advanced diploma or equivalent,Bachelor's Degree,Working full-time (permanent),Professional,0
114337641992.0,Male,35.0,32-44,Bachelor's degree/ advanced diploma or equivalent,Bachelor's Degree,Working full-time (permanent),Professional,0
114371492042.0,Female,30.0,27-31,Diploma/ certificates or equivalent,Diploma,Working full-time (permanent),Craft and Related Trades Workers,1
114371492657.0,Female,30.0,27-31,Diploma/ certificates or equivalent,Diploma,Working full-time (permanent),Technician and Associate Professionals,0
114371358248.0,Female,32.0,32-44,Diploma/ certificates or equivalent,Diploma,Working full-time (permanent),Professional,0
114369705057.0,Female,35.0,32-44,Bachelor's degree/ advanced diploma or equivalent,Bachelor's Degree,Working full-time (permanent),Professional,0
114359345614.0,Female,36.0,32-44,Bachelor's degree/ advanced diploma or equivalent,Bachelor's Degree,Working full-time (permanent),Managers,0
114371453736.0,Female,42.0,32-44,Diploma/ certificates or equivalent,Diploma,Working full-time (permanent),Managers,0
114371396981.0,Male,27.0,27-31,Diploma/ certificates or equivalent,Diploma,Working full-time (permanent),Plant and Machine Operators and Assemblers,1
114371523614.0,Male,33.0,32-44,Bachelor's degree/ advanced diploma or equivalent,Bachelor's Degree,Working full-time (contract),Managers,0
114371487162.0,Male,26.0,23-26,Bachelor's degree/ advanced diploma or equivalent,Bachelor's Degree,Working full-time (permanent),Technician and Associate Professionals,0
114371479387.0,Female,38.0,32-44,Diploma/ certificates or equivalent,Diploma,Working full-time (permanent),Managers,0
114358764670.0,Female,29.0,27-31,Diploma/ certificates or equivalent,Diploma,Working full-time (permanent),Technician and Associate Professionals,0
114371479727.0,Male,39.0,32-44,Bachelor's degree/ advanced diploma or equivalent,Bachelor's Degree,Working full-time (permanent),Managers,0
114371460338.0,Male,34.0,32-44,Diploma/ certificates or equivalent,Diploma,Working full-time (permanent),Professional,0
114371455436.0,Female,27.0,27-31,Bachelor's degree/ advanced diploma or equivalent,Bachelor's Degree,Working full-time (permanent),Professional,0
114369685101.0,Male,36.0,32-44,Bachelor's degree/ advanced diploma or equivalent,Bachelor's Degree,Working full-time (permanent),Managers,0
114337182996.0,Female,37.0,32-44,Bachelor's degree/ advanced diploma or equivalent,Bachelor's Degree,Working full-time (contract),Managers,0
114371409548.0,Female,23.0,23-26,Diploma/ certificates or equivalent,Diploma,Working full-time (permanent),Professional,0
114371411719.0,Male,35.0,32-44,Diploma/ certificates or equivalent,Diploma,Working full-time (permanent),Elementary Occupations,1
114371467303.0,Female,37.0,32-44,Bachelor's degree/ advanced diploma or equivalent,Bachelor's Degree,Working full-time (permanent),Clerical Support Workers,1
114371466233.0,Female,40.0,32-44,Bachelor's degree/ advanced diploma or equivalent,Bachelor's Degree,Working full-time (permanent),Professional,0
114371456461.0,Female,34.0,32-44,Diploma/ certificates or equivalent,Diploma,Working full-time (permanent),Professional,0
114370379134.0,Female,33.0,32-44,Bachelor's degree/ advanced diploma or equivalent,Bachelor's Degree,Working full-time (permanent),Clerical Support Workers,1
114375624563.0,Female,35.0,32-44,Diploma/ certificates or equivalent,Diploma,Working full-time (permanent),Service and Sales Workers,1
114371477929.0,Female,28.0,27-31,Diploma/ certificates or equivalent,Diploma,Working full-time (permanent),Elementary Occupations,1
114371460733.0,Male,34.0,32-44,Diploma/ certificates or equivalent,Diploma,Working full-time (permanent),Technician and Associate Professionals,0
114359601626.0,Male,40.0,32-44,Diploma/ certificates or equivalent,Diploma,Working full-time (permanent),Technician and Associate Professionals,0
114371453069.0,Female,29.0,27-31,Diploma/ certificates or equivalent,Diploma,Working full-time (permanent),Technician and Associate Professionals,0
114371349500.0,Female,32.0,32-44,Diploma/ certificates or equivalent,Diploma,Working full-time (permanent),Professional,0
114371471533.0,Female,27.0,27-31,Bachelor's degree/ advanced diploma or equivalent,Bachelor's Degree,Working full-time (permanent),Professional,0
114371458257.0,Female,35.0,32-44,Bachelor's degree/ advanced diploma or equivalent,Bachelor's Degree,Working full-time (permanent),Professional,0
114371466243.0,Male,27.0,27-31,Diploma/ certificates or equivalent,Diploma,Working full-time (permanent),Technician and Associate Professionals,0
114371468164.0,Male,27.0,27-31,Diploma/ certificates or equivalent,Diploma,Working full-time (permanent),Plant and Machine Operators and Assemblers,1
114371425535.0,Male,35.0,32-44,Diploma/ certificates or equivalent,Diploma,Working full-time (permanent),Professional,0
114371480993.0,Female,28.0,27-31,Diploma/ certificates or equivalent,Diploma,Working full-time (permanent),Professional,0
114371476044.0,Female,34.0,32-44,Bachelor's degree/ advanced diploma or equivalent,Bachelor's Degree,Working full-time (permanent),Technician and Associate Professionals,0
114371460486.0,Male,36.0,32-44,Bachelor's degree/ advanced diploma or equivalent,Bachelor's Degree,Working full-time (permanent),Managers,0
114371460836.0,Female,37.0,32-44,Diploma/ certificates or equivalent,Diploma,Working full-time (permanent),Technician and Associate Professionals,0
114371439938.0,Female,25.0,23-26,Bachelor's degree/ advanced diploma or equivalent,Bachelor's Degree,Working full-time (permanent),Clerical Support Workers,1
114371401191.0,Male,26.0,23-26,Bachelor's degree/ advanced diploma or equivalent,Bachelor's Degree,Working full-time (permanent),Professional,0
114362431706.0,Male,29.0,27-31,Bachelor's degree/ advanced diploma or equivalent,Bachelor's Degree,Working full-time (permanent),Managers,0
114371489678.0,Female,32.0,32-44,Bachelor's degree/ advanced diploma or equivalent,Bachelor's Degree,Working full-time (permanent),Professional,0
114371744807.0,Male,37.0,32-44,Bachelor's degree/ advanced diploma or equivalent,Bachelor's Degree,Working full-time (permanent),Professional,0
114371468542.0,Male,36.0,32-44,Diploma/ certificates or equivalent,Diploma,Working full-time (permanent),Elementary Occupations,1
114371433008.0,Female,23.0,23-26,Bachelor's degree/ advanced diploma or equivalent,Bachelor's Degree,Working full-time (permanent),Craft and Related Trades Workers,1
114371490334.0,Female,23.0,23-26,Diploma/ certificates or equivalent,Diploma,Working full-time (permanent),Professional,0
114371369834.0,Female,34.0,32-44,Bachelor's degree/ advanced diploma or equivalent,Bachelor's Degree,Working full-time (permanent),Clerical Support Workers,1
114371307273.0,Female,37.0,32-44,Bachelor's degree/ advanced diploma or equivalent,Bachelor's Degree,Working full-time (permanent),Craft and Related Trades Workers,1
114371319238.0,Female,33.0,32-44,Diploma/ certificates or equivalent,Diploma,Working full-time (permanent),Professional,0
114375854797.0,Male,37.0,32-44,Bachelor's degree/ advanced diploma or equivalent,Bachelor's Degree,Working full-time (contract),Professional,0
114348650522.0,Male,33.0,32-44,Bachelor's degree/ advanced diploma or equivalent,Bachelor's Degree,Working full-time (permanent),Managers,0
114371431217.0,Male,33.0,32-44,Diploma/ certificates or equivalent,Diploma,Working full-time (permanent),Professional,0
114371302059.0,Female,31.0,27-31,Bachelor's degree/ advanced diploma or equivalent,Bachelor's Degree,Working full-time (permanent),Technician and Associate Professionals,0
114369671272.0,Male,32.0,32-44,Diploma/ certificates or equivalent,Diploma,Working full-time (contract),Technician and Associate Professionals,0
114371426846.0,Female,26.0,23-26,Bachelor's degree/ advanced diploma or equivalent,Bachelor's Degree,Working full-time (permanent),Managers,0
114371472502.0,Male,39.0,32-44,Bachelor's degree/ advanced diploma or equivalent,Bachelor's Degree,Working full-time (permanent),Professional,0
114372129560.0,Male,33.0,32-44,Diploma/ certificates or equivalent,Diploma,Working full-time (permanent),Professional,0
114337331044.0,Male,37.0,32-44,Bachelor's degree/ advanced diploma or equivalent,Bachelor's Degree,Working full-time (permanent),Managers,0
114371469964.0,Male,26.0,23-26,Diploma/ certificates or equivalent,Diploma,Working full-time (permanent),Technician and Associate Professionals,0
114371385725.0,Male,26.0,23-26,Diploma/ certificates or equivalent,Diploma,Working full-time (contract),Craft and Related Trades Workers,1
114326336949.0,Female,29.0,27-31,Bachelor's degree/ advanced diploma or equivalent,Bachelor's Degree,Working full-time (contract),Managers,0
114348502976.0,Male,35.0,32-44,Bachelor's degree/ advanced diploma or equivalent,Bachelor's Degree,Working full-time (permanent),Professional,0
114348616046.0,Male,37.0,32-44,Bachelor's degree/ advanced diploma or equivalent,Bachelor's Degree,Working full-time (permanent),Managers,0
114371430263.0,Male,32.0,32-44,Diploma/ certificates or equivalent,Diploma,Working full-time (permanent),Technician and Associate Professionals,0
114371450360.0,Female,38.0,32-44,Diploma/ certificates or equivalent,Diploma,Working full-time (permanent),Technician and Associate Professionals,0
114371523948.0,Female,33.0,32-44,Diploma/ certificates or equivalent,Diploma,Working full-time (contract),Technician and Associate Professionals,0
114371708224.0,Female,35.0,32-44,Diploma/ certificates or equivalent,Diploma,Working full-time (permanent),Technician and Associate Professionals,0
114370457928.0,Female,34.0,32-44,Bachelor's degree/ advanced diploma or equivalent,Bachelor's Degree,Working full-time (permanent),Professional,0
114348646129.0,Female,38.0,32-44,Bachelor's degree/ advanced diploma or equivalent,Bachelor's Degree,Working full-time (permanent),Managers,0
114371450792.0,Male,33.0,32-44,Diploma/ certificates or equivalent,Diploma,Working full-time (permanent),Managers,0
114374163696.0,Male,35.0,32-44,Diploma/ certificates or equivalent,Diploma,Working full-time (permanent),Professional,0
114371497854.0,Female,33.0,32-44,Diploma/ certificates or equivalent,Diploma,Working full-time (permanent),Clerical Support Workers,1
114371479599.0,Male,38.0,32-44,Diploma/ certificates or equivalent,Diploma,Working full-time (permanent),Elementary Occupations,1
114371413860.0,Female,38.0,32-44,Bachelor's degree/ advanced diploma or equivalent,Bachelor's Degree,Working full-time (permanent),Managers,0
114371422781.0,Male,33.0,32-44,Bachelor's degree/ advanced diploma or equivalent,Bachelor's Degree,Working part-time (contract),Technician and Associate Professionals,0
114371494788.0,Female,31.0,27-31,Bachelor's degree/ advanced diploma or equivalent,Bachelor's Degree,Working full-time (permanent),Service and Sales Workers,1
114371563356.0,Male,32.0,32-44,Diploma/ certificates or equivalent,Diploma,Working full-time (permanent),Professional,0
114371481928.0,Male,23.0,23-26,Diploma/ certificates or equivalent,Diploma,Working full-time (permanent),Armed forces/uniform,1
114371442587.0,Female,31.0,27-31,Diploma/ certificates or equivalent,Diploma,Working full-time (permanent),Technician and Associate Professionals,0
114347710470.0,Male,29.0,27-31,Bachelor's degree/ advanced diploma or equivalent,Bachelor's Degree,Working full-time (permanent),Professional,0
114371495479.0,Male,35.0,32-44,Bachelor's degree/ advanced diploma or equivalent,Bachelor's Degree,Working full-time (permanent),Professional,0
114369734744.0,Female,34.0,32-44,Bachelor's degree/ advanced diploma or equivalent,Bachelor's Degree,Working full-time (permanent),Professional,0
114346841557.0,Female,31.0,27-31,Bachelor's degree/ advanced diploma or equivalent,Bachelor's Degree,Working full-time (permanent),Professional,0
114369717055.0,Male,33.0,32-44,Diploma/ certificates or equivalent,Diploma,Working full-time (permanent),Technician and Associate Professionals,0
114371716665.0,Female,33.0,32-44,Bachelor's degree/ advanced diploma or equivalent,Bachelor's Degree,Working full-time (permanent),Professional,0
114371373076.0,Female,30.0,27-31,Bachelor's degree/ advanced diploma or equivalent,Bachelor's Degree,Working full-time (permanent),Craft and Related Trades Workers,1
114330094635.0,Male,27.0,27-31,Bachelor's degree/ advanced diploma or equivalent,Bachelor's Degree,Working full-time (permanent),Technician and Associate Professionals,0
114371452072.0,Male,43.0,32-44,Diploma/ certificates or equivalent,Diploma,Working full-time (permanent),Managers,0
114371448332.0,Female,41.0,32-44,Diploma/ certificates or equivalent,Diploma,Working full-time (permanent),"Skilled Agriculture, Forestry, Livestock and Fishery Workers",1
114372043241.0,Female,27.0,27-31,Bachelor's degree/ advanced diploma or equivalent,Bachelor's Degree,Working full-time (contract),Professional,0
114371469356.0,Male,25.0,23-26,Diploma/ certificates or equivalent,Diploma,Working full-time (permanent),Technician and Associate Professionals,0
114326208629.0,Male,33.0,32-44,Bachelor's degree/ advanced diploma or equivalent,Bachelor's Degree,Working full-time (contract),Technician and Associate Professionals,0
114371576050.0,Female,24.0,23-26,Bachelor's degree/ advanced diploma or equivalent,Bachelor's Degree,Working full-time (permanent),Technician and Associate Professionals,0
114371431449.0,Female,33.0,32-44,Diploma/ certificates or equivalent,Diploma,Working full-time (permanent),Elementary Occupations,1
114371476569.0,Female,26.0,23-26,Bachelor's degree/ advanced diploma or equivalent,Bachelor's Degree,Working full-time (permanent),Professional,0
114371425715.0,Male,25.0,23-26,Bachelor's degree/ advanced diploma or equivalent,Bachelor's Degree,Working full-time (permanent),Managers,0
114370471301.0,Female,32.0,32-44,Bachelor's degree/ advanced diploma or equivalent,Bachelor's Degree,Working full-time (permanent),Technician and Associate Professionals,0
114371453036.0,Female,27.0,27-31,Diploma/ certificates or equivalent,Diploma,Working full-time (permanent),Professional,0
114371475845.0,Female,28.0,27-31,Bachelor's degree/ advanced diploma or equivalent,Bachelor's Degree,Working full-time (permanent),Professional,0
114346798916.0,Female,28.0,27-31,Bachelor's degree/ advanced diploma or equivalent,Bachelor's Degree,Working full-time (permanent),Service and Sales Workers,1
114371296810.0,Male,37.0,32-44,Diploma/ certificates or equivalent,Diploma,Working full-time (permanent),Elementary Occupations,1
114371426870.0,Female,35.0,32-44,Bachelor's degree/ advanced diploma or equivalent,Bachelor's Degree,Working part-time (permanent),Craft and Related Trades Workers,1
114326320075.0,Female,28.0,27-31,Bachelor's degree/ advanced diploma or equivalent,Bachelor's Degree,Working part-time (contract),Technician and Associate Professionals,0
114371534706.0,Male,35.0,32-44,Bachelor's degree/ advanced diploma or equivalent,Bachelor's Degree,Working full-time (permanent),Professional,0
114348522089.0,Male,36.0,32-44,Bachelor's degree/ advanced diploma or equivalent,Bachelor's Degree,Working full-time (permanent),Professional,0
114371625896.0,Female,23.0,23-26,Diploma/ certificates or equivalent,Diploma,Working full-time (contract),Service and Sales Workers,1
114371432847.0,Female,32.0,32-44,Diploma/ certificates or equivalent,Diploma,Working part-time (contract),Professional,0
114371460015.0,Male,35.0,32-44,Diploma/ certificates or equivalent,Diploma,Working full-time (permanent),Technician and Associate Professionals,0
114371404256.0,Female,36.0,32-44,Diploma/ certificates or equivalent,Diploma,Working full-time (contract),Service and Sales Workers,1
114371449827.0,Female,35.0,32-44,Diploma/ certificates or equivalent,Diploma,Working full-time (permanent),Elementary Occupations,1
114371473934.0,Female,23.0,23-26,Bachelor's degree/ advanced diploma or equivalent,Bachelor's Degree,Working full-time (permanent),Technician and Associate Professionals,0
114369625597.0,Female,36.0,32-44,Bachelor's degree/ advanced diploma or equivalent,Bachelor's Degree,Working full-time (contract),Technician and Associate Professionals,0
114371471037.0,Male,34.0,32-44,Diploma/ certificates or equivalent,Diploma,Working full-time (contract),Professional,0
114371457645.0,Male,34.0,32-44,Diploma/ certificates or equivalent,Diploma,Working full-time (permanent),Managers,0
114371462785.0,Female,33.0,32-44,Diploma/ certificates or equivalent,Diploma,Working full-time (permanent),Professional,0
114371463468.0,Male,33.0,32-44,Diploma/ certificates or equivalent,Diploma,Working full-time (permanent),Managers,0
114371440078.0,Female,34.0,32-44,Bachelor's degree/ advanced diploma or equivalent,Bachelor's Degree,Working full-time (permanent),Elementary Occupations,1
114371357337.0,Female,38.0,32-44,Bachelor's degree/ advanced diploma or equivalent,Bachelor's Degree,Working full-time (permanent),Managers,0
114358718468.0,Male,39.0,32-44,Bachelor's degree/ advanced diploma or equivalent,Bachelor's Degree,Working full-time (permanent),Managers,0
114371437739.0,Female,25.0,23-26,Bachelor's degree/ advanced diploma or equivalent,Bachelor's Degree,Working full-time (permanent),Professional,0
114371448253.0,Female,32.0,32-44,Diploma/ certificates or equivalent,Diploma,Working full-time (contract),Craft and Related Trades Workers,1
114372310206.0,Female,23.0,23-26,Diploma/ certificates or equivalent,Diploma,Working full-time (permanent),Service and Sales Workers,1
114371480074.0,Male,38.0,32-44,Bachelor's degree/ advanced diploma or equivalent,Bachelor's Degree,Working full-time (permanent),Clerical Support Workers,1
114371516885.0,Female,27.0,27-31,Diploma/ certificates or equivalent,Diploma,Working full-time (permanent),Professional,0
114369751929.0,Male,34.0,32-44,Bachelor's degree/ advanced diploma or equivalent,Bachelor's Degree,Working full-time (permanent),Managers,0
114371398028.0,Male,33.0,32-44,Diploma/ certificates or equivalent,Diploma,Working full-time (permanent),Plant and Machine Operators and Assemblers,1
114371419552.0,Male,41.0,32-44,Bachelor's degree/ advanced diploma or equivalent,Bachelor's Degree,Working full-time (permanent),Managers,0
114338123935.0,Female,28.0,27-31,Bachelor's degree/ advanced diploma or equivalent,Bachelor's Degree,Working full-time (permanent),Managers,0
114371539375.0,Female,25.0,23-26,Bachelor's degree/ advanced diploma or equivalent,Bachelor's Degree,Working full-time (permanent),Technician and Associate Professionals,0
114371463815.0,Female,31.0,27-31,Diploma/ certificates or equivalent,Diploma,Working full-time (contract),Managers,0
114371466652.0,Female,34.0,32-44,Diploma/ certificates or equivalent,Diploma,Working full-time (permanent),Professional,0
114371308911.0,Male,36.0,32-44,Diploma/ certificates or equivalent,Diploma,Working full-time (permanent),"Skilled Agriculture, Forestry, Livestock and Fishery Workers",1
114371412091.0,Male,35.0,32-44,Diploma/ certificates or equivalent,Diploma,Working full-time (permanent),Technician and Associate Professionals,0
114371495799.0,Female,29.0,27-31,Diploma/ certificates or equivalent,Diploma,Working full-time (permanent),Technician and Associate Professionals,0
114371417868.0,Female,36.0,32-44,Diploma/ certificates or equivalent,Diploma,Working full-time (contract),Armed forces/uniform,1
114371467912.0,Female,35.0,32-44,Diploma/ certificates or equivalent,Diploma,Working full-time (permanent),Clerical Support Workers,1
114347717326.0,Female,26.0,23-26,Bachelor's degree/ advanced diploma or equivalent,Bachelor's Degree,Working full-time (contract),Professional,0
114360940165.0,Female,26.0,23-26,Diploma/ certificates or equivalent,Diploma,Working full-time (permanent),Clerical Support Workers,1
114347704146.0,Male,29.0,27-31,Bachelor's degree/ advanced diploma or equivalent,Bachelor's Degree,Working full-time (permanent),Professional,0
114371760140.0,Female,41.0,32-44,Bachelor's degree/ advanced diploma or equivalent,Bachelor's Degree,Working full-time (permanent),Technician and Associate Professionals,0
114371438922.0,Female,23.0,23-26,Diploma/ certificates or equivalent,Diploma,Working full-time (permanent),Clerical Support Workers,1
114371449864.0,Female,33.0,32-44,Diploma/ certificates or equivalent,Diploma,Working full-time (permanent),Service and Sales Workers,1
114360653081.0,Male,27.0,27-31,Diploma/ certificates or equivalent,Diploma,Working full-time (permanent),Technician and Associate Professionals,0
114371473104.0,Female,24.0,23-26,Bachelor's degree/ advanced diploma or equivalent,Bachelor's Degree,Working full-time (contract),Professional,0
114371478703.0,Male,35.0,32-44,Diploma/ certificates or equivalent,Diploma,Working full-time (permanent),Technician and Associate Professionals,0
114347752623.0,Female,27.0,27-31,Diploma/ certificates or equivalent,Diploma,Working full-time (permanent),Managers,0
114371584632.0,Female,25.0,23-26,Diploma/ certificates or equivalent,Diploma,Working part-time (permanent),Elementary Occupations,1
114371471605.0,Female,34.0,32-44,Diploma/ certificates or equivalent,Diploma,Working full-time (permanent),Professional,0
114358709012.0,Male,27.0,27-31,Bachelor's degree/ advanced diploma or equivalent,Bachelor's Degree,Working full-time (contract),Professional,0
114371261881.0,Female,34.0,32-44,Bachelor's degree/ advanced diploma or equivalent,Bachelor's Degree,Working full-time (contract),Professional,0
114371506064.0,Female,41.0,32-44,Bachelor's degree/ advanced diploma or equivalent,Bachelor's Degree,Working full-time (permanent),Professional,0
114371456635.0,Female,23.0,23-26,Bachelor's degree/ advanced diploma or equivalent,Bachelor's Degree,Working full-time (permanent),Professional,0
114371446782.0,Male,25.0,23-26,Diploma/ certificates or equivalent,Diploma,Working full-time (contract),"Skilled Agriculture, Forestry, Livestock and Fishery Workers",1
114368477265.0,Female,31.0,27-31,Bachelor's degree/ advanced diploma or equivalent,Bachelor's Degree,Working full-time (permanent),Clerical Support Workers,1
114347725581.0,Male,28.0,27-31,Bachelor's degree/ advanced diploma or equivalent,Bachelor's Degree,Working full-time (permanent),Clerical Support Workers,1
114371536326.0,Male,37.0,32-44,Bachelor's degree/ advanced diploma or equivalent,Bachelor's Degree,Working full-time (contract),Technician and Associate Professionals,0
114346729100.0,Female,27.0,27-31,Bachelor's degree/ advanced diploma or equivalent,Bachelor's Degree,Working full-time (contract),Managers,0
114371549771.0,Female,23.0,23-26,Diploma/ certificates or equivalent,Diploma,Working part-time (permanent),Technician and Associate Professionals,0
114371609491.0,Male,25.0,23-26,Diploma/ certificates or equivalent,Diploma,Working full-time (permanent),Professional,0
114371473481.0,Male,35.0,32-44,Bachelor's degree/ advanced diploma or equivalent,Bachelor's Degree,Working full-time (permanent),Managers,0
114371277033.0,Female,37.0,32-44,Bachelor's degree/ advanced diploma or equivalent,Bachelor's Degree,Working full-time (permanent),Professional,0
114371431334.0,Male,28.0,27-31,Bachelor's degree/ advanced diploma or equivalent,Bachelor's Degree,Working full-time (permanent),Elementary Occupations,1
114371454674.0,Male,29.0,27-31,Bachelor's degree/ advanced diploma or equivalent,Bachelor's Degree,Working full-time (permanent),Managers,0
114371396633.0,Male,26.0,23-26,Diploma/ certificates or equivalent,Diploma,Working full-time (permanent),Service and Sales Workers,1
114347722786.0,Male,26.0,23-26,Bachelor's degree/ advanced diploma or equivalent,Bachelor's Degree,Working full-time (permanent),Technician and Associate Professionals,0
114347826388.0,Male,32.0,32-44,Bachelor's degree/ advanced diploma or equivalent,Bachelor's Degree,Working full-time (permanent),Technician and Associate Professionals,0
114371466168.0,Female,39.0,32-44,Diploma/ certificates or equivalent,Diploma,Working full-time (contract),Professional,0
114371507975.0,Male,28.0,27-31,Bachelor's degree/ advanced diploma or equivalent,Bachelor's Degree,Working full-time (contract),Clerical Support Workers,1
114347704808.0,Male,28.0,27-31,Diploma/ certificates or equivalent,Diploma,Working full-time (permanent),Managers,0
114353317695.0,Male,36.0,32-44,Bachelor's degree/ advanced diploma or equivalent,Bachelor's Degree,Working full-time (permanent),Professional,0
114347793591.0,Female,27.0,27-31,Bachelor's degree/ advanced diploma or equivalent,Bachelor's Degree,Working full-time (contract),Professional,0
114371486995.0,Female,25.0,23-26,Bachelor's degree/ advanced diploma or equivalent,Bachelor's Degree,Working full-time (contract),Managers,0
114371467939.0,Male,38.0,32-44,Bachelor's degree/ advanced diploma or equivalent,Bachelor's Degree,Working full-time (permanent),Technician and Associate Professionals,0
114369627775.0,Male,36.0,32-44,Bachelor's degree/ advanced diploma or equivalent,Bachelor's Degree,Working full-time (permanent),Professional,0
114347710312.0,Female,26.0,23-26,Diploma/ certificates or equivalent,Diploma,Working full-time (permanent),Technician and Associate Professionals,0
114359856979.0,Female,27.0,27-31,Diploma/ certificates or equivalent,Diploma,Working full-time (permanent),Clerical Support Workers,1
114371499221.0,Female,27.0,27-31,Bachelor's degree/ advanced diploma or equivalent,Bachelor's Degree,Working full-time (permanent),Managers,0
114371528868.0,Female,26.0,23-26,Bachelor's degree/ advanced diploma or equivalent,Bachelor's Degree,Working full-time (permanent),Technician and Associate Professionals,0
114371475219.0,Female,35.0,32-44,Bachelor's degree/ advanced diploma or equivalent,Bachelor's Degree,Working full-time (permanent),"Skilled Agriculture, Forestry, Livestock and Fishery Workers",1
114371395343.0,Female,29.0,27-31,Bachelor's degree/ advanced diploma or equivalent,Bachelor's Degree,Working full-time (permanent),Professional,0
114371472874.0,Female,33.0,32-44,Diploma/ certificates or equivalent,Diploma,Working full-time (permanent),Professional,0
114370744097.0,Male,34.0,32-44,Bachelor's degree/ advanced diploma or equivalent,Bachelor's Degree,Working full-time (contract),Managers,0
114347705045.0,Male,29.0,27-31,Bachelor's degree/ advanced diploma or equivalent,Bachelor's Degree,Working full-time (permanent),Professional,0
114351509798.0,Male,24.0,23-26,Bachelor's degree/ advanced diploma or equivalent,Bachelor's Degree,Working full-time (contract),Professional,0
114375673445.0,Female,36.0,32-44,Bachelor's degree/ advanced diploma or equivalent,Bachelor's Degree,Working full-time (permanent),Professional,0
114371480198.0,Female,32.0,32-44,Diploma/ certificates or equivalent,Diploma,Working full-time (permanent),Elementary Occupations,1
114371399631.0,Female,25.0,23-26,Diploma/ certificates or equivalent,Diploma,Working full-time (permanent),Professional,0
114371420668.0,Female,25.0,23-26,Diploma/ certificates or equivalent,Diploma,Working full-time (contract),Plant and Machine Operators and Assemblers,1
114326377623.0,Male,26.0,23-26,Diploma/ certificates or equivalent,Diploma,Working full-time (contract),Technician and Associate Professionals,0
114347806840.0,Male,39.0,32-44,Bachelor's degree/ advanced diploma or equivalent,Bachelor's Degree,Working full-time (permanent),Technician and Associate Professionals,0
114371433353.0,Male,34.0,32-44,Diploma/ certificates or equivalent,Diploma,Working full-time (permanent),Clerical Support Workers,1
114348556423.0,Female,26.0,23-26,Diploma/ certificates or equivalent,Diploma,Working full-time (contract),Technician and Associate Professionals,0
114371298565.0,Female,27.0,27-31,Diploma/ certificates or equivalent,Diploma,Working full-time (permanent),Technician and Associate Professionals,0
114371470235.0,Male,33.0,32-44,Diploma/ certificates or equivalent,Diploma,Working full-time (permanent),Plant and Machine Operators and Assemblers,1
114371477396.0,Male,25.0,23-26,Bachelor's degree/ advanced diploma or equivalent,Bachelor's Degree,Working full-time (contract),Technician and Associate Professionals,0
114376531606.0,Male,35.0,32-44,Diploma/ certificates or equivalent,Diploma,Working full-time (permanent),Clerical Support Workers,1
114348640358.0,Female,37.0,32-44,Bachelor's degree/ advanced diploma or equivalent,Bachelor's Degree,Working full-time (permanent),Clerical Support Workers,1
114349500236.0,Male,31.0,27-31,Diploma/ certificates or equivalent,Diploma,Working full-time (permanent),Professional,0
114369617042.0,Female,36.0,32-44,Bachelor's degree/ advanced diploma or equivalent,Bachelor's Degree,Working full-time (permanent),Managers,0
114371413533.0,Female,27.0,27-31,Diploma/ certificates or equivalent,Diploma,Working full-time (permanent),Technician and Associate Professionals,0
114371388760.0,Female,27.0,27-31,Bachelor's degree/ advanced diploma or equivalent,Bachelor's Degree,Working part-time (contract),Managers,0
114371426243.0,Male,35.0,32-44,Diploma/ certificates or equivalent,Diploma,Working full-time (permanent),Managers,0
114358925311.0,Female,27.0,27-31,Bachelor's degree/ advanced diploma or equivalent,Bachelor's Degree,Working full-time (permanent),Technician and Associate Professionals,0
114371471629.0,Female,35.0,32-44,Diploma/ certificates or equivalent,Diploma,Working part-time (permanent),Craft and Related Trades Workers,1
114371462341.0,Male,35.0,32-44,Diploma/ certificates or equivalent,Diploma,Working part-time (permanent),Armed forces/uniform,1
114370354645.0,Male,35.0,32-44,Bachelor's degree/ advanced diploma or equivalent,Bachelor's Degree,Working full-time (permanent),Professional,0
114371471560.0,Female,25.0,23-26,Diploma/ certificates or equivalent,Diploma,Working full-time (contract),Professional,0
114371450833.0,Female,33.0,32-44,Diploma/ certificates or equivalent,Diploma,Working full-time (contract),Professional,0
114371466348.0,Male,28.0,27-31,Bachelor's degree/ advanced diploma or equivalent,Bachelor's Degree,Working full-time (permanent),Managers,0
114371318682.0,Female,31.0,27-31,Bachelor's degree/ advanced diploma or equivalent,Bachelor's Degree,Working full-time (contract),Technician and Associate Professionals,0
114371481210.0,Female,32.0,32-44,Diploma/ certificates or equivalent,Diploma,Working full-time (permanent),Professional,0
114348446046.0,Male,38.0,32-44,Bachelor's degree/ advanced diploma or equivalent,Bachelor's Degree,Working full-time (permanent),Technician and Associate Professionals,0
114371458089.0,Male,30.0,27-31,Diploma/ certificates or equivalent,Diploma,Working part-time (permanent),Service and Sales Workers,1
114370444993.0,Male,35.0,32-44,Diploma/ certificates or equivalent,Diploma,Working full-time (permanent),Technician and Associate Professionals,0
114371491566.0,Female,27.0,27-31,Bachelor's degree/ advanced diploma or equivalent,Bachelor's Degree,Working full-time (permanent),Professional,0
114371452833.0,Male,38.0,32-44,Diploma/ certificates or equivalent,Diploma,Working full-time (permanent),Managers,0
114371378855.0,Female,32.0,32-44,Diploma/ certificates or equivalent,Diploma,Working full-time (permanent),Professional,0
114371531144.0,Male,29.0,27-31,Diploma/ certificates or equivalent,Diploma,Working full-time (permanent),Technician and Associate Professionals,0
114371500573.0,Female,25.0,23-26,Bachelor's degree/ advanced diploma or equivalent,Bachelor's Degree,Working full-time (permanent),Technician and Associate Professionals,0
114371480701.0,Female,36.0,32-44,Diploma/ certificates or equivalent,Diploma,Working full-time (permanent),Service and Sales Workers,1
114371496114.0,Male,28.0,27-31,Bachelor's degree/ advanced diploma or equivalent,Bachelor's Degree,Working full-time (permanent),Professional,0
114371494609.0,Female,37.0,32-44,Diploma/ certificates or equivalent,Diploma,Working full-time (permanent),Technician and Associate Professionals,0
114346033608.0,Female,27.0,27-31,Bachelor's degree/ advanced diploma or equivalent,Bachelor's Degree,Working full-time (permanent),Managers,0
114371495379.0,Male,31.0,27-31,Bachelor's degree/ advanced diploma or equivalent,Bachelor's Degree,Working full-time (permanent),Clerical Support Workers,1
114371475847.0,Female,23.0,23-26,Bachelor's degree/ advanced diploma or equivalent,Bachelor's Degree,Working full-time (permanent),Professional,0
114348505638.0,Male,41.0,32-44,Diploma/ certificates or equivalent,Diploma,Working full-time (permanent),Craft and Related Trades Workers,1
114371460160.0,Female,27.0,27-31,Diploma/ certificates or equivalent,Diploma,Working full-time (permanent),Service and Sales Workers,1
114371510953.0,Male,28.0,27-31,Bachelor's degree/ advanced diploma or equivalent,Bachelor's Degree,Working full-time (permanent),Professional,0
114371447496.0,Female,24.0,23-26,Bachelor's degree/ advanced diploma or equivalent,Bachelor's Degree,Working full-time (permanent),Professional,0
114347934548.0,Male,26.0,23-26,Bachelor's degree/ advanced diploma or equivalent,Bachelor's Degree,Working full-time (permanent),Professional,0
114371458691.0,Male,25.0,23-26,Bachelor's degree/ advanced diploma or equivalent,Bachelor's Degree,Working full-time (permanent),Professional,0
114371438848.0,Male,28.0,27-31,Bachelor's degree/ advanced diploma or equivalent,Bachelor's Degree,Working full-time (contract),Professional,0
114371451529.0,Female,33.0,32-44,Diploma/ certificates or equivalent,Diploma,Working full-time (contract),Elementary Occupations,1
114346978449.0,Female,28.0,27-31,Bachelor's degree/ advanced diploma or equivalent,Bachelor's Degree,Working full-time (permanent),Professional,0
114371495434.0,Female,28.0,27-31,Diploma/ certificates or equivalent,Diploma,Working full-time (permanent),Technician and Associate Professionals,0
114371517422.0,Male,25.0,23-26,Bachelor's degree/ advanced diploma or equivalent,Bachelor's Degree,Working full-time (permanent),Armed forces/uniform,1
114376894358.0,Female,27.0,27-31,Bachelor's degree/ advanced diploma or equivalent,Bachelor's Degree,Working full-time (permanent),Clerical Support Workers,1
114371462406.0,Male,33.0,32-44,Diploma/ certificates or equivalent,Diploma,Working full-time (permanent),Managers,0
114369619560.0,Female,35.0,32-44,Bachelor's degree/ advanced diploma or equivalent,Bachelor's Degree,Working full-time (permanent),Technician and Associate Professionals,0
114371471364.0,Female,32.0,32-44,Diploma/ certificates or equivalent,Diploma,Working full-time (permanent),Professional,0
114371470917.0,Female,25.0,23-26,Diploma/ certificates or equivalent,Diploma,Working part-time (permanent),Plant and Machine Operators and Assemblers,1
114371449702.0,Male,36.0,32-44,Bachelor's degree/ advanced diploma or equivalent,Bachelor's Degree,Working full-time (permanent),Elementary Occupations,1
114371473919.0,Female,34.0,32-44,Bachelor's degree/ advanced diploma or equivalent,Bachelor's Degree,Working full-time (permanent),Technician and Associate Professionals,0
114371454578.0,Female,36.0,32-44,Bachelor's degree/ advanced diploma or equivalent,Bachelor's Degree,Working full-time (permanent),Technician and Associate Professionals,0
114371337977.0,Female,38.0,32-44,Bachelor's degree/ advanced diploma or equivalent,Bachelor's Degree,Working full-time (permanent),Technician and Associate Professionals,0
114357353091.0,Male,33.0,32-44,Bachelor's degree/ advanced diploma or equivalent,Bachelor's Degree,Working full-time (permanent),Technician and Associate Professionals,0
114371480278.0,Male,25.0,23-26,Diploma/ certificates or equivalent,Diploma,Working full-time (contract),Technician and Associate Professionals,0
114371400186.0,Female,35.0,32-44,Bachelor's degree/ advanced diploma or equivalent,Bachelor's Degree,Working full-time (permanent),Technician and Associate Professionals,0
114371452332.0,Female,29.0,27-31,Diploma/ certificates or equivalent,Diploma,Working full-time (contract),Plant and Machine Operators and Assemblers,1
114364231560.0,Male,30.0,27-31,Bachelor's degree/ advanced diploma or equivalent,Bachelor's Degree,Working full-time (permanent),Managers,0
114337181574.0,Male,29.0,27-31,Bachelor's degree/ advanced diploma or equivalent,Bachelor's Degree,Working full-time (permanent),Technician and Associate Professionals,0
114371469057.0,Female,23.0,23-26,Diploma/ certificates or equivalent,Diploma,Working full-time (permanent),Professional,0
114371478577.0,Male,34.0,32-44,Diploma/ certificates or equivalent,Diploma,Working full-time (permanent),Technician and Associate Professionals,0
114369880297.0,Female,33.0,32-44,Bachelor's degree/ advanced diploma or equivalent,Bachelor's Degree,Working full-time (permanent),Professional,0
114371466063.0,Male,26.0,23-26,Bachelor's degree/ advanced diploma or equivalent,Bachelor's Degree,Working full-time (contract),Technician and Associate Professionals,0
114369708528.0,Female,32.0,32-44,Diploma/ certificates or equivalent,Diploma,Working full-time (permanent),Managers,0
114371335582.0,Female,40.0,32-44,Diploma/ certificates or equivalent,Diploma,Working full-time (permanent),Managers,0
114371496460.0,Female,29.0,27-31,Diploma/ certificates or equivalent,Diploma,Working full-time (permanent),Clerical Support Workers,1
114358705235.0,Male,26.0,23-26,Diploma/ certificates or equivalent,Diploma,Working full-time (permanent),Technician and Associate Professionals,0
114371472821.0,Female,24.0,23-26,Bachelor's degree/ advanced diploma or equivalent,Bachelor's Degree,Working full-time (contract),Technician and Associate Professionals,0
114371454150.0,Female,33.0,32-44,Diploma/ certificates or equivalent,Diploma,Working full-time (permanent),Technician and Associate Professionals,0
114371464864.0,Male,24.0,23-26,Diploma/ certificates or equivalent,Diploma,Working full-time (permanent),Elementary Occupations,1
114371457158.0,Female,38.0,32-44,Bachelor's degree/ advanced diploma or equivalent,Bachelor's Degree,Working full-time (contract),Technician and Associate Professionals,0
114326267737.0,Male,25.0,23-26,Diploma/ certificates or equivalent,Diploma,Working full-time (permanent),Professional,0
114371390545.0,Female,36.0,32-44,Bachelor's degree/ advanced diploma or equivalent,Bachelor's Degree,Working full-time (permanent),Plant and Machine Operators and Assemblers,1
114371411086.0,Male,35.0,32-44,Bachelor's degree/ advanced diploma or equivalent,Bachelor's Degree,Working full-time (permanent),Technician and Associate Professionals,0
114371401326.0,Male,36.0,32-44,Bachelor's degree/ advanced diploma or equivalent,Bachelor's Degree,Working full-time (contract),Armed forces/uniform,1
114371641050.0,Male,23.0,23-26,Diploma/ certificates or equivalent,Diploma,Working full-time (contract),Technician and Associate Professionals,0
114347761044.0,Female,27.0,27-31,Bachelor's degree/ advanced diploma or equivalent,Bachelor's Degree,Working full-time (permanent),Managers,0
114371306163.0,Male,33.0,32-44,Diploma/ certificates or equivalent,Diploma,Working full-time (permanent),Professional,0
114364557383.0,Female,30.0,27-31,Bachelor's degree/ advanced diploma or equivalent,Bachelor's Degree,Working full-time (permanent),Technician and Associate Professionals,0
114371513997.0,Female,39.0,32-44,Bachelor's degree/ advanced diploma or equivalent,Bachelor's Degree,Working full-time (permanent),Professional,0
114371479516.0,Female,40.0,32-44,Bachelor's degree/ advanced diploma or equivalent,Bachelor's Degree,Working full-time (permanent),Professional,0
114371711923.0,Male,28.0,27-31,Bachelor's degree/ advanced diploma or equivalent,Bachelor's Degree,Working full-time (permanent),Professional,0
114371813092.0,Female,32.0,32-44,Diploma/ certificates or equivalent,Diploma,Working full-time (permanent),Managers,0
114359893389.0,Female,36.0,32-44,Bachelor's degree/ advanced diploma or equivalent,Bachelor's Degree,Working full-time (permanent),Professional,0
114358711216.0,Female,28.0,27-31,Bachelor's degree/ advanced diploma or equivalent,Bachelor's Degree,Working full-time (contract),Professional,0
114371433480.0,Female,28.0,27-31,Diploma/ certificates or equivalent,Diploma,Working part-time (permanent),Managers,0
114359314721.0,Male,35.0,32-44,Bachelor's degree/ advanced diploma or equivalent,Bachelor's Degree,Working full-time (permanent),Technician and Associate Professionals,0
114358718088.0,Male,29.0,27-31,Bachelor's degree/ advanced diploma or equivalent,Bachelor's Degree,Working full-time (permanent),Professional,0
114371384137.0,Female,33.0,32-44,Diploma/ certificates or equivalent,Diploma,Working full-time (permanent),Professional,0
114379165009.0,Female,34.0,32-44,Diploma/ certificates or equivalent,Diploma,Working part-time (permanent),Professional,0
114345992314.0,Female,27.0,27-31,Bachelor's degree/ advanced diploma or equivalent,Bachelor's Degree,Working full-time (contract),Professional,0
114376352365.0,Male,39.0,32-44,Diploma/ certificates or equivalent,Diploma,Working full-time (permanent),Technician and Associate Professionals,0
114348494244.0,Female,29.0,27-31,Bachelor's degree/ advanced diploma or equivalent,Bachelor's Degree,Working full-time (permanent),Clerical Support Workers,1
114347712178.0,Female,28.0,27-31,Bachelor's degree/ advanced diploma or equivalent,Bachelor's Degree,Working full-time (permanent),Technician and Associate Professionals,0
114347711931.0,Male,29.0,27-31,Bachelor's degree/ advanced diploma or equivalent,Bachelor's Degree,Working full-time (permanent),Technician and Associate Professionals,0
114345972216.0,Female,30.0,27-31,Bachelor's degree/ advanced diploma or equivalent,Bachelor's Degree,Working full-time (permanent),Professional,0
114347698226.0,Female,25.0,23-26,Bachelor's degree/ advanced diploma or equivalent,Bachelor's Degree,Working full-time (permanent),Managers,0
114371425808.0,Male,29.0,27-31,Diploma/ certificates or equivalent,Diploma,Working full-time (permanent),Professional,0
114371514156.0,Female,41.0,32-44,Diploma/ certificates or equivalent,Diploma,Working full-time (permanent),Craft and Related Trades Workers,1
114371323364.0,Male,25.0,23-26,Bachelor's degree/ advanced diploma or equivalent,Bachelor's Degree,Working full-time (permanent),Service and Sales Workers,1
114371396704.0,Male,32.0,32-44,Bachelor's degree/ advanced diploma or equivalent,Bachelor's Degree,Working part-time (contract),Craft and Related Trades Workers,1
114371475065.0,Male,34.0,32-44,Bachelor's degree/ advanced diploma or equivalent,Bachelor's Degree,Working full-time (permanent),Managers,0
114371462945.0,Male,31.0,27-31,Diploma/ certificates or equivalent,Diploma,Working full-time (permanent),Professional,0
114376416497.0,Male,36.0,32-44,Bachelor's degree/ advanced diploma or equivalent,Bachelor's Degree,Working full-time (permanent),Managers,0
114371463981.0,Female,37.0,32-44,Bachelor's degree/ advanced diploma or equivalent,Bachelor's Degree,Working full-time (contract),Armed forces/uniform,1
114359331548.0,Male,36.0,32-44,Bachelor's degree/ advanced diploma or equivalent,Bachelor's Degree,Working full-time (permanent),Clerical Support Workers,1
114371444298.0,Female,35.0,32-44,Diploma/ certificates or equivalent,Diploma,Working full-time (permanent),Technician and Associate Professionals,0
114375754198.0,Female,37.0,32-44,Bachelor's degree/ advanced diploma or equivalent,Bachelor's Degree,Working full-time (contract),Clerical Support Workers,1
114369570948.0,Female,33.0,32-44,Diploma/ certificates or equivalent,Diploma,Working full-time (permanent),Clerical Support Workers,1
114371335448.0,Male,23.0,23-26,Bachelor's degree/ advanced diploma or equivalent,Bachelor's Degree,Working full-time (permanent),Elementary Occupations,1
114371421442.0,Female,30.0,27-31,Diploma/ certificates or equivalent,Diploma,Working full-time (permanent),Managers,0
114371495524.0,Female,36.0,32-44,Diploma/ certificates or equivalent,Diploma,Working full-time (permanent),Clerical Support Workers,1
114371518317.0,Female,26.0,23-26,Bachelor's degree/ advanced diploma or equivalent,Bachelor's Degree,Working full-time (permanent),Professional,0
114371396728.0,Female,23.0,23-26,Diploma/ certificates or equivalent,Diploma,Working full-time (contract),Professional,0
114371398097.0,Male,35.0,32-44,Bachelor's degree/ advanced diploma or equivalent,Bachelor's Degree,Working full-time (permanent),Managers,0
114371508906.0,Male,28.0,27-31,Bachelor's degree/ advanced diploma or equivalent,Bachelor's Degree,Working full-time (contract),Clerical Support Workers,1
114371507213.0,Female,27.0,27-31,Bachelor's degree/ advanced diploma or equivalent,Bachelor's Degree,Working full-time (permanent),Service and Sales Workers,1
114371485658.0,Female,33.0,32-44,Diploma/ certificates or equivalent,Diploma,Working full-time (permanent),Managers,0
114348533778.0,Male,37.0,32-44,Bachelor's degree/ advanced diploma or equivalent,Bachelor's Degree,Working full-time (permanent),Technician and Associate Professionals,0
114371441733.0,Female,30.0,27-31,Diploma/ certificates or equivalent,Diploma,Working full-time (permanent),Professional,0
114371442180.0,Female,27.0,27-31,Bachelor's degree/ advanced diploma or equivalent,Bachelor's Degree,Working full-time (permanent),Clerical Support Workers,1
114371479691.0,Male,32.0,32-44,Bachelor's degree/ advanced diploma or equivalent,Bachelor's Degree,Working full-time (permanent),Professional,0
114371402211.0,Female,28.0,27-31,Bachelor's degree/ advanced diploma or equivalent,Bachelor's Degree,Working part-time (permanent),Plant and Machine Operators and Assemblers,1
114375649665.0,Male,34.0,32-44,Diploma/ certificates or equivalent,Diploma,Working full-time (permanent),Technician and Associate Professionals,0
114347734765.0,Male,26.0,23-26,Diploma/ certificates or equivalent,Diploma,Working full-time (permanent),Technician and Associate Professionals,0
114371490764.0,Female,28.0,27-31,Diploma/ certificates or equivalent,Diploma,Working full-time (permanent),Professional,0
114371489638.0,Female,39.0,32-44,Bachelor's degree/ advanced diploma or equivalent,Bachelor's Degree,Working full-time (permanent),Technician and Associate Professionals,0
114326264345.0,Female,28.0,27-31,Bachelor's degree/ advanced diploma or equivalent,Bachelor's Degree,Working full-time (permanent),Professional,0
114371468026.0,Female,25.0,23-26,Diploma/ certificates or equivalent,Diploma,Working full-time (permanent),Service and Sales Workers,1
114359597807.0,Male,25.0,23-26,Bachelor's degree/ advanced diploma or equivalent,Bachelor's Degree,Working full-time (permanent),Service and Sales Workers,1
114347843903.0,Male,27.0,27-31,Bachelor's degree/ advanced diploma or equivalent,Bachelor's Degree,Working full-time (contract),Clerical Support Workers,1
114372226518.0,Female,39.0,32-44,Bachelor's degree/ advanced diploma or equivalent,Bachelor's Degree,Working full-time (contract),Managers,0
114380483077.0,Female,33.0,32-44,Diploma/ certificates or equivalent,Diploma,Working full-time (contract),Managers,0
114371416865.0,Male,27.0,27-31,Diploma/ certificates or equivalent,Diploma,Working full-time (permanent),Craft and Related Trades Workers,1
114371481149.0,Male,26.0,23-26,Diploma/ certificates or equivalent,Diploma,Working full-time (contract),Professional,0
114371507655.0,Male,28.0,27-31,Diploma/ certificates or equivalent,Diploma,Working full-time (permanent),Service and Sales Workers,1
114376244184.0,Male,36.0,32-44,Bachelor's degree/ advanced diploma or equivalent,Bachelor's Degree,Working full-time (permanent),Professional,0
114371635731.0,Female,33.0,32-44,Diploma/ certificates or equivalent,Diploma,Working part-time (contract),Professional,0
114371479850.0,Female,32.0,32-44,Bachelor's degree/ advanced diploma or equivalent,Bachelor's Degree,Working full-time (permanent),Professional,0
114347991053.0,Male,33.0,32-44,Diploma/ certificates or equivalent,Diploma,Working full-time (permanent),Professional,0
114371456542.0,Female,24.0,23-26,Diploma/ certificates or equivalent,Diploma,Working full-time (permanent),Professional,0
114348515151.0,Male,25.0,23-26,Bachelor's degree/ advanced diploma or equivalent,Bachelor's Degree,Working part-time (contract),Professional,0
114363373861.0,Male,28.0,27-31,Diploma/ certificates or equivalent,Diploma,Working full-time (permanent),Technician and Associate Professionals,0
114371482476.0,Female,34.0,32-44,Diploma/ certificates or equivalent,Diploma,Working full-time (permanent),Professional,0
114370231485.0,Female,34.0,32-44,Diploma/ certificates or equivalent,Diploma,Working full-time (permanent),Professional,0
114371463261.0,Female,26.0,23-26,Diploma/ certificates or equivalent,Diploma,Working full-time (permanent),Technician and Associate Professionals,0
114369918057.0,Male,29.0,27-31,Diploma/ certificates or equivalent,Diploma,Working full-time (permanent),Managers,0
114376683003.0,Female,36.0,32-44,Bachelor's degree/ advanced diploma or equivalent,Bachelor's Degree,Working full-time (permanent),Technician and Associate Professionals,0
114371423761.0,Female,41.0,32-44,Bachelor's degree/ advanced diploma or equivalent,Bachelor's Degree,Working full-time (permanent),Technician and Associate Professionals,0
114358711961.0,Female,27.0,27-31,Diploma/ certificates or equivalent,Diploma,Working full-time (permanent),Service and Sales Workers,1
114371484002.0,Female,32.0,32-44,Diploma/ certificates or equivalent,Diploma,Working full-time (permanent),Managers,0
114347728791.0,Female,32.0,32-44,Diploma/ certificates or equivalent,Diploma,Working full-time (permanent),Professional,0
114371458451.0,Female,26.0,23-26,Diploma/ certificates or equivalent,Diploma,Working full-time (permanent),Managers,0
114371429154.0,Male,33.0,32-44,Diploma/ certificates or equivalent,Diploma,Working full-time (permanent),Elementary Occupations,1
114372092088.0,Female,41.0,32-44,Bachelor's degree/ advanced diploma or equivalent,Bachelor's Degree,Working full-time (permanent),Professional,0
114371424045.0,Female,41.0,32-44,Bachelor's degree/ advanced diploma or equivalent,Bachelor's Degree,Working full-time (permanent),Professional,0
114337979610.0,Female,26.0,23-26,Bachelor's degree/ advanced diploma or equivalent,Bachelor's Degree,Working full-time (permanent),Professional,0
114369588039.0,Female,36.0,32-44,Bachelor's degree/ advanced diploma or equivalent,Bachelor's Degree,Working full-time (permanent),Professional,0
114348526457.0,Female,28.0,27-31,Bachelor's degree/ advanced diploma or equivalent,Bachelor's Degree,Working full-time (permanent),Technician and Associate Professionals,0
114348446305.0,Male,35.0,32-44,Bachelor's degree/ advanced diploma or equivalent,Bachelor's Degree,Working full-time (permanent),Managers,0
114371482267.0,Female,38.0,32-44,Bachelor's degree/ advanced diploma or equivalent,Bachelor's Degree,Working full-time (permanent),Professional,0
114371439981.0,Male,32.0,32-44,Diploma/ certificates or equivalent,Diploma,Working full-time (permanent),Technician and Associate Professionals,0
114369824009.0,Female,36.0,32-44,Diploma/ certificates or equivalent,Diploma,Working full-time (permanent),Clerical Support Workers,1
114347846851.0,Female,28.0,27-31,Bachelor's degree/ advanced diploma or equivalent,Bachelor's Degree,Working full-time (permanent),Professional,0
114377191624.0,Male,36.0,32-44,Bachelor's degree/ advanced diploma or equivalent,Bachelor's Degree,Working full-time (permanent),Professional,0
114371441936.0,Female,36.0,32-44,Bachelor's degree/ advanced diploma or equivalent,Bachelor's Degree,Working full-time (permanent),Professional,0
114371449252.0,Male,35.0,32-44,Diploma/ certificates or equivalent,Diploma,Working full-time (permanent),Elementary Occupations,1
114371465470.0,Male,29.0,27-31,Bachelor's degree/ advanced diploma or equivalent,Bachelor's Degree,Working full-time (permanent),Service and Sales Workers,1
114371445786.0,Female,37.0,32-44,Bachelor's degree/ advanced diploma or equivalent,Bachelor's Degree,Working full-time (permanent),Professional,0
114371447596.0,Male,28.0,27-31,Bachelor's degree/ advanced diploma or equivalent,Bachelor's Degree,Working full-time (permanent),Managers,0
114351383664.0,Female,27.0,27-31,Diploma/ certificates or equivalent,Diploma,Working full-time (permanent),Managers,0
114371467321.0,Male,27.0,27-31,Bachelor's degree/ advanced diploma or equivalent,Bachelor's Degree,Working full-time (permanent),Clerical Support Workers,1
114372271529.0,Male,38.0,32-44,Bachelor's degree/ advanced diploma or equivalent,Bachelor's Degree,Working full-time (permanent),Technician and Associate Professionals,0
114372520997.0,Female,35.0,32-44,Bachelor's degree/ advanced diploma or equivalent,Bachelor's Degree,Working full-time (permanent),Professional,0
114371499195.0,Female,25.0,23-26,Diploma/ certificates or equivalent,Diploma,Working full-time (permanent),Service and Sales Workers,1
114371502057.0,Female,30.0,27-31,Diploma/ certificates or equivalent,Diploma,Working full-time (permanent),Professional,0
114337425115.0,Male,25.0,23-26,Diploma/ certificates or equivalent,Diploma,Working full-time (permanent),Craft and Related Trades Workers,1
114371338395.0,Male,33.0,32-44,Bachelor's degree/ advanced diploma or equivalent,Bachelor's Degree,Working full-time (permanent),Professional,0
114369677472.0,Male,32.0,32-44,Diploma/ certificates or equivalent,Diploma,Working full-time (permanent),Managers,0
114371460472.0,Female,26.0,23-26,Bachelor's degree/ advanced diploma or equivalent,Bachelor's Degree,Working full-time (permanent),Professional,0
114371453906.0,Female,35.0,32-44,Diploma/ certificates or equivalent,Diploma,Working full-time (permanent),Craft and Related Trades Workers,1
114349081061.0,Male,37.0,32-44,Bachelor's degree/ advanced diploma or equivalent,Bachelor's Degree,Working full-time (permanent),Armed forces/uniform,1
114371444690.0,Female,36.0,32-44,Diploma/ certificates or equivalent,Diploma,Working full-time (permanent),Professional,0
114364303842.0,Female,28.0,27-31,Diploma/ certificates or equivalent,Diploma,Working full-time (contract),Managers,0
114371475850.0,Female,33.0,32-44,Diploma/ certificates or equivalent,Diploma,Working full-time (permanent),Service and Sales Workers,1
114371391944.0,Female,25.0,23-26,Diploma/ certificates or equivalent,Diploma,Working full-time (permanent),Clerical Support Workers,1
114371472952.0,Male,37.0,32-44,Diploma/ certificates or equivalent,Diploma,Working full-time (permanent),"Skilled Agriculture, Forestry, Livestock and Fishery Workers",1
114347789083.0,Female,26.0,23-26,Bachelor's degree/ advanced diploma or equivalent,Bachelor's Degree,Working full-time (permanent),Managers,0
114371478070.0,Female,29.0,27-31,Bachelor's degree/ advanced diploma or equivalent,Bachelor's Degree,Working full-time (permanent),Clerical Support Workers,1
114371498524.0,Female,29.0,27-31,Diploma/ certificates or equivalent,Diploma,Working full-time (contract),Managers,0
114371409877.0,Female,37.0,32-44,Bachelor's degree/ advanced diploma or equivalent,Bachelor's Degree,Working full-time (permanent),Professional,0
114351410728.0,Male,37.0,32-44,Diploma/ certificates or equivalent,Diploma,Working full-time (permanent),Clerical Support Workers,1
114369708946.0,Female,34.0,32-44,Bachelor's degree/ advanced diploma or equivalent,Bachelor's Degree,Working full-time (permanent),Professional,0
114371458314.0,Female,35.0,32-44,Diploma/ certificates or equivalent,Diploma,Working full-time (contract),Service and Sales Workers,1
114372234381.0,Female,38.0,32-44,Bachelor's degree/ advanced diploma or equivalent,Bachelor's Degree,Working full-time (permanent),Elementary Occupations,1
114371475787.0,Female,32.0,32-44,Bachelor's degree/ advanced diploma or equivalent,Bachelor's Degree,Working full-time (permanent),Clerical Support Workers,1
114371480786.0,Male,35.0,32-44,Diploma/ certificates or equivalent,Diploma,Working full-time (permanent),Technician and Associate Professionals,0
114369566984.0,Male,37.0,32-44,Diploma/ certificates or equivalent,Diploma,Working full-time (permanent),Elementary Occupations,1
114365295689.0,Male,34.0,32-44,Diploma/ certificates or equivalent,Diploma,Working full-time (permanent),Clerical Support Workers,1
114366074454.0,Female,25.0,23-26,Diploma/ certificates or equivalent,Diploma,Working full-time (permanent),Professional,0
114348473691.0,Male,35.0,32-44,Bachelor's degree/ advanced diploma or equivalent,Bachelor's Degree,Working full-time (permanent),Professional,0
114371467528.0,Male,33.0,32-44,Diploma/ certificates or equivalent,Diploma,Working full-time (permanent),Craft and Related Trades Workers,1
114371457582.0,Female,43.0,32-44,Diploma/ certificates or equivalent,Diploma,Working full-time (permanent),Managers,0
114347722592.0,Female,28.0,27-31,Bachelor's degree/ advanced diploma or equivalent,Bachelor's Degree,Working full-time (contract),Technician and Associate Professionals,0
114371431221.0,Female,38.0,32-44,Bachelor's degree/ advanced diploma or equivalent,Bachelor's Degree,Working full-time (permanent),Craft and Related Trades Workers,1
114371592941.0,Male,27.0,27-31,Bachelor's degree/ advanced diploma or equivalent,Bachelor's Degree,Working full-time (contract),Professional,0
114371455719.0,Male,29.0,27-31,Bachelor's degree/ advanced diploma or equivalent,Bachelor's Degree,Working full-time (contract),Technician and Associate Professionals,0
114371560797.0,Female,27.0,27-31,Bachelor's degree/ advanced diploma or equivalent,Bachelor's Degree,Working full-time (permanent),Professional,0
114371552869.0,Female,24.0,23-26,Diploma/ certificates or equivalent,Diploma,Working part-time (contract),Service and Sales Workers,1
114369569378.0,Male,35.0,32-44,Bachelor's degree/ advanced diploma or equivalent,Bachelor's Degree,Working full-time (permanent),Professional,0
114371476132.0,Female,23.0,23-26,Bachelor's degree/ advanced diploma or equivalent,Bachelor's Degree,Working full-time (contract),Clerical Support Workers,1
114375715156.0,Female,37.0,32-44,Bachelor's degree/ advanced diploma or equivalent,Bachelor's Degree,Working full-time (permanent),Managers,0
114371333861.0,Male,34.0,32-44,Bachelor's degree/ advanced diploma or equivalent,Bachelor's Degree,Working full-time (permanent),Professional,0
114370725165.0,Male,34.0,32-44,Bachelor's degree/ advanced diploma or equivalent,Bachelor's Degree,Working full-time (permanent),Clerical Support Workers,1
114358949420.0,Male,28.0,27-31,Bachelor's degree/ advanced diploma or equivalent,Bachelor's Degree,Working full-time (permanent),Elementary Occupations,1
114371529392.0,Female,36.0,32-44,Bachelor's degree/ advanced diploma or equivalent,Bachelor's Degree,Working full-time (permanent),Professional,0
114371476305.0,Female,37.0,32-44,Bachelor's degree/ advanced diploma or equivalent,Bachelor's Degree,Working full-time (permanent),Service and Sales Workers,1
114371456514.0,Female,33.0,32-44,Diploma/ certificates or equivalent,Diploma,Working part-time (permanent),Service and Sales Workers,1
114371489612.0,Male,28.0,27-31,Diploma/ certificates or equivalent,Diploma,Working full-time (permanent),Elementary Occupations,1
114371590345.0,Male,37.0,32-44,Bachelor's degree/ advanced diploma or equivalent,Bachelor's Degree,Working full-time (permanent),Professional,0
114375664952.0,Female,35.0,32-44,Bachelor's degree/ advanced diploma or equivalent,Bachelor's Degree,Working full-time (contract),Professional,0
114371444426.0,Female,35.0,32-44,Bachelor's degree/ advanced diploma or equivalent,Bachelor's Degree,Working full-time (contract),Managers,0
114371478919.0,Female,30.0,27-31,Diploma/ certificates or equivalent,Diploma,Working full-time (permanent),Service and Sales Workers,1
114371523991.0,Female,36.0,32-44,Bachelor's degree/ advanced diploma or equivalent,Bachelor's Degree,Working full-time (permanent),Professional,0
114371508291.0,Female,28.0,27-31,Bachelor's degree/ advanced diploma or equivalent,Bachelor's Degree,Working full-time (permanent),Professional,0
114371471598.0,Female,43.0,32-44,Bachelor's degree/ advanced diploma or equivalent,Bachelor's Degree,Working full-time (permanent),Professional,0
114371472105.0,Female,40.0,32-44,Bachelor's degree/ advanced diploma or equivalent,Bachelor's Degree,Working full-time (permanent),Clerical Support Workers,1
114371474202.0,Male,28.0,27-31,Bachelor's degree/ advanced diploma or equivalent,Bachelor's Degree,Working full-time (permanent),Professional,0
114347729093.0,Female,26.0,23-26,Diploma/ certificates or equivalent,Diploma,Working full-time (contract),Technician and Associate Professionals,0
114371479004.0,Male,34.0,32-44,Diploma/ certificates or equivalent,Diploma,Working full-time (permanent),Clerical Support Workers,1
114371516232.0,Female,35.0,32-44,Bachelor's degree/ advanced diploma or equivalent,Bachelor's Degree,Working full-time (permanent),Technician and Associate Professionals,0
114326403672.0,Female,28.0,27-31,Bachelor's degree/ advanced diploma or equivalent,Bachelor's Degree,Working full-time (permanent),Technician and Associate Professionals,0
114370387095.0,Female,32.0,32-44,Bachelor's degree/ advanced diploma or equivalent,Bachelor's Degree,Working full-time (permanent),Service and Sales Workers,1
114326292444.0,Female,27.0,27-31,Diploma/ certificates or equivalent,Diploma,Working full-time (permanent),Managers,0
114359218615.0,Male,29.0,27-31,Bachelor's degree/ advanced diploma or equivalent,Bachelor's Degree,Working full-time (permanent),Managers,0
114376281944.0,Female,38.0,32-44,Bachelor's degree/ advanced diploma or equivalent,Bachelor's Degree,Working full-time (permanent),Professional,0
114371469669.0,Male,32.0,32-44,Diploma/ certificates or equivalent,Diploma,Working full-time (permanent),Clerical Support Workers,1
114347891619.0,Female,26.0,23-26,Diploma/ certificates or equivalent,Diploma,Working part-time (permanent),Managers,0
114371444053.0,Female,32.0,32-44,Diploma/ certificates or equivalent,Diploma,Working full-time (permanent),Service and Sales Workers,1
114371474788.0,Female,25.0,23-26,Diploma/ certificates or equivalent,Diploma,Working full-time (permanent),Technician and Associate Professionals,0
114371480065.0,Female,35.0,32-44,Diploma/ certificates or equivalent,Diploma,Working full-time (contract),Craft and Related Trades Workers,1
114359557459.0,Female,29.0,27-31,Diploma/ certificates or equivalent,Diploma,Working full-time (contract),Clerical Support Workers,1
114376313055.0,Female,37.0,32-44,Bachelor's degree/ advanced diploma or equivalent,Bachelor's Degree,Working full-time (permanent),Managers,0
114369727630.0,Male,35.0,32-44,Bachelor's degree/ advanced diploma or equivalent,Bachelor's Degree,Working full-time (permanent),Professional,0
114371445875.0,Female,35.0,32-44,Diploma/ certificates or equivalent,Diploma,Working full-time (permanent),Professional,0
114372218096.0,Male,34.0,32-44,Bachelor's degree/ advanced diploma or equivalent,Bachelor's Degree,Working full-time (permanent),Professional,0
114348472057.0,Female,30.0,27-31,Bachelor's degree/ advanced diploma or equivalent,Bachelor's Degree,Working full-time (permanent),Managers,0
114371500183.0,Female,36.0,32-44,Bachelor's degree/ advanced diploma or equivalent,Bachelor's Degree,Working full-time (permanent),Clerical Support Workers,1
114362388093.0,Female,38.0,32-44,Bachelor's degree/ advanced diploma or equivalent,Bachelor's Degree,Working full-time (permanent),Clerical Support Workers,1
114371494954.0,Female,31.0,27-31,Diploma/ certificates or equivalent,Diploma,Working full-time (permanent),Managers,0
114348949672.0,Male,26.0,23-26,Bachelor's degree/ advanced diploma or equivalent,Bachelor's Degree,Working part-time (permanent),Service and Sales Workers,1
114371414212.0,Male,34.0,32-44,Diploma/ certificates or equivalent,Diploma,Working full-time (permanent),Technician and Associate Professionals,0
114346858298.0,Female,30.0,27-31,Diploma/ certificates or equivalent,Diploma,Working full-time (permanent),Technician and Associate Professionals,0
114347711801.0,Female,29.0,27-31,Bachelor's degree/ advanced diploma or equivalent,Bachelor's Degree,Working full-time (contract),Professional,0
114371454843.0,Male,24.0,23-26,Diploma/ certificates or equivalent,Diploma,Working full-time (permanent),Technician and Associate Professionals,0
114347705242.0,Male,30.0,27-31,Bachelor's degree/ advanced diploma or equivalent,Bachelor's Degree,Working full-time (permanent),Technician and Associate Professionals,0
114347700015.0,Male,28.0,27-31,Bachelor's degree/ advanced diploma or equivalent,Bachelor's Degree,Working full-time (permanent),Clerical Support Workers,1
114369687365.0,Male,33.0,32-44,Diploma/ certificates or equivalent,Diploma,Working full-time (permanent),Managers,0
114371460790.0,Female,35.0,32-44,Diploma/ certificates or equivalent,Diploma,Working full-time (permanent),"Skilled Agriculture, Forestry, Livestock and Fishery Workers",1
114371270986.0,Male,35.0,32-44,Bachelor's degree/ advanced diploma or equivalent,Bachelor's Degree,Working full-time (permanent),Managers,0
114372260363.0,Female,23.0,23-26,Diploma/ certificates or equivalent,Diploma,Working full-time (permanent),Managers,0
114371531424.0,Male,32.0,32-44,Diploma/ certificates or equivalent,Diploma,Working full-time (permanent),Technician and Associate Professionals,0
114371373479.0,Male,33.0,32-44,Diploma/ certificates or equivalent,Diploma,Working full-time (contract),Craft and Related Trades Workers,1
114371404667.0,Male,31.0,27-31,Bachelor's degree/ advanced diploma or equivalent,Bachelor's Degree,Working full-time (permanent),Technician and Associate Professionals,0
114371515349.0,Female,35.0,32-44,Bachelor's degree/ advanced diploma or equivalent,Bachelor's Degree,Working full-time (permanent),Professional,0
114358724831.0,Male,38.0,32-44,Bachelor's degree/ advanced diploma or equivalent,Bachelor's Degree,Working full-time (permanent),Clerical Support Workers,1
114371439911.0,Male,33.0,32-44,Diploma/ certificates or equivalent,Diploma,Working full-time (contract),Technician and Associate Professionals,0
114371499460.0,Male,35.0,32-44,Diploma/ certificates or equivalent,Diploma,Working full-time (permanent),Service and Sales Workers,1
114371465501.0,Male,44.0,32-44,Bachelor's degree/ advanced diploma or equivalent,Bachelor's Degree,Working full-time (permanent),Managers,0
114371433582.0,Female,38.0,32-44,Bachelor's degree/ advanced diploma or equivalent,Bachelor's Degree,Working full-time (permanent),Professional,0
114371485523.0,Female,29.0,27-31,Diploma/ certificates or equivalent,Diploma,Working full-time (permanent),Clerical Support Workers,1
114349561486.0,Male,36.0,32-44,Bachelor's degree/ advanced diploma or equivalent,Bachelor's Degree,Working full-time (permanent),Managers,0
114371487672.0,Male,34.0,32-44,Bachelor's degree/ advanced diploma or equivalent,Bachelor's Degree,Working full-time (permanent),Managers,0
114371502084.0,Male,29.0,27-31,Diploma/ certificates or equivalent,Diploma,Working full-time (permanent),Professional,0
114371419708.0,Female,28.0,27-31,Bachelor's degree/ advanced diploma or equivalent,Bachelor's Degree,Working full-time (permanent),Professional,0
114371469439.0,Female,39.0,32-44,Bachelor's degree/ advanced diploma or equivalent,Bachelor's Degree,Working full-time (permanent),Technician and Associate Professionals,0
114371472002.0,Female,34.0,32-44,Bachelor's degree/ advanced diploma or equivalent,Bachelor's Degree,Working full-time (permanent),Professional,0
114371442958.0,Female,31.0,27-31,Diploma/ certificates or equivalent,Diploma,Working full-time (permanent),Service and Sales Workers,1
114369790299.0,Male,32.0,32-44,Diploma/ certificates or equivalent,Diploma,Working full-time (permanent),Technician and Associate Professionals,0
114371459113.0,Female,30.0,27-31,Bachelor's degree/ advanced diploma or equivalent,Bachelor's Degree,Working full-time (permanent),Clerical Support Workers,1
114371472577.0,Male,24.0,23-26,Diploma/ certificates or equivalent,Diploma,Working full-time (permanent),Clerical Support Workers,1
114371523267.0,Female,25.0,23-26,Diploma/ certificates or equivalent,Diploma,Working part-time (permanent),Service and Sales Workers,1
114371448841.0,Female,35.0,32-44,Bachelor's degree/ advanced diploma or equivalent,Bachelor's Degree,Working full-time (permanent),Service and Sales Workers,1
114371465929.0,Female,40.0,32-44,Bachelor's degree/ advanced diploma or equivalent,Bachelor's Degree,Working full-time (permanent),Clerical Support Workers,1
114371458121.0,Female,24.0,23-26,Diploma/ certificates or equivalent,Diploma,Working part-time (permanent),Service and Sales Workers,1
114371410897.0,Female,27.0,27-31,Diploma/ certificates or equivalent,Diploma,Working full-time (permanent),Technician and Associate Professionals,0
114359491687.0,Female,28.0,27-31,Diploma/ certificates or equivalent,Diploma,Working full-time (permanent),Professional,0
114371489511.0,Male,33.0,32-44,Diploma/ certificates or equivalent,Diploma,Working full-time (permanent),Service and Sales Workers,1
114347851935.0,Female,27.0,27-31,Diploma/ certificates or equivalent,Diploma,Working part-time (permanent),Clerical Support Workers,1
114326321317.0,Female,27.0,27-31,Bachelor's degree/ advanced diploma or equivalent,Bachelor's Degree,Working full-time (permanent),Technician and Associate Professionals,0
114358747700.0,Female,29.0,27-31,Diploma/ certificates or equivalent,Diploma,Working full-time (permanent),Clerical Support Workers,1
114370327065.0,Male,35.0,32-44,Bachelor's degree/ advanced diploma or equivalent,Bachelor's Degree,Working full-time (permanent),Professional,0
114328087218.0,Male,30.0,27-31,Bachelor's degree/ advanced diploma or equivalent,Bachelor's Degree,Working full-time (permanent),Professional,0
114371349693.0,Female,28.0,27-31,Bachelor's degree/ advanced diploma or equivalent,Bachelor's Degree,Working full-time (permanent),Professional,0
114350825592.0,Female,30.0,27-31,Bachelor's degree/ advanced diploma or equivalent,Bachelor's Degree,Working full-time (permanent),Technician and Associate Professionals,0
114348625494.0,Female,37.0,32-44,Bachelor's degree/ advanced diploma or equivalent,Bachelor's Degree,Working full-time (contract),Professional,0
114371495383.0,Female,35.0,32-44,Diploma/ certificates or equivalent,Diploma,Working full-time (permanent),Technician and Associate Professionals,0
114371401486.0,Female,38.0,32-44,Diploma/ certificates or equivalent,Diploma,Working full-time (permanent),Managers,0
114371474737.0,Male,35.0,32-44,Bachelor's degree/ advanced diploma or equivalent,Bachelor's Degree,Working full-time (permanent),Technician and Associate Professionals,0
114371465187.0,Female,27.0,27-31,Diploma/ certificates or equivalent,Diploma,Working full-time (permanent),Clerical Support Workers,1
114371480304.0,Female,26.0,23-26,Diploma/ certificates or equivalent,Diploma,Working part-time (permanent),Elementary Occupations,1
114371496167.0,Female,24.0,23-26,Bachelor's degree/ advanced diploma or equivalent,Bachelor's Degree,Working full-time (contract),Professional,0
114369682733.0,Male,35.0,32-44,Bachelor's degree/ advanced diploma or equivalent,Bachelor's Degree,Working full-time (permanent),Professional,0
114359411591.0,Male,28.0,27-31,Bachelor's degree/ advanced diploma or equivalent,Bachelor's Degree,Working full-time (permanent),Professional,0
114370688312.0,Male,35.0,32-44,Bachelor's degree/ advanced diploma or equivalent,Bachelor's Degree,Working full-time (permanent),Professional,0
114346995872.0,Female,23.0,23-26,Bachelor's degree/ advanced diploma or equivalent,Bachelor's Degree,Working full-time (permanent),Professional,0
114371425452.0,Male,26.0,23-26,Diploma/ certificates or equivalent,Diploma,Working full-time (permanent),Service and Sales Workers,1
114370409490.0,Female,34.0,32-44,Bachelor's degree/ advanced diploma or equivalent,Bachelor's Degree,Working full-time (permanent),Professional,0
114359515373.0,Male,37.0,32-44,Bachelor's degree/ advanced diploma or equivalent,Bachelor's Degree,Working full-time (permanent),Professional,0
114371399748.0,Female,38.0,32-44,Diploma/ certificates or equivalent,Diploma,Working part-time (permanent),Managers,0
114370465654.0,Female,31.0,27-31,Bachelor's degree/ advanced diploma or equivalent,Bachelor's Degree,Working full-time (permanent),Professional,0
114371379067.0,Female,32.0,32-44,Diploma/ certificates or equivalent,Diploma,Working full-time (contract),Elementary Occupations,1
114371479426.0,Female,43.0,32-44,Bachelor's degree/ advanced diploma or equivalent,Bachelor's Degree,Working full-time (permanent),Professional,0
114348155849.0,Male,28.0,27-31,Diploma/ certificates or equivalent,Diploma,Working full-time (permanent),Professional,0
114371586447.0,Female,41.0,32-44,Diploma/ certificates or equivalent,Diploma,Working full-time (permanent),Clerical Support Workers,1
114371647135.0,Male,39.0,32-44,Bachelor's degree/ advanced diploma or equivalent,Bachelor's Degree,Working full-time (permanent),Service and Sales Workers,1
114371424240.0,Male,36.0,32-44,Bachelor's degree/ advanced diploma or equivalent,Bachelor's Degree,Working full-time (permanent),Professional,0
114347805839.0,Female,29.0,27-31,Bachelor's degree/ advanced diploma or equivalent,Bachelor's Degree,Working full-time (permanent),Managers,0
114369798741.0,Male,33.0,32-44,Bachelor's degree/ advanced diploma or equivalent,Bachelor's Degree,Working full-time (permanent),Technician and Associate Professionals,0
114358872250.0,Female,29.0,27-31,Bachelor's degree/ advanced diploma or equivalent,Bachelor's Degree,Working full-time (contract),Clerical Support Workers,1
114371421388.0,Female,30.0,27-31,Diploma/ certificates or equivalent,Diploma,Working full-time (permanent),Professional,0
114371396708.0,Female,28.0,27-31,Diploma/ certificates or equivalent,Diploma,Working full-time (permanent),Professional,0
114347700099.0,Male,27.0,27-31,Diploma/ certificates or equivalent,Diploma,Working full-time (permanent),Technician and Associate Professionals,0
114371513276.0,Male,30.0,27-31,Diploma/ certificates or equivalent,Diploma,Working full-time (permanent),Service and Sales Workers,1
114359287628.0,Male,37.0,32-44,Bachelor's degree/ advanced diploma or equivalent,Bachelor's Degree,Working full-time (permanent),Professional,0
114371458752.0,Female,27.0,27-31,Diploma/ certificates or equivalent,Diploma,Working full-time (permanent),Professional,0
114348459089.0,Female,37.0,32-44,Bachelor's degree/ advanced diploma or equivalent,Bachelor's Degree,Working full-time (permanent),Technician and Associate Professionals,0
114371458481.0,Female,23.0,23-26,Bachelor's degree/ advanced diploma or equivalent,Bachelor's Degree,Working full-time (permanent),Professional,0
114371513004.0,Female,38.0,32-44,Bachelor's degree/ advanced diploma or equivalent,Bachelor's Degree,Working full-time (permanent),Professional,0
114373396012.0,Female,24.0,23-26,Diploma/ certificates or equivalent,Diploma,Working part-time (permanent),Professional,0
114371468799.0,Male,33.0,32-44,Diploma/ certificates or equivalent,Diploma,Working full-time (permanent),Technician and Associate Professionals,0
114371525377.0,Female,29.0,27-31,Bachelor's degree/ advanced diploma or equivalent,Bachelor's Degree,Working full-time (permanent),Professional,0
114359424153.0,Female,26.0,23-26,Diploma/ certificates or equivalent,Diploma,Working full-time (permanent),Professional,0
114372564516.0,Female,27.0,27-31,Bachelor's degree/ advanced diploma or equivalent,Bachelor's Degree,Working full-time (permanent),Managers,0
114370488003.0,Male,38.0,32-44,Bachelor's degree/ advanced diploma or equivalent,Bachelor's Degree,Working full-time (permanent),Professional,0
114371485604.0,Female,39.0,32-44,Bachelor's degree/ advanced diploma or equivalent,Bachelor's Degree,Working full-time (permanent),Professional,0
114371483788.0,Female,38.0,32-44,Diploma/ certificates or equivalent,Diploma,Working full-time (permanent),Managers,0
114371448483.0,Female,28.0,27-31,Diploma/ certificates or equivalent,Diploma,Working full-time (permanent),Managers,0
114371501273.0,Female,27.0,27-31,Bachelor's degree/ advanced diploma or equivalent,Bachelor's Degree,Working full-time (permanent),Technician and Associate Professionals,0
114371379783.0,Male,29.0,27-31,Bachelor's degree/ advanced diploma or equivalent,Bachelor's Degree,Working full-time (permanent),Managers,0
114371461531.0,Female,29.0,27-31,Bachelor's degree/ advanced diploma or equivalent,Bachelor's Degree,Working full-time (permanent),Professional,0
114371419142.0,Male,35.0,32-44,Diploma/ certificates or equivalent,Diploma,Working part-time (contract),Managers,0
114371454413.0,Female,31.0,27-31,Bachelor's degree/ advanced diploma or equivalent,Bachelor's Degree,Working full-time (permanent),Clerical Support Workers,1
114371467297.0,Male,30.0,27-31,Diploma/ certificates or equivalent,Diploma,Working full-time (permanent),Craft and Related Trades Workers,1
114359289798.0,Female,31.0,27-31,Bachelor's degree/ advanced diploma or equivalent,Bachelor's Degree,Working full-time (permanent),Professional,0
114371394438.0,Female,25.0,23-26,Bachelor's degree/ advanced diploma or equivalent,Bachelor's Degree,Working full-time (permanent),Service and Sales Workers,1
114348541299.0,Female,36.0,32-44,Bachelor's degree/ advanced diploma or equivalent,Bachelor's Degree,Working full-time (permanent),Service and Sales Workers,1
114358721643.0,Female,28.0,27-31,Bachelor's degree/ advanced diploma or equivalent,Bachelor's Degree,Working full-time (permanent),Professional,0
114371416661.0,Female,35.0,32-44,Diploma/ certificates or equivalent,Diploma,Working full-time (contract),Managers,0
114371472126.0,Male,36.0,32-44,Diploma/ certificates or equivalent,Diploma,Working full-time (permanent),Plant and Machine Operators and Assemblers,1
114371497954.0,Female,34.0,32-44,Diploma/ certificates or equivalent,Diploma,Working full-time (permanent),Technician and Associate Professionals,0
114371532836.0,Female,27.0,27-31,Diploma/ certificates or equivalent,Diploma,Working full-time (contract),Managers,0
114375915590.0,Female,34.0,32-44,Bachelor's degree/ advanced diploma or equivalent,Bachelor's Degree,Working full-time (permanent),Professional,0
114369609959.0,Male,36.0,32-44,Diploma/ certificates or equivalent,Diploma,Working full-time (permanent),Professional,0
114371465709.0,Male,37.0,32-44,Diploma/ certificates or equivalent,Diploma,Working full-time (permanent),Professional,0
114369783615.0,Female,34.0,32-44,Bachelor's degree/ advanced diploma or equivalent,Bachelor's Degree,Working full-time (contract),Managers,0
114371494746.0,Male,35.0,32-44,Diploma/ certificates or equivalent,Diploma,Working full-time (contract),Service and Sales Workers,1
114377982235.0,Female,35.0,32-44,Bachelor's degree/ advanced diploma or equivalent,Bachelor's Degree,Working full-time (permanent),Professional,0
114371311151.0,Male,34.0,32-44,Diploma/ certificates or equivalent,Diploma,Working full-time (permanent),Craft and Related Trades Workers,1
114371477450.0,Female,28.0,27-31,Diploma/ certificates or equivalent,Diploma,Working full-time (permanent),Professional,0
114371427374.0,Female,37.0,32-44,Diploma/ certificates or equivalent,Diploma,Working full-time (permanent),Clerical Support Workers,1
114371468674.0,Female,27.0,27-31,Bachelor's degree/ advanced diploma or equivalent,Bachelor's Degree,Working full-time (permanent),Service and Sales Workers,1
114369587940.0,Female,35.0,32-44,Bachelor's degree/ advanced diploma or equivalent,Bachelor's Degree,Working full-time (contract),Professional,0
114371467938.0,Female,40.0,32-44,Bachelor's degree/ advanced diploma or equivalent,Bachelor's Degree,Working full-time (contract),Technician and Associate Professionals,0
114369669287.0,Male,33.0,32-44,Bachelor's degree/ advanced diploma or equivalent,Bachelor's Degree,Working full-time (permanent),Technician and Associate Professionals,0
114371464969.0,Male,39.0,32-44,Bachelor's degree/ advanced diploma or equivalent,Bachelor's Degree,Working full-time (permanent),Professional,0
114337184487.0,Male,29.0,27-31,Bachelor's degree/ advanced diploma or equivalent,Bachelor's Degree,Working full-time (permanent),Elementary Occupations,1
114380039223.0,Male,37.0,32-44,Bachelor's degree/ advanced diploma or equivalent,Bachelor's Degree,Working full-time (permanent),Professional,0
114371488674.0,Female,38.0,32-44,Bachelor's degree/ advanced diploma or equivalent,Bachelor's Degree,Working full-time (permanent),Clerical Support Workers,1
114348502916.0,Female,28.0,27-31,Bachelor's degree/ advanced diploma or equivalent,Bachelor's Degree,Working full-time (permanent),Clerical Support Workers,1
114371401415.0,Male,28.0,27-31,Diploma/ certificates or equivalent,Diploma,Working part-time (contract),Plant and Machine Operators and Assemblers,1
114347703514.0,Female,28.0,27-31,Bachelor's degree/ advanced diploma or equivalent,Bachelor's Degree,Working full-time (contract),Clerical Support Workers,1
114347766798.0,Female,29.0,27-31,Diploma/ certificates or equivalent,Diploma,Working full-time (permanent),Professional,0
114371466089.0,Female,23.0,23-26,Diploma/ certificates or equivalent,Diploma,Working full-time (permanent),Professional,0
114371466143.0,Female,35.0,32-44,Bachelor's degree/ advanced diploma or equivalent,Bachelor's Degree,Working full-time (permanent),Clerical Support Workers,1
114347705217.0,Female,28.0,27-31,Bachelor's degree/ advanced diploma or equivalent,Bachelor's Degree,Working full-time (permanent),Technician and Associate Professionals,0
114359292446.0,Male,37.0,32-44,Bachelor's degree/ advanced diploma or equivalent,Bachelor's Degree,Working full-time (permanent),Professional,0
114371444687.0,Male,39.0,32-44,Diploma/ certificates or equivalent,Diploma,Working full-time (permanent),Technician and Associate Professionals,0
114375778307.0,Female,36.0,32-44,Bachelor's degree/ advanced diploma or equivalent,Bachelor's Degree,Working full-time (contract),Professional,0
114371458779.0,Female,32.0,32-44,Diploma/ certificates or equivalent,Diploma,Working full-time (permanent),Clerical Support Workers,1
114347762491.0,Female,26.0,23-26,Bachelor's degree/ advanced diploma or equivalent,Bachelor's Degree,Working full-time (permanent),Managers,0
114371475050.0,Male,35.0,32-44,Diploma/ certificates or equivalent,Diploma,Working full-time (permanent),Service and Sales Workers,1
114371489601.0,Male,32.0,32-44,Diploma/ certificates or equivalent,Diploma,Working full-time (permanent),Elementary Occupations,1
114377277293.0,Female,36.0,32-44,Bachelor's degree/ advanced diploma or equivalent,Bachelor's Degree,Working full-time (permanent),Technician and Associate Professionals,0
114346840223.0,Female,25.0,23-26,Bachelor's degree/ advanced diploma or equivalent,Bachelor's Degree,Working full-time (permanent),Professional,0
114372373275.0,Female,35.0,32-44,Bachelor's degree/ advanced diploma or equivalent,Bachelor's Degree,Working full-time (permanent),Professional,0
114355449227.0,Male,35.0,32-44,Bachelor's degree/ advanced diploma or equivalent,Bachelor's Degree,Working full-time (permanent),Professional,0
114371456806.0,Female,36.0,32-44,Diploma/ certificates or equivalent,Diploma,Working part-time (permanent),Professional,0
114371464799.0,Female,29.0,27-31,Diploma/ certificates or equivalent,Diploma,Working full-time (permanent),Elementary Occupations,1
114371493971.0,Female,33.0,32-44,Diploma/ certificates or equivalent,Diploma,Working full-time (permanent),Professional,0
114371473834.0,Male,33.0,32-44,Diploma/ certificates or equivalent,Diploma,Working full-time (permanent),Plant and Machine Operators and Assemblers,1
114371483089.0,Female,32.0,32-44,Diploma/ certificates or equivalent,Diploma,Working full-time (permanent),Professional,0
114371476966.0,Female,31.0,27-31,Bachelor's degree/ advanced diploma or equivalent,Bachelor's Degree,Working full-time (permanent),Technician and Associate Professionals,0
114330075160.0,Male,28.0,27-31,Diploma/ certificates or equivalent,Diploma,Working full-time (permanent),Service and Sales Workers,1
114371457991.0,Male,42.0,32-44,Bachelor's degree/ advanced diploma or equivalent,Bachelor's Degree,Working full-time (permanent),Professional,0
114371495385.0,Female,32.0,32-44,Bachelor's degree/ advanced diploma or equivalent,Bachelor's Degree,Working full-time (permanent),Managers,0
114371469392.0,Female,24.0,23-26,Diploma/ certificates or equivalent,Diploma,Working full-time (permanent),Clerical Support Workers,1
114349446431.0,Male,36.0,32-44,Bachelor's degree/ advanced diploma or equivalent,Bachelor's Degree,Working full-time (permanent),Managers,0
114371455662.0,Female,33.0,32-44,Diploma/ certificates or equivalent,Diploma,Working full-time (permanent),Managers,0
114347738786.0,Female,29.0,27-31,Bachelor's degree/ advanced diploma or equivalent,Bachelor's Degree,Working full-time (contract),Technician and Associate Professionals,0
114347704828.0,Female,27.0,27-31,Bachelor's degree/ advanced diploma or equivalent,Bachelor's Degree,Working full-time (contract),Professional,0
114369833173.0,Female,34.0,32-44,Diploma/ certificates or equivalent,Diploma,Working full-time (permanent),Clerical Support Workers,1
114347706852.0,Male,29.0,27-31,Bachelor's degree/ advanced diploma or equivalent,Bachelor's Degree,Working full-time (permanent),Technician and Associate Professionals,0
114371451463.0,Female,30.0,27-31,Diploma/ certificates or equivalent,Diploma,Working full-time (contract),Managers,0
114371476775.0,Female,26.0,23-26,Bachelor's degree/ advanced diploma or equivalent,Bachelor's Degree,Working part-time (permanent),Professional,0
114371480893.0,Male,35.0,32-44,Bachelor's degree/ advanced diploma or equivalent,Bachelor's Degree,Working full-time (contract),Service and Sales Workers,1
114371473746.0,Female,43.0,32-44,Bachelor's degree/ advanced diploma or equivalent,Bachelor's Degree,Working full-time (permanent),Professional,0
114371480978.0,Male,24.0,23-26,Diploma/ certificates or equivalent,Diploma,Working full-time (permanent),Service and Sales Workers,1
114347732877.0,Female,26.0,23-26,Bachelor's degree/ advanced diploma or equivalent,Bachelor's Degree,Working full-time (permanent),Managers,0
114371401786.0,Female,25.0,23-26,Bachelor's degree/ advanced diploma or equivalent,Bachelor's Degree,Working full-time (permanent),Managers,0
114371404482.0,Female,37.0,32-44,Bachelor's degree/ advanced diploma or equivalent,Bachelor's Degree,Working full-time (permanent),Clerical Support Workers,1
114371427033.0,Male,35.0,32-44,Bachelor's degree/ advanced diploma or equivalent,Bachelor's Degree,Working full-time (permanent),Clerical Support Workers,1
114371481387.0,Male,34.0,32-44,Diploma/ certificates or equivalent,Diploma,Working full-time (permanent),Elementary Occupations,1
114358985361.0,Male,28.0,27-31,Bachelor's degree/ advanced diploma or equivalent,Bachelor's Degree,Working full-time (permanent),Service and Sales Workers,1
114350447423.0,Male,26.0,23-26,Diploma/ certificates or equivalent,Diploma,Working full-time (permanent),Clerical Support Workers,1
114360039863.0,Female,27.0,27-31,Bachelor's degree/ advanced diploma or equivalent,Bachelor's Degree,Working full-time (permanent),Technician and Associate Professionals,0
114371486027.0,Female,36.0,32-44,Diploma/ certificates or equivalent,Diploma,Working part-time (permanent),Managers,0
114360623636.0,Male,38.0,32-44,Bachelor's degree/ advanced diploma or equivalent,Bachelor's Degree,Working full-time (permanent),Professional,0
114371450093.0,Male,33.0,32-44,Bachelor's degree/ advanced diploma or equivalent,Bachelor's Degree,Working full-time (permanent),Managers,0
114347823678.0,Female,26.0,23-26,Bachelor's degree/ advanced diploma or equivalent,Bachelor's Degree,Working full-time (contract),Clerical Support Workers,1
114371751339.0,Female,30.0,27-31,Diploma/ certificates or equivalent,Diploma,Working full-time (permanent),Technician and Associate Professionals,0
114371490127.0,Female,34.0,32-44,Bachelor's degree/ advanced diploma or equivalent,Bachelor's Degree,Working full-time (permanent),Clerical Support Workers,1
114369833364.0,Female,35.0,32-44,Bachelor's degree/ advanced diploma or equivalent,Bachelor's Degree,Working full-time (permanent),Professional,0
114348478142.0,Female,37.0,32-44,Diploma/ certificates or equivalent,Diploma,Working full-time (permanent),Clerical Support Workers,1
114372288834.0,Female,24.0,23-26,Diploma/ certificates or equivalent,Diploma,Working full-time (contract),Managers,0
114371462708.0,Male,32.0,32-44,Diploma/ certificates or equivalent,Diploma,Working full-time (permanent),Technician and Associate Professionals,0
114376329831.0,Female,36.0,32-44,Bachelor's degree/ advanced diploma or equivalent,Bachelor's Degree,Working full-time (contract),Professional,0
114371359388.0,Male,36.0,32-44,Diploma/ certificates or equivalent,Diploma,Working full-time (permanent),Professional,0
114371468838.0,Female,36.0,32-44,Bachelor's degree/ advanced diploma or equivalent,Bachelor's Degree,Working full-time (permanent),Professional,0
114376264224.0,Female,36.0,32-44,Bachelor's degree/ advanced diploma or equivalent,Bachelor's Degree,Working full-time (permanent),Professional,0
114371405190.0,Female,27.0,27-31,Diploma/ certificates or equivalent,Diploma,Working full-time (contract),Professional,0
114376568819.0,Female,36.0,32-44,Bachelor's degree/ advanced diploma or equivalent,Bachelor's Degree,Working full-time (permanent),Managers,0
114375835088.0,Male,34.0,32-44,Diploma/ certificates or equivalent,Diploma,Working full-time (permanent),Managers,0
114347010700.0,Female,29.0,27-31,Bachelor's degree/ advanced diploma or equivalent,Bachelor's Degree,Working full-time (permanent),Managers,0
114369798595.0,Female,34.0,32-44,Bachelor's degree/ advanced diploma or equivalent,Bachelor's Degree,Working full-time (permanent),Professional,0
114371468237.0,Male,41.0,32-44,Diploma/ certificates or equivalent,Diploma,Working full-time (permanent),Technician and Associate Professionals,0
114375639841.0,Female,37.0,32-44,Diploma/ certificates or equivalent,Diploma,Working full-time (permanent),Technician and Associate Professionals,0
114371422803.0,Male,27.0,27-31,Bachelor's degree/ advanced diploma or equivalent,Bachelor's Degree,Working full-time (permanent),Technician and Associate Professionals,0
114371464207.0,Male,35.0,32-44,Bachelor's degree/ advanced diploma or equivalent,Bachelor's Degree,Working full-time (contract),Professional,0
114348829422.0,Female,36.0,32-44,Bachelor's degree/ advanced diploma or equivalent,Bachelor's Degree,Working full-time (contract),Technician and Associate Professionals,0
114371441642.0,Male,39.0,32-44,Bachelor's degree/ advanced diploma or equivalent,Bachelor's Degree,Working full-time (permanent),Technician and Associate Professionals,0
114371476793.0,Female,27.0,27-31,Diploma/ certificates or equivalent,Diploma,Working full-time (permanent),Technician and Associate Professionals,0
114371556596.0,Female,30.0,27-31,Bachelor's degree/ advanced diploma or equivalent,Bachelor's Degree,Working full-time (permanent),Professional,0
114346978325.0,Female,29.0,27-31,Bachelor's degree/ advanced diploma or equivalent,Bachelor's Degree,Working full-time (permanent),Managers,0
114371440232.0,Female,32.0,32-44,Diploma/ certificates or equivalent,Diploma,Working part-time (permanent),Technician and Associate Professionals,0
114371485915.0,Female,32.0,32-44,Bachelor's degree/ advanced diploma or equivalent,Bachelor's Degree,Working full-time (contract),Technician and Associate Professionals,0
114376784952.0,Male,36.0,32-44,Bachelor's degree/ advanced diploma or equivalent,Bachelor's Degree,Working full-time (permanent),Managers,0
114371482882.0,Male,29.0,27-31,Diploma/ certificates or equivalent,Diploma,Working full-time (permanent),Technician and Associate Professionals,0
114371464735.0,Female,39.0,32-44,Bachelor's degree/ advanced diploma or equivalent,Bachelor's Degree,Working full-time (permanent),Clerical Support Workers,1
114347705655.0,Female,27.0,27-31,Diploma/ certificates or equivalent,Diploma,Working full-time (contract),Managers,0
114348623004.0,Male,35.0,32-44,Bachelor's degree/ advanced diploma or equivalent,Bachelor's Degree,Working full-time (permanent),Armed forces/uniform,1
114347708143.0,Female,28.0,27-31,Bachelor's degree/ advanced diploma or equivalent,Bachelor's Degree,Working full-time (permanent),Managers,0
114371486967.0,Female,32.0,32-44,Bachelor's degree/ advanced diploma or equivalent,Bachelor's Degree,Working full-time (permanent),Managers,0
114371469324.0,Female,43.0,32-44,Bachelor's degree/ advanced diploma or equivalent,Bachelor's Degree,Working full-time (permanent),Professional,0
114371399506.0,Male,33.0,32-44,Diploma/ certificates or equivalent,Diploma,Working full-time (permanent),Professional,0
114371506506.0,Male,35.0,32-44,Diploma/ certificates or equivalent,Diploma,Working full-time (permanent),Managers,0
114371424479.0,Female,31.0,27-31,Diploma/ certificates or equivalent,Diploma,Working full-time (permanent),Professional,0
114348031014.0,Female,29.0,27-31,Bachelor's degree/ advanced diploma or equivalent,Bachelor's Degree,Working full-time (permanent),Clerical Support Workers,1
114350926035.0,Female,28.0,27-31,Bachelor's degree/ advanced diploma or equivalent,Bachelor's Degree,Working full-time (contract),Professional,0
114370517540.0,Male,34.0,32-44,Bachelor's degree/ advanced diploma or equivalent,Bachelor's Degree,Working full-time (permanent),Clerical Support Workers,1
114358870509.0,Male,26.0,23-26,Bachelor's degree/ advanced diploma or equivalent,Bachelor's Degree,Working full-time (permanent),Professional,0
114347763425.0,Female,29.0,27-31,Bachelor's degree/ advanced diploma or equivalent,Bachelor's Degree,Working full-time (permanent),Technician and Associate Professionals,0
114371474776.0,Female,26.0,23-26,Bachelor's degree/ advanced diploma or equivalent,Bachelor's Degree,Working full-time (contract),Professional,0
114370467259.0,Female,35.0,32-44,Bachelor's degree/ advanced diploma or equivalent,Bachelor's Degree,Working full-time (contract),Clerical Support Workers,1
114371508997.0,Male,26.0,23-26,Bachelor's degree/ advanced diploma or equivalent,Bachelor's Degree,Working full-time (permanent),Professional,0
114348694711.0,Female,37.0,32-44,Bachelor's degree/ advanced diploma or equivalent,Bachelor's Degree,Working full-time (permanent),Managers,0
114371557299.0,Male,28.0,27-31,Bachelor's degree/ advanced diploma or equivalent,Bachelor's Degree,Working full-time (permanent),Professional,0
114371502584.0,Male,32.0,32-44,Diploma/ certificates or equivalent,Diploma,Working full-time (permanent),Service and Sales Workers,1
114338011435.0,Female,28.0,27-31,Bachelor's degree/ advanced diploma or equivalent,Bachelor's Degree,Working full-time (permanent),Professional,0
114371492126.0,Female,38.0,32-44,Diploma/ certificates or equivalent,Diploma,Working full-time (permanent),Managers,0
114371508005.0,Male,27.0,27-31,Bachelor's degree/ advanced diploma or equivalent,Bachelor's Degree,Working part-time (permanent),Clerical Support Workers,1
114371474102.0,Male,31.0,27-31,Diploma/ certificates or equivalent,Diploma,Working full-time (contract),Service and Sales Workers,1
114371486672.0,Female,34.0,32-44,Bachelor's degree/ advanced diploma or equivalent,Bachelor's Degree,Working full-time (permanent),Service and Sales Workers,1
114371464720.0,Female,41.0,32-44,Bachelor's degree/ advanced diploma or equivalent,Bachelor's Degree,Working full-time (permanent),Professional,0
114371472841.0,Male,28.0,27-31,Diploma/ certificates or equivalent,Diploma,Working full-time (contract),Technician and Associate Professionals,0
114353552813.0,Female,29.0,27-31,Bachelor's degree/ advanced diploma or equivalent,Bachelor's Degree,Working full-time (contract),Professional,0
114347714475.0,Male,29.0,27-31,Bachelor's degree/ advanced diploma or equivalent,Bachelor's Degree,Working full-time (permanent),Technician and Associate Professionals,0
114326380425.0,Female,27.0,27-31,Diploma/ certificates or equivalent,Diploma,Working full-time (permanent),Professional,0
114373721487.0,Male,36.0,32-44,Bachelor's degree/ advanced diploma or equivalent,Bachelor's Degree,Working full-time (permanent),Managers,0
114371469265.0,Female,28.0,27-31,Diploma/ certificates or equivalent,Diploma,Working full-time (permanent),Managers,0
114371467591.0,Female,36.0,32-44,Bachelor's degree/ advanced diploma or equivalent,Bachelor's Degree,Working full-time (permanent),Professional,0
114359330426.0,Female,37.0,32-44,Bachelor's degree/ advanced diploma or equivalent,Bachelor's Degree,Working full-time (permanent),Professional,0
114369787889.0,Female,35.0,32-44,Bachelor's degree/ advanced diploma or equivalent,Bachelor's Degree,Working full-time (permanent),Professional,0
114371295794.0,Female,29.0,27-31,Diploma/ certificates or equivalent,Diploma,Working part-time (permanent),Professional,0
114347818737.0,Female,29.0,27-31,Bachelor's degree/ advanced diploma or equivalent,Bachelor's Degree,Working full-time (permanent),Professional,0
114371505046.0,Female,36.0,32-44,Diploma/ certificates or equivalent,Diploma,Working full-time (permanent),Managers,0
114371407828.0,Female,35.0,32-44,Bachelor's degree/ advanced diploma or equivalent,Bachelor's Degree,Working full-time (permanent),Professional,0
114369750162.0,Female,32.0,32-44,Diploma/ certificates or equivalent,Diploma,Working full-time (contract),Professional,0
114371394459.0,Female,24.0,23-26,Diploma/ certificates or equivalent,Diploma,Working full-time (permanent),Managers,0
114371512405.0,Female,32.0,32-44,Diploma/ certificates or equivalent,Diploma,Working full-time (permanent),Technician and Associate Professionals,0
114371515453.0,Female,35.0,32-44,Bachelor's degree/ advanced diploma or equivalent,Bachelor's Degree,Working full-time (permanent),Professional,0
114326256675.0,Male,31.0,27-31,Bachelor's degree/ advanced diploma or equivalent,Bachelor's Degree,Working full-time (permanent),Professional,0
114371571914.0,Female,28.0,27-31,Diploma/ certificates or equivalent,Diploma,Working full-time (contract),Professional,0
114347734710.0,Female,28.0,27-31,Diploma/ certificates or equivalent,Diploma,Working full-time (permanent),Professional,0
114326271014.0,Female,28.0,27-31,Diploma/ certificates or equivalent,Diploma,Working full-time (permanent),Professional,0
114348552899.0,Male,30.0,27-31,Bachelor's degree/ advanced diploma or equivalent,Bachelor's Degree,Working full-time (permanent),Professional,0
114371426899.0,Female,32.0,32-44,Bachelor's degree/ advanced diploma or equivalent,Bachelor's Degree,Working full-time (permanent),Clerical Support Workers,1
114371504603.0,Female,38.0,32-44,Diploma/ certificates or equivalent,Diploma,Working full-time (permanent),Clerical Support Workers,1
114371381435.0,Female,35.0,32-44,Bachelor's degree/ advanced diploma or equivalent,Bachelor's Degree,Working full-time (permanent),Professional,0
114369574712.0,Female,34.0,32-44,Bachelor's degree/ advanced diploma or equivalent,Bachelor's Degree,Working full-time (contract),Technician and Associate Professionals,0
114371464988.0,Male,23.0,23-26,Diploma/ certificates or equivalent,Diploma,Working full-time (permanent),Professional,0
114371484374.0,Female,30.0,27-31,Diploma/ certificates or equivalent,Diploma,Working full-time (permanent),Professional,0
114358820946.0,Male,28.0,27-31,Diploma/ certificates or equivalent,Diploma,Working full-time (contract),Professional,0
114371497995.0,Female,23.0,23-26,Diploma/ certificates or equivalent,Diploma,Working full-time (permanent),Technician and Associate Professionals,0
114371482141.0,Male,32.0,32-44,Diploma/ certificates or equivalent,Diploma,Working full-time (contract),Elementary Occupations,1
114371450627.0,Male,38.0,32-44,Diploma/ certificates or equivalent,Diploma,Working full-time (permanent),Elementary Occupations,1
114371437100.0,Female,33.0,32-44,Diploma/ certificates or equivalent,Diploma,Working full-time (permanent),Plant and Machine Operators and Assemblers,1
114371439811.0,Female,35.0,32-44,Bachelor's degree/ advanced diploma or equivalent,Bachelor's Degree,Working full-time (permanent),Professional,0
114347307568.0,Female,23.0,23-26,Diploma/ certificates or equivalent,Diploma,Working full-time (permanent),Managers,0
114371490277.0,Female,26.0,23-26,Bachelor's degree/ advanced diploma or equivalent,Bachelor's Degree,Working full-time (contract),Managers,0
114349618744.0,Female,30.0,27-31,Bachelor's degree/ advanced diploma or equivalent,Bachelor's Degree,Working full-time (permanent),Managers,0
114371704223.0,Female,37.0,32-44,Bachelor's degree/ advanced diploma or equivalent,Bachelor's Degree,Working full-time (permanent),Professional,0
114371494493.0,Female,25.0,23-26,Diploma/ certificates or equivalent,Diploma,Working full-time (permanent),Technician and Associate Professionals,0
114347732219.0,Male,30.0,27-31,Bachelor's degree/ advanced diploma or equivalent,Bachelor's Degree,Working full-time (contract),Professional,0
114371494787.0,Male,31.0,27-31,Bachelor's degree/ advanced diploma or equivalent,Bachelor's Degree,Working full-time (permanent),Managers,0
114371482638.0,Male,35.0,32-44,Bachelor's degree/ advanced diploma or equivalent,Bachelor's Degree,Working full-time (contract),Craft and Related Trades Workers,1
114371353869.0,Female,35.0,32-44,Diploma/ certificates or equivalent,Diploma,Working full-time (permanent),Clerical Support Workers,1
114369722473.0,Female,32.0,32-44,Bachelor's degree/ advanced diploma or equivalent,Bachelor's Degree,Working part-time (contract),Service and Sales Workers,1
114371478752.0,Female,26.0,23-26,Bachelor's degree/ advanced diploma or equivalent,Bachelor's Degree,Working part-time (permanent),Professional,0
114349580087.0,Female,31.0,27-31,Bachelor's degree/ advanced diploma or equivalent,Bachelor's Degree,Working full-time (permanent),Clerical Support Workers,1
114358768859.0,Female,28.0,27-31,Diploma/ certificates or equivalent,Diploma,Working full-time (permanent),Professional,0
114366804011.0,Female,26.0,23-26,Bachelor's degree/ advanced diploma or equivalent,Bachelor's Degree,Working full-time (permanent),Managers,0
114371487760.0,Male,30.0,27-31,Bachelor's degree/ advanced diploma or equivalent,Bachelor's Degree,Working full-time (permanent),Professional,0
114371449215.0,Female,31.0,27-31,Diploma/ certificates or equivalent,Diploma,Working full-time (permanent),Technician and Associate Professionals,0
114369727868.0,Male,36.0,32-44,Bachelor's degree/ advanced diploma or equivalent,Bachelor's Degree,Working full-time (permanent),Elementary Occupations,1
114371427592.0,Female,36.0,32-44,Bachelor's degree/ advanced diploma or equivalent,Bachelor's Degree,Working full-time (permanent),Professional,0
114371455887.0,Female,26.0,23-26,Diploma/ certificates or equivalent,Diploma,Working full-time (permanent),Professional,0
114347873462.0,Male,28.0,27-31,Diploma/ certificates or equivalent,Diploma,Working full-time (permanent),Managers,0
114371529449.0,Female,29.0,27-31,Diploma/ certificates or equivalent,Diploma,Working full-time (permanent),Professional,0
114371530797.0,Male,36.0,32-44,Diploma/ certificates or equivalent,Diploma,Working full-time (permanent),Technician and Associate Professionals,0
114358733049.0,Female,26.0,23-26,Diploma/ certificates or equivalent,Diploma,Working full-time (permanent),Technician and Associate Professionals,0
114358725889.0,Female,29.0,27-31,Bachelor's degree/ advanced diploma or equivalent,Bachelor's Degree,Working full-time (permanent),Clerical Support Workers,1
114371613237.0,Female,39.0,32-44,Bachelor's degree/ advanced diploma or equivalent,Bachelor's Degree,Working full-time (permanent),Professional,0
114371807520.0,Male,37.0,32-44,Diploma/ certificates or equivalent,Diploma,Working full-time (permanent),Armed forces/uniform,1
114347705674.0,Female,27.0,27-31,Diploma/ certificates or equivalent,Diploma,Working full-time (permanent),Managers,0
114371445361.0,Female,40.0,32-44,Diploma/ certificates or equivalent,Diploma,Working full-time (permanent),Technician and Associate Professionals,0
114371466371.0,Male,28.0,27-31,Diploma/ certificates or equivalent,Diploma,Working full-time (contract),Professional,0
114337181165.0,Female,27.0,27-31,Bachelor's degree/ advanced diploma or equivalent,Bachelor's Degree,Working full-time (contract),Professional,0
114371419479.0,Female,29.0,27-31,Bachelor's degree/ advanced diploma or equivalent,Bachelor's Degree,Working full-time (permanent),Professional,0
114371461951.0,Female,34.0,32-44,Diploma/ certificates or equivalent,Diploma,Working full-time (permanent),Clerical Support Workers,1
114347987070.0,Female,27.0,27-31,Bachelor's degree/ advanced diploma or equivalent,Bachelor's Degree,Working part-time (contract),Managers,0
114371302765.0,Male,36.0,32-44,Diploma/ certificates or equivalent,Diploma,Working full-time (permanent),Plant and Machine Operators and Assemblers,1
114371319321.0,Female,26.0,23-26,Bachelor's degree/ advanced diploma or equivalent,Bachelor's Degree,Working full-time (permanent),Service and Sales Workers,1
114371475545.0,Female,29.0,27-31,Bachelor's degree/ advanced diploma or equivalent,Bachelor's Degree,Working full-time (permanent),Clerical Support Workers,1
114371524353.0,Female,31.0,27-31,Bachelor's degree/ advanced diploma or equivalent,Bachelor's Degree,Working full-time (contract),Professional,0
114359508921.0,Male,26.0,23-26,Bachelor's degree/ advanced diploma or equivalent,Bachelor's Degree,Working full-time (permanent),Professional,0
114371407207.0,Male,35.0,32-44,Diploma/ certificates or equivalent,Diploma,Working part-time (permanent),Plant and Machine Operators and Assemblers,1
114371499916.0,Female,36.0,32-44,Bachelor's degree/ advanced diploma or equivalent,Bachelor's Degree,Working full-time (permanent),Professional,0
114371625226.0,Female,24.0,23-26,Diploma/ certificates or equivalent,Diploma,Working full-time (permanent),Service and Sales Workers,1
114371543044.0,Female,36.0,32-44,Bachelor's degree/ advanced diploma or equivalent,Bachelor's Degree,Working full-time (permanent),Professional,0
114371444775.0,Female,35.0,32-44,Diploma/ certificates or equivalent,Diploma,Working full-time (permanent),Professional,0
114371490250.0,Female,35.0,32-44,Diploma/ certificates or equivalent,Diploma,Working full-time (permanent),Elementary Occupations,1
114371468417.0,Female,28.0,27-31,Bachelor's degree/ advanced diploma or equivalent,Bachelor's Degree,Working full-time (permanent),Managers,0
114359313856.0,Male,32.0,32-44,Bachelor's degree/ advanced diploma or equivalent,Bachelor's Degree,Working full-time (permanent),Professional,0
114371473209.0,Female,34.0,32-44,Diploma/ certificates or equivalent,Diploma,Working full-time (permanent),Professional,0
114369911298.0,Male,33.0,32-44,Diploma/ certificates or equivalent,Diploma,Working full-time (permanent),Clerical Support Workers,1
114371468400.0,Male,34.0,32-44,Diploma/ certificates or equivalent,Diploma,Working full-time (permanent),Armed forces/uniform,1
114371477037.0,Female,37.0,32-44,Bachelor's degree/ advanced diploma or equivalent,Bachelor's Degree,Working full-time (permanent),Managers,0
114369581024.0,Male,35.0,32-44,Bachelor's degree/ advanced diploma or equivalent,Bachelor's Degree,Working full-time (permanent),Technician and Associate Professionals,0
114371426724.0,Female,38.0,32-44,Bachelor's degree/ advanced diploma or equivalent,Bachelor's Degree,Working full-time (permanent),Professional,0
114372425337.0,Male,35.0,32-44,Diploma/ certificates or equivalent,Diploma,Working full-time (permanent),Technician and Associate Professionals,0
114371458173.0,Female,35.0,32-44,Diploma/ certificates or equivalent,Diploma,Working part-time (contract),Clerical Support Workers,1
114371424374.0,Male,23.0,23-26,Diploma/ certificates or equivalent,Diploma,Working full-time (permanent),Service and Sales Workers,1
114371492847.0,Female,33.0,32-44,Bachelor's degree/ advanced diploma or equivalent,Bachelor's Degree,Working full-time (permanent),Craft and Related Trades Workers,1
114370404192.0,Female,34.0,32-44,Bachelor's degree/ advanced diploma or equivalent,Bachelor's Degree,Working full-time (contract),Managers,0
114372289591.0,Male,28.0,27-31,Diploma/ certificates or equivalent,Diploma,Working full-time (permanent),Technician and Associate Professionals,0
114371628223.0,Female,35.0,32-44,Bachelor's degree/ advanced diploma or equivalent,Bachelor's Degree,Working full-time (permanent),Technician and Associate Professionals,0
114371476668.0,Female,28.0,27-31,Diploma/ certificates or equivalent,Diploma,Working full-time (permanent),Clerical Support Workers,1
114371488625.0,Female,36.0,32-44,Diploma/ certificates or equivalent,Diploma,Working full-time (permanent),Technician and Associate Professionals,0
114371460214.0,Male,37.0,32-44,Bachelor's degree/ advanced diploma or equivalent,Bachelor's Degree,Working full-time (permanent),Managers,0
114348073677.0,Male,38.0,32-44,Bachelor's degree/ advanced diploma or equivalent,Bachelor's Degree,Working full-time (permanent),Technician and Associate Professionals,0
114370384813.0,Female,35.0,32-44,Bachelor's degree/ advanced diploma or equivalent,Bachelor's Degree,Working full-time (permanent),Managers,0
114358783751.0,Male,33.0,32-44,Bachelor's degree/ advanced diploma or equivalent,Bachelor's Degree,Working full-time (permanent),Technician and Associate Professionals,0
114358815637.0,Female,30.0,27-31,Diploma/ certificates or equivalent,Diploma,Working full-time (contract),Professional,0
114371433162.0,Female,38.0,32-44,Diploma/ certificates or equivalent,Diploma,Working full-time (permanent),Technician and Associate Professionals,0
114371420051.0,Female,38.0,32-44,Bachelor's degree/ advanced diploma or equivalent,Bachelor's Degree,Working full-time (permanent),Professional,0
114371462790.0,Female,36.0,32-44,Bachelor's degree/ advanced diploma or equivalent,Bachelor's Degree,Working full-time (contract),Managers,0
114371481630.0,Male,35.0,32-44,Bachelor's degree/ advanced diploma or equivalent,Bachelor's Degree,Working full-time (permanent),Technician and Associate Professionals,0
114372158181.0,Female,33.0,32-44,Diploma/ certificates or equivalent,Diploma,Working full-time (permanent),Managers,0
114376735421.0,Female,37.0,32-44,Bachelor's degree/ advanced diploma or equivalent,Bachelor's Degree,Working full-time (permanent),Professional,0
114371292620.0,Female,34.0,32-44,Diploma/ certificates or equivalent,Diploma,Working full-time (permanent),Managers,0
114375636902.0,Female,37.0,32-44,Bachelor's degree/ advanced diploma or equivalent,Bachelor's Degree,Working full-time (permanent),Professional,0
114347830917.0,Female,28.0,27-31,Bachelor's degree/ advanced diploma or equivalent,Bachelor's Degree,Working full-time (permanent),Managers,0
114371469314.0,Female,33.0,32-44,Diploma/ certificates or equivalent,Diploma,Working full-time (permanent),Technician and Associate Professionals,0
114337301601.0,Female,27.0,27-31,Bachelor's degree/ advanced diploma or equivalent,Bachelor's Degree,Working full-time (contract),Professional,0
114371471861.0,Male,41.0,32-44,Diploma/ certificates or equivalent,Diploma,Working full-time (permanent),Service and Sales Workers,1
114346740329.0,Female,27.0,27-31,Bachelor's degree/ advanced diploma or equivalent,Bachelor's Degree,Working full-time (permanent),Managers,0
114347717007.0,Female,28.0,27-31,Bachelor's degree/ advanced diploma or equivalent,Bachelor's Degree,Working full-time (permanent),Managers,0
114371434849.0,Female,26.0,23-26,Bachelor's degree/ advanced diploma or equivalent,Bachelor's Degree,Working full-time (permanent),Service and Sales Workers,1
114371564317.0,Female,26.0,23-26,Diploma/ certificates or equivalent,Diploma,Working full-time (permanent),Technician and Associate Professionals,0
114347014147.0,Female,27.0,27-31,Bachelor's degree/ advanced diploma or equivalent,Bachelor's Degree,Working full-time (permanent),Professional,0
114371433414.0,Male,36.0,32-44,Bachelor's degree/ advanced diploma or equivalent,Bachelor's Degree,Working full-time (permanent),Managers,0
114371484503.0,Male,36.0,32-44,Diploma/ certificates or equivalent,Diploma,Working full-time (permanent),Managers,0
114371480162.0,Female,39.0,32-44,Bachelor's degree/ advanced diploma or equivalent,Bachelor's Degree,Working full-time (permanent),Professional,0
114359257405.0,Male,36.0,32-44,Bachelor's degree/ advanced diploma or equivalent,Bachelor's Degree,Working full-time (permanent),Managers,0
114371504633.0,Female,26.0,23-26,Bachelor's degree/ advanced diploma or equivalent,Bachelor's Degree,Working full-time (contract),Clerical Support Workers,1
114371465455.0,Female,35.0,32-44,Diploma/ certificates or equivalent,Diploma,Working full-time (permanent),Technician and Associate Professionals,0
114370934216.0,Male,32.0,32-44,Bachelor's degree/ advanced diploma or equivalent,Bachelor's Degree,Working full-time (permanent),Professional,0
114371303186.0,Female,30.0,27-31,Diploma/ certificates or equivalent,Diploma,Working full-time (permanent),Craft and Related Trades Workers,1
114363164431.0,Male,36.0,32-44,Bachelor's degree/ advanced diploma or equivalent,Bachelor's Degree,Working full-time (contract),Technician and Associate Professionals,0
114371471409.0,Male,32.0,32-44,Diploma/ certificates or equivalent,Diploma,Working full-time (permanent),Professional,0
114358733538.0,Male,27.0,27-31,Diploma/ certificates or equivalent,Diploma,Working full-time (permanent),Managers,0
114371498206.0,Male,23.0,23-26,Diploma/ certificates or equivalent,Diploma,Working full-time (contract),Elementary Occupations,1
114347705027.0,Male,25.0,23-26,Diploma/ certificates or equivalent,Diploma,Working full-time (contract),Technician and Associate Professionals,0
114369582531.0,Male,37.0,32-44,Bachelor's degree/ advanced diploma or equivalent,Bachelor's Degree,Working full-time (permanent),Managers,0
114371474864.0,Male,34.0,32-44,Diploma/ certificates or equivalent,Diploma,Working full-time (permanent),Armed forces/uniform,1
114371479549.0,Female,42.0,32-44,Bachelor's degree/ advanced diploma or equivalent,Bachelor's Degree,Working full-time (permanent),Professional,0
114348500464.0,Female,28.0,27-31,Diploma/ certificates or equivalent,Diploma,Working full-time (contract),Service and Sales Workers,1
114358707032.0,Female,32.0,32-44,Bachelor's degree/ advanced diploma or equivalent,Bachelor's Degree,Working full-time (permanent),Managers,0
114358782071.0,Female,26.0,23-26,Bachelor's degree/ advanced diploma or equivalent,Bachelor's Degree,Working full-time (permanent),Managers,0
114372389170.0,Female,28.0,27-31,Bachelor's degree/ advanced diploma or equivalent,Bachelor's Degree,Working full-time (permanent),Elementary Occupations,1
114347727281.0,Male,29.0,27-31,Bachelor's degree/ advanced diploma or equivalent,Bachelor's Degree,Working full-time (permanent),Technician and Associate Professionals,0
114326824347.0,Female,29.0,27-31,Bachelor's degree/ advanced diploma or equivalent,Bachelor's Degree,Working full-time (permanent),Professional,0
114371467107.0,Female,35.0,32-44,Bachelor's degree/ advanced diploma or equivalent,Bachelor's Degree,Working full-time (permanent),Professional,0
114371470325.0,Male,24.0,23-26,Bachelor's degree/ advanced diploma or equivalent,Bachelor's Degree,Working full-time (permanent),Professional,0
114371496871.0,Female,38.0,32-44,Diploma/ certificates or equivalent,Diploma,Working full-time (permanent),Managers,0
114371454700.0,Male,25.0,23-26,Bachelor's degree/ advanced diploma or equivalent,Bachelor's Degree,Working full-time (permanent),Elementary Occupations,1
114375641503.0,Female,38.0,32-44,Bachelor's degree/ advanced diploma or equivalent,Bachelor's Degree,Working full-time (permanent),Clerical Support Workers,1
114350443223.0,Male,36.0,32-44,Bachelor's degree/ advanced diploma or equivalent,Bachelor's Degree,Working full-time (permanent),Professional,0
114346045690.0,Female,28.0,27-31,Bachelor's degree/ advanced diploma or equivalent,Bachelor's Degree,Working full-time (contract),Clerical Support Workers,1
114371458404.0,Female,28.0,27-31,Bachelor's degree/ advanced diploma or equivalent,Bachelor's Degree,Working full-time (contract),Professional,0
114371433612.0,Female,40.0,32-44,Diploma/ certificates or equivalent,Diploma,Working full-time (permanent),Managers,0
114371397757.0,Female,29.0,27-31,Diploma/ certificates or equivalent,Diploma,Working full-time (permanent),Managers,0
114371481446.0,Male,33.0,32-44,Diploma/ certificates or equivalent,Diploma,Working full-time (permanent),Professional,0
114348853474.0,Female,26.0,23-26,Bachelor's degree/ advanced diploma or equivalent,Bachelor's Degree,Working full-time (contract),Clerical Support Workers,1
114347900151.0,Female,27.0,27-31,Bachelor's degree/ advanced diploma or equivalent,Bachelor's Degree,Working full-time (permanent),Technician and Associate Professionals,0
114371508802.0,Female,23.0,23-26,Diploma/ certificates or equivalent,Diploma,Working full-time (permanent),Service and Sales Workers,1
114371658599.0,Male,36.0,32-44,Bachelor's degree/ advanced diploma or equivalent,Bachelor's Degree,Working full-time (permanent),Managers,0
114337371719.0,Female,35.0,32-44,Bachelor's degree/ advanced diploma or equivalent,Bachelor's Degree,Working full-time (permanent),Professional,0
114358733027.0,Female,29.0,27-31,Bachelor's degree/ advanced diploma or equivalent,Bachelor's Degree,Working full-time (permanent),Clerical Support Workers,1
114347717600.0,Male,28.0,27-31,Diploma/ certificates or equivalent,Diploma,Working full-time (permanent),Craft and Related Trades Workers,1
114371851493.0,Female,33.0,32-44,Diploma/ certificates or equivalent,Diploma,Working full-time (permanent),Technician and Associate Professionals,0
114371451593.0,Female,29.0,27-31,Diploma/ certificates or equivalent,Diploma,Working part-time (permanent),Service and Sales Workers,1
114371434275.0,Female,28.0,27-31,Diploma/ certificates or equivalent,Diploma,Working full-time (permanent),Managers,0
114371479675.0,Female,24.0,23-26,Bachelor's degree/ advanced diploma or equivalent,Bachelor's Degree,Working full-time (permanent),Managers,0
114371551481.0,Male,35.0,32-44,Bachelor's degree/ advanced diploma or equivalent,Bachelor's Degree,Working full-time (permanent),Professional,0
114326284489.0,Female,27.0,27-31,Diploma/ certificates or equivalent,Diploma,Working full-time (permanent),Managers,0
114371395929.0,Female,25.0,23-26,Bachelor's degree/ advanced diploma or equivalent,Bachelor's Degree,Working full-time (permanent),Professional,0
114371478139.0,Female,34.0,32-44,Diploma/ certificates or equivalent,Diploma,Working full-time (permanent),Technician and Associate Professionals,0
114372199814.0,Female,35.0,32-44,Diploma/ certificates or equivalent,Diploma,Working full-time (permanent),Professional,0
114371404840.0,Male,35.0,32-44,Bachelor's degree/ advanced diploma or equivalent,Bachelor's Degree,Working full-time (permanent),Managers,0
114371472181.0,Female,28.0,27-31,Bachelor's degree/ advanced diploma or equivalent,Bachelor's Degree,Working full-time (permanent),Professional,0
114371605791.0,Female,34.0,32-44,Bachelor's degree/ advanced diploma or equivalent,Bachelor's Degree,Working full-time (permanent),Professional,0
114369721960.0,Male,32.0,32-44,Diploma/ certificates or equivalent,Diploma,Working full-time (permanent),Professional,0
114371468305.0,Female,26.0,23-26,Bachelor's degree/ advanced diploma or equivalent,Bachelor's Degree,Working full-time (permanent),Professional,0
114359514580.0,Female,27.0,27-31,Diploma/ certificates or equivalent,Diploma,Working part-time (permanent),Service and Sales Workers,1
114369719410.0,Male,34.0,32-44,Bachelor's degree/ advanced diploma or equivalent,Bachelor's Degree,Working full-time (permanent),Professional,0
114371451664.0,Male,38.0,32-44,Diploma/ certificates or equivalent,Diploma,Working full-time (permanent),Craft and Related Trades Workers,1
114371446297.0,Female,23.0,23-26,Diploma/ certificates or equivalent,Diploma,Working full-time (permanent),Technician and Associate Professionals,0
114360627366.0,Female,29.0,27-31,Bachelor's degree/ advanced diploma or equivalent,Bachelor's Degree,Working full-time (permanent),Professional,0
114371485511.0,Female,39.0,32-44,Bachelor's degree/ advanced diploma or equivalent,Bachelor's Degree,Working full-time (permanent),Professional,0
114371452066.0,Male,35.0,32-44,Diploma/ certificates or equivalent,Diploma,Working part-time (permanent),Technician and Associate Professionals,0
114337425077.0,Female,29.0,27-31,Bachelor's degree/ advanced diploma or equivalent,Bachelor's Degree,Working full-time (contract),Professional,0
114358733463.0,Female,28.0,27-31,Bachelor's degree/ advanced diploma or equivalent,Bachelor's Degree,Working full-time (permanent),Service and Sales Workers,1
114371468426.0,Male,36.0,32-44,Bachelor's degree/ advanced diploma or equivalent,Bachelor's Degree,Working full-time (permanent),Technician and Associate Professionals,0
114371524148.0,Female,23.0,23-26,Diploma/ certificates or equivalent,Diploma,Working full-time (permanent),Technician and Associate Professionals,0
114371467051.0,Male,35.0,32-44,Bachelor's degree/ advanced diploma or equivalent,Bachelor's Degree,Working full-time (permanent),Professional,0
114371397814.0,Male,25.0,23-26,Bachelor's degree/ advanced diploma or equivalent,Bachelor's Degree,Working full-time (permanent),Managers,0
114359269125.0,Female,29.0,27-31,Bachelor's degree/ advanced diploma or equivalent,Bachelor's Degree,Working full-time (permanent),Clerical Support Workers,1
114371442897.0,Female,27.0,27-31,Diploma/ certificates or equivalent,Diploma,Working full-time (permanent),Technician and Associate Professionals,0
114371284665.0,Male,33.0,32-44,Diploma/ certificates or equivalent,Diploma,Working full-time (permanent),Professional,0
114371489990.0,Female,39.0,32-44,Bachelor's degree/ advanced diploma or equivalent,Bachelor's Degree,Working full-time (permanent),Professional,0
114358793729.0,Female,26.0,23-26,Diploma/ certificates or equivalent,Diploma,Working full-time (contract),Elementary Occupations,1
114371392294.0,Male,23.0,23-26,Diploma/ certificates or equivalent,Diploma,Working full-time (permanent),Armed forces/uniform,1
114371413816.0,Male,26.0,23-26,Bachelor's degree/ advanced diploma or equivalent,Bachelor's Degree,Working full-time (permanent),Clerical Support Workers,1
114371444420.0,Female,26.0,23-26,Diploma/ certificates or equivalent,Diploma,Working full-time (permanent),Professional,0
114371621810.0,Female,35.0,32-44,Bachelor's degree/ advanced diploma or equivalent,Bachelor's Degree,Working full-time (permanent),Clerical Support Workers,1
114371472757.0,Female,34.0,32-44,Diploma/ certificates or equivalent,Diploma,Working full-time (permanent),Elementary Occupations,1
114371457550.0,Female,35.0,32-44,Diploma/ certificates or equivalent,Diploma,Working full-time (permanent),Professional,0
114371474709.0,Female,40.0,32-44,Bachelor's degree/ advanced diploma or equivalent,Bachelor's Degree,Working full-time (permanent),Technician and Associate Professionals,0
114347711584.0,Female,26.0,23-26,Diploma/ certificates or equivalent,Diploma,Working full-time (permanent),Managers,0
114369881134.0,Female,33.0,32-44,Bachelor's degree/ advanced diploma or equivalent,Bachelor's Degree,Working full-time (contract),Technician and Associate Professionals,0
114358900900.0,Male,26.0,23-26,Bachelor's degree/ advanced diploma or equivalent,Bachelor's Degree,Working full-time (permanent),Professional,0
114371468466.0,Female,38.0,32-44,Bachelor's degree/ advanced diploma or equivalent,Bachelor's Degree,Working full-time (permanent),Armed forces/uniform,1
114371527333.0,Male,32.0,32-44,Diploma/ certificates or equivalent,Diploma,Working full-time (permanent),Armed forces/uniform,1
114371395537.0,Female,26.0,23-26,Diploma/ certificates or equivalent,Diploma,Working part-time (permanent),Professional,0
114371540592.0,Female,35.0,32-44,Diploma/ certificates or equivalent,Diploma,Working full-time (permanent),Professional,0
114371486661.0,Female,36.0,32-44,Bachelor's degree/ advanced diploma or equivalent,Bachelor's Degree,Working full-time (permanent),Professional,0
114371411252.0,Male,43.0,32-44,Bachelor's degree/ advanced diploma or equivalent,Bachelor's Degree,Working full-time (permanent),Plant and Machine Operators and Assemblers,1
114371822824.0,Male,36.0,32-44,Bachelor's degree/ advanced diploma or equivalent,Bachelor's Degree,Working full-time (permanent),Professional,0
114371462073.0,Male,38.0,32-44,Diploma/ certificates or equivalent,Diploma,Working full-time (permanent),Technician and Associate Professionals,0
114379896212.0,Female,37.0,32-44,Bachelor's degree/ advanced diploma or equivalent,Bachelor's Degree,Working full-time (permanent),Professional,0
114371452604.0,Male,27.0,27-31,Bachelor's degree/ advanced diploma or equivalent,Bachelor's Degree,Working full-time (contract),Professional,0
114371493799.0,Female,29.0,27-31,Diploma/ certificates or equivalent,Diploma,Working full-time (permanent),Technician and Associate Professionals,0
114372382040.0,Male,28.0,27-31,Diploma/ certificates or equivalent,Diploma,Working full-time (contract),Craft and Related Trades Workers,1
114371423548.0,Female,40.0,32-44,Bachelor's degree/ advanced diploma or equivalent,Bachelor's Degree,Working full-time (permanent),Technician and Associate Professionals,0
114376833216.0,Female,36.0,32-44,Diploma/ certificates or equivalent,Diploma,Working full-time (permanent),Clerical Support Workers,1
114369811528.0,Female,35.0,32-44,Bachelor's degree/ advanced diploma or equivalent,Bachelor's Degree,Working full-time (permanent),Professional,0
114371399043.0,Female,38.0,32-44,Bachelor's degree/ advanced diploma or equivalent,Bachelor's Degree,Working full-time (permanent),Technician and Associate Professionals,0
114347701702.0,Male,28.0,27-31,Diploma/ certificates or equivalent,Diploma,Working full-time (permanent),Technician and Associate Professionals,0
114371379473.0,Male,34.0,32-44,Diploma/ certificates or equivalent,Diploma,Working full-time (permanent),Managers,0
114371327156.0,Male,29.0,27-31,Bachelor's degree/ advanced diploma or equivalent,Bachelor's Degree,Working full-time (permanent),Elementary Occupations,1
114371392046.0,Female,37.0,32-44,Diploma/ certificates or equivalent,Diploma,Working full-time (permanent),Plant and Machine Operators and Assemblers,1
114371416394.0,Male,33.0,32-44,Diploma/ certificates or equivalent,Diploma,Working full-time (permanent),Professional,0
114337190738.0,Male,26.0,23-26,Bachelor's degree/ advanced diploma or equivalent,Bachelor's Degree,Working full-time (permanent),Professional,0
114371462062.0,Female,26.0,23-26,Diploma/ certificates or equivalent,Diploma,Working full-time (permanent),Clerical Support Workers,1
114371454740.0,Female,31.0,27-31,Bachelor's degree/ advanced diploma or equivalent,Bachelor's Degree,Working full-time (permanent),Professional,0
114371481561.0,Female,31.0,27-31,Diploma/ certificates or equivalent,Diploma,Working full-time (permanent),Clerical Support Workers,1
114371451157.0,Male,36.0,32-44,Bachelor's degree/ advanced diploma or equivalent,Bachelor's Degree,Working full-time (permanent),Technician and Associate Professionals,0
114376489815.0,Male,37.0,32-44,Bachelor's degree/ advanced diploma or equivalent,Bachelor's Degree,Working full-time (permanent),Professional,0
114371374693.0,Female,31.0,27-31,Bachelor's degree/ advanced diploma or equivalent,Bachelor's Degree,Working full-time (permanent),Professional,0
114358716867.0,Female,27.0,27-31,Diploma/ certificates or equivalent,Diploma,Working full-time (permanent),Managers,0
114348520195.0,Female,29.0,27-31,Bachelor's degree/ advanced diploma or equivalent,Bachelor's Degree,Working full-time (permanent),Technician and Associate Professionals,0
114371460507.0,Female,35.0,32-44,Diploma/ certificates or equivalent,Diploma,Working full-time (permanent),Technician and Associate Professionals,0
114327070614.0,Female,29.0,27-31,Bachelor's degree/ advanced diploma or equivalent,Bachelor's Degree,Working full-time (contract),Managers,0
114371375314.0,Male,28.0,27-31,Bachelor's degree/ advanced diploma or equivalent,Bachelor's Degree,Working full-time (permanent),"Skilled Agriculture, Forestry, Livestock and Fishery Workers",1
114371457398.0,Female,27.0,27-31,Diploma/ certificates or equivalent,Diploma,Working full-time (permanent),Technician and Associate Professionals,0
114347707161.0,Female,26.0,23-26,Diploma/ certificates or equivalent,Diploma,Working full-time (permanent),Clerical Support Workers,1
114371476648.0,Female,39.0,32-44,Bachelor's degree/ advanced diploma or equivalent,Bachelor's Degree,Working full-time (permanent),Professional,0
114352311727.0,Female,36.0,32-44,Bachelor's degree/ advanced diploma or equivalent,Bachelor's Degree,Working full-time (permanent),Professional,0
114371460038.0,Female,26.0,23-26,Bachelor's degree/ advanced diploma or equivalent,Bachelor's Degree,Working full-time (permanent),Managers,0
114369663471.0,Female,33.0,32-44,Bachelor's degree/ advanced diploma or equivalent,Bachelor's Degree,Working full-time (contract),Technician and Associate Professionals,0
114327180635.0,Male,30.0,27-31,Bachelor's degree/ advanced diploma or equivalent,Bachelor's Degree,Working full-time (permanent),Craft and Related Trades Workers,1
114369823964.0,Male,35.0,32-44,Bachelor's degree/ advanced diploma or equivalent,Bachelor's Degree,Working full-time (permanent),Technician and Associate Professionals,0
114371443737.0,Female,38.0,32-44,Bachelor's degree/ advanced diploma or equivalent,Bachelor's Degree,Working full-time (permanent),Professional,0
114358903986.0,Female,27.0,27-31,Diploma/ certificates or equivalent,Diploma,Working full-time (contract),Technician and Associate Professionals,0
114371468098.0,Male,31.0,27-31,Diploma/ certificates or equivalent,Diploma,Working full-time (permanent),Elementary Occupations,1
114371479901.0,Female,24.0,23-26,Bachelor's degree/ advanced diploma or equivalent,Bachelor's Degree,Working full-time (permanent),Clerical Support Workers,1
114349434223.0,Female,28.0,27-31,Bachelor's degree/ advanced diploma or equivalent,Bachelor's Degree,Working full-time (permanent),Professional,0
114371442714.0,Female,33.0,32-44,Diploma/ certificates or equivalent,Diploma,Working full-time (permanent),Clerical Support Workers,1
114371476629.0,Male,34.0,32-44,Bachelor's degree/ advanced diploma or equivalent,Bachelor's Degree,Working full-time (permanent),Clerical Support Workers,1
114347751822.0,Male,29.0,27-31,Bachelor's degree/ advanced diploma or equivalent,Bachelor's Degree,Working full-time (permanent),Professional,0
114371513841.0,Female,33.0,32-44,Diploma/ certificates or equivalent,Diploma,Working full-time (permanent),Professional,0
114371473072.0,Female,32.0,32-44,Diploma/ certificates or equivalent,Diploma,Working full-time (permanent),Clerical Support Workers,1
114352336657.0,Female,26.0,23-26,Bachelor's degree/ advanced diploma or equivalent,Bachelor's Degree,Working full-time (permanent),Clerical Support Workers,1
114371503258.0,Male,31.0,27-31,Diploma/ certificates or equivalent,Diploma,Working full-time (permanent),Technician and Associate Professionals,0
114347898087.0,Male,26.0,23-26,Bachelor's degree/ advanced diploma or equivalent,Bachelor's Degree,Working part-time (contract),Elementary Occupations,1
114371501133.0,Female,31.0,27-31,Bachelor's degree/ advanced diploma or equivalent,Bachelor's Degree,Working full-time (permanent),Professional,0
114371539584.0,Female,31.0,27-31,Diploma/ certificates or equivalent,Diploma,Working full-time (permanent),Professional,0
114371472656.0,Female,30.0,27-31,Diploma/ certificates or equivalent,Diploma,Working full-time (permanent),Managers,0
114369565790.0,Male,34.0,32-44,Bachelor's degree/ advanced diploma or equivalent,Bachelor's Degree,Working full-time (permanent),Professional,0
114371433029.0,Female,33.0,32-44,Diploma/ certificates or equivalent,Diploma,Working full-time (permanent),Technician and Associate Professionals,0
114371511770.0,Female,23.0,23-26,Diploma/ certificates or equivalent,Diploma,Working full-time (contract),Technician and Associate Professionals,0
114371427176.0,Male,24.0,23-26,Diploma/ certificates or equivalent,Diploma,Working full-time (permanent),Elementary Occupations,1
114371296937.0,Male,36.0,32-44,Diploma/ certificates or equivalent,Diploma,Working full-time (permanent),Managers,0
114358737652.0,Female,26.0,23-26,Bachelor's degree/ advanced diploma or equivalent,Bachelor's Degree,Working full-time (permanent),Professional,0
114371430427.0,Male,23.0,23-26,Diploma/ certificates or equivalent,Diploma,Working full-time (permanent),Service and Sales Workers,1
114371470618.0,Female,38.0,32-44,Bachelor's degree/ advanced diploma or equivalent,Bachelor's Degree,Working full-time (permanent),Professional,0
114371457850.0,Female,35.0,32-44,Diploma/ certificates or equivalent,Diploma,Working full-time (permanent),Professional,0
114371475420.0,Male,35.0,32-44,Bachelor's degree/ advanced diploma or equivalent,Bachelor's Degree,Working full-time (permanent),Professional,0
114351347836.0,Male,36.0,32-44,Bachelor's degree/ advanced diploma or equivalent,Bachelor's Degree,Working full-time (permanent),Armed forces/uniform,1
114358716529.0,Male,29.0,27-31,Bachelor's degree/ advanced diploma or equivalent,Bachelor's Degree,Working full-time (permanent),Professional,0
114369721033.0,Female,33.0,32-44,Bachelor's degree/ advanced diploma or equivalent,Bachelor's Degree,Working full-time (permanent),Managers,0
114369604878.0,Male,35.0,32-44,Bachelor's degree/ advanced diploma or equivalent,Bachelor's Degree,Working full-time (permanent),Clerical Support Workers,1
114371502381.0,Female,33.0,32-44,Bachelor's degree/ advanced diploma or equivalent,Bachelor's Degree,Working full-time (permanent),Professional,0
114358932429.0,Male,26.0,23-26,Bachelor's degree/ advanced diploma or equivalent,Bachelor's Degree,Working full-time (permanent),Professional,0
114371497320.0,Female,32.0,32-44,Diploma/ certificates or equivalent,Diploma,Working full-time (permanent),Service and Sales Workers,1
114347730118.0,Female,26.0,23-26,Bachelor's degree/ advanced diploma or equivalent,Bachelor's Degree,Working full-time (permanent),Professional,0
114371393118.0,Male,25.0,23-26,Diploma/ certificates or equivalent,Diploma,Working full-time (permanent),Technician and Associate Professionals,0
114326500432.0,Female,29.0,27-31,Bachelor's degree/ advanced diploma or equivalent,Bachelor's Degree,Working full-time (permanent),Technician and Associate Professionals,0
114371469246.0,Female,28.0,27-31,Diploma/ certificates or equivalent,Diploma,Working full-time (permanent),Professional,0
114369985280.0,Female,35.0,32-44,Bachelor's degree/ advanced diploma or equivalent,Bachelor's Degree,Working full-time (permanent),Managers,0
114371463160.0,Female,23.0,23-26,Diploma/ certificates or equivalent,Diploma,Working full-time (permanent),Service and Sales Workers,1
114371414371.0,Female,36.0,32-44,Diploma/ certificates or equivalent,Diploma,Working full-time (permanent),Technician and Associate Professionals,0
114369563783.0,Male,34.0,32-44,Diploma/ certificates or equivalent,Diploma,Working full-time (contract),Elementary Occupations,1
114369675181.0,Male,34.0,32-44,Bachelor's degree/ advanced diploma or equivalent,Bachelor's Degree,Working full-time (permanent),Service and Sales Workers,1
114348528811.0,Female,37.0,32-44,Bachelor's degree/ advanced diploma or equivalent,Bachelor's Degree,Working full-time (permanent),Clerical Support Workers,1
114358716317.0,Female,29.0,27-31,Bachelor's degree/ advanced diploma or equivalent,Bachelor's Degree,Working full-time (contract),Technician and Associate Professionals,0
114371458527.0,Female,32.0,32-44,Bachelor's degree/ advanced diploma or equivalent,Bachelor's Degree,Working full-time (permanent),Managers,0
114371468882.0,Female,32.0,32-44,Diploma/ certificates or equivalent,Diploma,Working full-time (permanent),Technician and Associate Professionals,0
114371466456.0,Female,43.0,32-44,Diploma/ certificates or equivalent,Diploma,Working full-time (permanent),Plant and Machine Operators and Assemblers,1
114371471398.0,Male,39.0,32-44,Bachelor's degree/ advanced diploma or equivalent,Bachelor's Degree,Working full-time (permanent),Technician and Associate Professionals,0
114371380542.0,Female,32.0,32-44,Diploma/ certificates or equivalent,Diploma,Working full-time (permanent),Technician and Associate Professionals,0
114359936318.0,Female,36.0,32-44,Bachelor's degree/ advanced diploma or equivalent,Bachelor's Degree,Working full-time (contract),Service and Sales Workers,1
114371492562.0,Male,25.0,23-26,Diploma/ certificates or equivalent,Diploma,Working full-time (permanent),Professional,0
114371477422.0,Female,25.0,23-26,Diploma/ certificates or equivalent,Diploma,Working full-time (permanent),Professional,0
114347788528.0,Male,30.0,27-31,Bachelor's degree/ advanced diploma or equivalent,Bachelor's Degree,Working full-time (permanent),Service and Sales Workers,1
114369795980.0,Female,35.0,32-44,Bachelor's degree/ advanced diploma or equivalent,Bachelor's Degree,Working full-time (permanent),Clerical Support Workers,1
114370512312.0,Male,32.0,32-44,Diploma/ certificates or equivalent,Diploma,Working full-time (permanent),Clerical Support Workers,1
114371510912.0,Male,29.0,27-31,Bachelor's degree/ advanced diploma or equivalent,Bachelor's Degree,Working full-time (permanent),Professional,0
114371454625.0,Female,35.0,32-44,Diploma/ certificates or equivalent,Diploma,Working full-time (permanent),Elementary Occupations,1
114371466300.0,Male,33.0,32-44,Diploma/ certificates or equivalent,Diploma,Working full-time (permanent),Technician and Associate Professionals,0
114371630898.0,Female,29.0,27-31,Diploma/ certificates or equivalent,Diploma,Working full-time (permanent),Clerical Support Workers,1
114369842595.0,Female,35.0,32-44,Bachelor's degree/ advanced diploma or equivalent,Bachelor's Degree,Working part-time (contract),Elementary Occupations,1
114371454721.0,Female,41.0,32-44,Bachelor's degree/ advanced diploma or equivalent,Bachelor's Degree,Working full-time (permanent),Elementary Occupations,1
114347734429.0,Female,35.0,32-44,Bachelor's degree/ advanced diploma or equivalent,Bachelor's Degree,Working full-time (permanent),Professional,0
114358721806.0,Female,24.0,23-26,Bachelor's degree/ advanced diploma or equivalent,Bachelor's Degree,Working full-time (permanent),Managers,0
114359135401.0,Female,27.0,27-31,Diploma/ certificates or equivalent,Diploma,Working full-time (permanent),Clerical Support Workers,1
114360642869.0,Female,29.0,27-31,Bachelor's degree/ advanced diploma or equivalent,Bachelor's Degree,Working full-time (permanent),Professional,0
114348477031.0,Male,36.0,32-44,Bachelor's degree/ advanced diploma or equivalent,Bachelor's Degree,Working full-time (permanent),Technician and Associate Professionals,0
114347788457.0,Male,27.0,27-31,Diploma/ certificates or equivalent,Diploma,Working full-time (permanent),Managers,0
114326262748.0,Female,37.0,32-44,Bachelor's degree/ advanced diploma or equivalent,Bachelor's Degree,Working full-time (permanent),Professional,0
114371481253.0,Female,36.0,32-44,Bachelor's degree/ advanced diploma or equivalent,Bachelor's Degree,Working full-time (permanent),Professional,0
114371467826.0,Male,33.0,32-44,Diploma/ certificates or equivalent,Diploma,Working full-time (permanent),Technician and Associate Professionals,0
114352787836.0,Female,28.0,27-31,Bachelor's degree/ advanced diploma or equivalent,Bachelor's Degree,Working full-time (contract),Clerical Support Workers,1
114371492319.0,Female,33.0,32-44,Diploma/ certificates or equivalent,Diploma,Working full-time (permanent),Professional,0
114371399485.0,Male,33.0,32-44,Diploma/ certificates or equivalent,Diploma,Working full-time (permanent),"Skilled Agriculture, Forestry, Livestock and Fishery Workers",1
114371456818.0,Female,35.0,32-44,Bachelor's degree/ advanced diploma or equivalent,Bachelor's Degree,Working full-time (permanent),Clerical Support Workers,1
114371390887.0,Male,35.0,32-44,Diploma/ certificates or equivalent,Diploma,Working full-time (permanent),Elementary Occupations,1
114371417508.0,Female,36.0,32-44,Diploma/ certificates or equivalent,Diploma,Working full-time (permanent),Technician and Associate Professionals,0
114371408271.0,Female,36.0,32-44,Bachelor's degree/ advanced diploma or equivalent,Bachelor's Degree,Working full-time (permanent),Technician and Associate Professionals,0
114359902126.0,Male,34.0,32-44,Diploma/ certificates or equivalent,Diploma,Working full-time (permanent),Technician and Associate Professionals,0
114360067029.0,Female,25.0,23-26,Diploma/ certificates or equivalent,Diploma,Working full-time (permanent),Technician and Associate Professionals,0
114371526914.0,Female,27.0,27-31,Diploma/ certificates or equivalent,Diploma,Working full-time (permanent),Technician and Associate Professionals,0
114371582273.0,Female,28.0,27-31,Diploma/ certificates or equivalent,Diploma,Working full-time (permanent),Technician and Associate Professionals,0
114371455290.0,Male,30.0,27-31,Diploma/ certificates or equivalent,Diploma,Working full-time (permanent),Professional,0
114369567638.0,Male,36.0,32-44,Bachelor's degree/ advanced diploma or equivalent,Bachelor's Degree,Working full-time (permanent),Professional,0
114371332382.0,Male,37.0,32-44,Diploma/ certificates or equivalent,Diploma,Working full-time (permanent),Clerical Support Workers,1
114371442427.0,Male,30.0,27-31,Diploma/ certificates or equivalent,Diploma,Working full-time (permanent),Professional,0
114371460663.0,Female,33.0,32-44,Diploma/ certificates or equivalent,Diploma,Working full-time (permanent),Professional,0
114371463678.0,Male,35.0,32-44,Bachelor's degree/ advanced diploma or equivalent,Bachelor's Degree,Working full-time (contract),Clerical Support Workers,1
114348727854.0,Female,27.0,27-31,Diploma/ certificates or equivalent,Diploma,Working part-time (permanent),Clerical Support Workers,1
114371400318.0,Female,23.0,23-26,Diploma/ certificates or equivalent,Diploma,Working full-time (permanent),Managers,0
114348432217.0,Male,36.0,32-44,Bachelor's degree/ advanced diploma or equivalent,Bachelor's Degree,Working full-time (permanent),Professional,0
114371458377.0,Female,33.0,32-44,Bachelor's degree/ advanced diploma or equivalent,Bachelor's Degree,Working full-time (permanent),Professional,0
114371557394.0,Female,38.0,32-44,Bachelor's degree/ advanced diploma or equivalent,Bachelor's Degree,Working full-time (permanent),Professional,0
114371455917.0,Male,38.0,32-44,Bachelor's degree/ advanced diploma or equivalent,Bachelor's Degree,Working full-time (permanent),Professional,0
114348737350.0,Female,31.0,27-31,Bachelor's degree/ advanced diploma or equivalent,Bachelor's Degree,Working full-time (contract),Professional,0
114371442191.0,Female,31.0,27-31,Bachelor's degree/ advanced diploma or equivalent,Bachelor's Degree,Working full-time (permanent),Technician and Associate Professionals,0
114371281332.0,Male,33.0,32-44,Bachelor's degree/ advanced diploma or equivalent,Bachelor's Degree,Working full-time (permanent),Clerical Support Workers,1
114371496047.0,Female,30.0,27-31,Bachelor's degree/ advanced diploma or equivalent,Bachelor's Degree,Working full-time (permanent),Professional,0
114371514766.0,Female,37.0,32-44,Bachelor's degree/ advanced diploma or equivalent,Bachelor's Degree,Working full-time (permanent),Professional,0
114371428784.0,Male,36.0,32-44,Bachelor's degree/ advanced diploma or equivalent,Bachelor's Degree,Working full-time (permanent),"Skilled Agriculture, Forestry, Livestock and Fishery Workers",1
114327048737.0,Male,38.0,32-44,Bachelor's degree/ advanced diploma or equivalent,Bachelor's Degree,Working full-time (permanent),Professional,0
114371498272.0,Female,27.0,27-31,Bachelor's degree/ advanced diploma or equivalent,Bachelor's Degree,Working full-time (permanent),Managers,0
114371502905.0,Female,35.0,32-44,Bachelor's degree/ advanced diploma or equivalent,Bachelor's Degree,Working full-time (permanent),Professional,0
114374707998.0,Female,31.0,27-31,Bachelor's degree/ advanced diploma or equivalent,Bachelor's Degree,Working full-time (permanent),Service and Sales Workers,1
114371466853.0,Female,28.0,27-31,Diploma/ certificates or equivalent,Diploma,Working full-time (permanent),Professional,0
114372174408.0,Female,35.0,32-44,Bachelor's degree/ advanced diploma or equivalent,Bachelor's Degree,Working full-time (permanent),Clerical Support Workers,1
114371485730.0,Female,31.0,27-31,Bachelor's degree/ advanced diploma or equivalent,Bachelor's Degree,Working full-time (permanent),Clerical Support Workers,1
114371393296.0,Female,42.0,32-44,Bachelor's degree/ advanced diploma or equivalent,Bachelor's Degree,Working full-time (permanent),Managers,0
114371410780.0,Female,28.0,27-31,Bachelor's degree/ advanced diploma or equivalent,Bachelor's Degree,Working full-time (permanent),Professional,0
114371432310.0,Female,35.0,32-44,Diploma/ certificates or equivalent,Diploma,Working full-time (permanent),Managers,0
114371472018.0,Female,25.0,23-26,Bachelor's degree/ advanced diploma or equivalent,Bachelor's Degree,Working full-time (permanent),Technician and Associate Professionals,0
114371540820.0,Female,33.0,32-44,Bachelor's degree/ advanced diploma or equivalent,Bachelor's Degree,Working part-time (contract),Professional,0
114355113760.0,Male,36.0,32-44,Bachelor's degree/ advanced diploma or equivalent,Bachelor's Degree,Working full-time (permanent),Professional,0
114371419256.0,Female,34.0,32-44,Diploma/ certificates or equivalent,Diploma,Working full-time (permanent),Technician and Associate Professionals,0
114371473971.0,Male,31.0,27-31,Bachelor's degree/ advanced diploma or equivalent,Bachelor's Degree,Working full-time (permanent),Managers,0
114371450716.0,Female,36.0,32-44,Diploma/ certificates or equivalent,Diploma,Working full-time (permanent),Armed forces/uniform,1
114371471304.0,Female,35.0,32-44,Diploma/ certificates or equivalent,Diploma,Working full-time (permanent),Technician and Associate Professionals,0
114371471950.0,Female,30.0,27-31,Diploma/ certificates or equivalent,Diploma,Working full-time (permanent),Managers,0
114371427684.0,Male,38.0,32-44,Diploma/ certificates or equivalent,Diploma,Working full-time (permanent),Service and Sales Workers,1
114371472862.0,Female,27.0,27-31,Bachelor's degree/ advanced diploma or equivalent,Bachelor's Degree,Working full-time (permanent),Professional,0
114348613487.0,Male,42.0,32-44,Diploma/ certificates or equivalent,Diploma,Working full-time (permanent),Craft and Related Trades Workers,1
114371780187.0,Female,23.0,23-26,Bachelor's degree/ advanced diploma or equivalent,Bachelor's Degree,Working full-time (contract),Clerical Support Workers,1
114371433218.0,Male,23.0,23-26,Bachelor's degree/ advanced diploma or equivalent,Bachelor's Degree,Working full-time (permanent),Technician and Associate Professionals,0
114371480328.0,Male,27.0,27-31,Bachelor's degree/ advanced diploma or equivalent,Bachelor's Degree,Working full-time (permanent),Managers,0
114371529916.0,Male,29.0,27-31,Bachelor's degree/ advanced diploma or equivalent,Bachelor's Degree,Working full-time (permanent),Managers,0
114347736341.0,Male,26.0,23-26,Diploma/ certificates or equivalent,Diploma,Working full-time (permanent),Professional,0
114369680135.0,Female,34.0,32-44,Bachelor's degree/ advanced diploma or equivalent,Bachelor's Degree,Working full-time (permanent),Clerical Support Workers,1
114369583516.0,Male,35.0,32-44,Bachelor's degree/ advanced diploma or equivalent,Bachelor's Degree,Working full-time (permanent),Professional,0
114371463394.0,Male,30.0,27-31,Diploma/ certificates or equivalent,Diploma,Working full-time (permanent),Clerical Support Workers,1
114371396303.0,Female,30.0,27-31,Diploma/ certificates or equivalent,Diploma,Working full-time (permanent),Professional,0
114371466005.0,Female,36.0,32-44,Diploma/ certificates or equivalent,Diploma,Working part-time (contract),Technician and Associate Professionals,0
114371305158.0,Female,34.0,32-44,Bachelor's degree/ advanced diploma or equivalent,Bachelor's Degree,Working full-time (permanent),Service and Sales Workers,1
114373041441.0,Female,34.0,32-44,Bachelor's degree/ advanced diploma or equivalent,Bachelor's Degree,Working full-time (permanent),Managers,0
114351078093.0,Male,36.0,32-44,Bachelor's degree/ advanced diploma or equivalent,Bachelor's Degree,Working full-time (contract),Technician and Associate Professionals,0
114358759269.0,Female,26.0,23-26,Bachelor's degree/ advanced diploma or equivalent,Bachelor's Degree,Working full-time (contract),Technician and Associate Professionals,0
114371491692.0,Male,40.0,32-44,Diploma/ certificates or equivalent,Diploma,Working full-time (permanent),Managers,0
114371733931.0,Female,37.0,32-44,Bachelor's degree/ advanced diploma or equivalent,Bachelor's Degree,Working full-time (contract),Professional,0
114373455024.0,Female,27.0,27-31,Bachelor's degree/ advanced diploma or equivalent,Bachelor's Degree,Working full-time (contract),Service and Sales Workers,1
114371454480.0,Female,39.0,32-44,Diploma/ certificates or equivalent,Diploma,Working full-time (permanent),Professional,0
114371469119.0,Female,25.0,23-26,Diploma/ certificates or equivalent,Diploma,Working part-time (contract),Elementary Occupations,1
114347707165.0,Female,28.0,27-31,Bachelor's degree/ advanced diploma or equivalent,Bachelor's Degree,Working full-time (permanent),Professional,0
114346001102.0,Male,29.0,27-31,Diploma/ certificates or equivalent,Diploma,Working full-time (permanent),Technician and Associate Professionals,0
114371472322.0,Male,33.0,32-44,Diploma/ certificates or equivalent,Diploma,Working full-time (permanent),Elementary Occupations,1
114337628724.0,Male,25.0,23-26,Diploma/ certificates or equivalent,Diploma,Working full-time (contract),Plant and Machine Operators and Assemblers,1
114370540204.0,Female,34.0,32-44,Bachelor's degree/ advanced diploma or equivalent,Bachelor's Degree,Working full-time (permanent),Managers,0
114371479697.0,Female,37.0,32-44,Bachelor's degree/ advanced diploma or equivalent,Bachelor's Degree,Working full-time (permanent),Professional,0
114348089934.0,Male,27.0,27-31,Diploma/ certificates or equivalent,Diploma,Working full-time (permanent),Professional,0
114372324182.0,Female,33.0,32-44,Bachelor's degree/ advanced diploma or equivalent,Bachelor's Degree,Working full-time (permanent),Professional,0
114347768846.0,Female,30.0,27-31,Bachelor's degree/ advanced diploma or equivalent,Bachelor's Degree,Working full-time (permanent),Service and Sales Workers,1
114351425068.0,Female,27.0,27-31,Diploma/ certificates or equivalent,Diploma,Working full-time (permanent),Clerical Support Workers,1
114371460534.0,Male,37.0,32-44,Bachelor's degree/ advanced diploma or equivalent,Bachelor's Degree,Working full-time (permanent),Professional,0
114371362989.0,Male,31.0,27-31,Diploma/ certificates or equivalent,Diploma,Working full-time (permanent),Technician and Associate Professionals,0
114337191241.0,Female,27.0,27-31,Diploma/ certificates or equivalent,Diploma,Working full-time (permanent),Managers,0
114371476070.0,Male,27.0,27-31,Diploma/ certificates or equivalent,Diploma,Working part-time (contract),Elementary Occupations,1
114371477361.0,Male,35.0,32-44,Diploma/ certificates or equivalent,Diploma,Working full-time (permanent),Managers,0
114371440089.0,Female,32.0,32-44,Diploma/ certificates or equivalent,Diploma,Working full-time (permanent),Managers,0
114347717465.0,Female,26.0,23-26,Bachelor's degree/ advanced diploma or equivalent,Bachelor's Degree,Working part-time (contract),Professional,0
114371389796.0,Female,35.0,32-44,Bachelor's degree/ advanced diploma or equivalent,Bachelor's Degree,Working full-time (permanent),Clerical Support Workers,1
114371489115.0,Female,28.0,27-31,Diploma/ certificates or equivalent,Diploma,Working full-time (permanent),Professional,0
114371550940.0,Female,27.0,27-31,Diploma/ certificates or equivalent,Diploma,Working full-time (contract),Clerical Support Workers,1
114347766399.0,Female,29.0,27-31,Diploma/ certificates or equivalent,Diploma,Working full-time (permanent),Clerical Support Workers,1
114371497600.0,Female,34.0,32-44,Bachelor's degree/ advanced diploma or equivalent,Bachelor's Degree,Working full-time (permanent),Technician and Associate Professionals,0
114369731131.0,Male,35.0,32-44,Bachelor's degree/ advanced diploma or equivalent,Bachelor's Degree,Working full-time (permanent),Professional,0
114347730933.0,Female,28.0,27-31,Bachelor's degree/ advanced diploma or equivalent,Bachelor's Degree,Working full-time (permanent),Service and Sales Workers,1
114371463323.0,Female,30.0,27-31,Bachelor's degree/ advanced diploma or equivalent,Bachelor's Degree,Working full-time (permanent),Professional,0
114371462524.0,Female,26.0,23-26,Bachelor's degree/ advanced diploma or equivalent,Bachelor's Degree,Working full-time (contract),Professional,0
114372290679.0,Female,37.0,32-44,Diploma/ certificates or equivalent,Diploma,Working full-time (permanent),Professional,0
114371533402.0,Female,27.0,27-31,Bachelor's degree/ advanced diploma or equivalent,Bachelor's Degree,Working full-time (permanent),Professional,0
114371395908.0,Male,35.0,32-44,Diploma/ certificates or equivalent,Diploma,Working full-time (permanent),Service and Sales Workers,1
114327718363.0,Female,30.0,27-31,Bachelor's degree/ advanced diploma or equivalent,Bachelor's Degree,Working full-time (permanent),Clerical Support Workers,1
114371473399.0,Female,28.0,27-31,Diploma/ certificates or equivalent,Diploma,Working full-time (contract),Managers,0
114348735127.0,Male,35.0,32-44,Diploma/ certificates or equivalent,Diploma,Working full-time (permanent),Managers,0
114371474067.0,Male,33.0,32-44,Bachelor's degree/ advanced diploma or equivalent,Bachelor's Degree,Working full-time (permanent),Managers,0
114371510749.0,Female,30.0,27-31,Diploma/ certificates or equivalent,Diploma,Working full-time (permanent),Technician and Associate Professionals,0
114369713907.0,Female,33.0,32-44,Bachelor's degree/ advanced diploma or equivalent,Bachelor's Degree,Working full-time (contract),Clerical Support Workers,1
114371478700.0,Female,29.0,27-31,Diploma/ certificates or equivalent,Diploma,Working full-time (permanent),Professional,0
114348263363.0,Male,32.0,32-44,Diploma/ certificates or equivalent,Diploma,Working full-time (permanent),Professional,0
114359273446.0,Male,33.0,32-44,Bachelor's degree/ advanced diploma or equivalent,Bachelor's Degree,Working full-time (permanent),Technician and Associate Professionals,0
114371499751.0,Female,28.0,27-31,Diploma/ certificates or equivalent,Diploma,Working full-time (permanent),Professional,0
114371468792.0,Female,26.0,23-26,Bachelor's degree/ advanced diploma or equivalent,Bachelor's Degree,Working full-time (permanent),Clerical Support Workers,1
114371447965.0,Male,23.0,23-26,Diploma/ certificates or equivalent,Diploma,Working full-time (permanent),Armed forces/uniform,1
114371472810.0,Female,26.0,23-26,Diploma/ certificates or equivalent,Diploma,Working full-time (permanent),Professional,0
114371307353.0,Male,29.0,27-31,Bachelor's degree/ advanced diploma or equivalent,Bachelor's Degree,Working full-time (permanent),Technician and Associate Professionals,0
114347706066.0,Male,29.0,27-31,Diploma/ certificates or equivalent,Diploma,Working full-time (permanent),Professional,0
114371511577.0,Female,30.0,27-31,Bachelor's degree/ advanced diploma or equivalent,Bachelor's Degree,Working full-time (permanent),Professional,0
114371460697.0,Female,40.0,32-44,Diploma/ certificates or equivalent,Diploma,Working full-time (permanent),Clerical Support Workers,1
114371385812.0,Female,36.0,32-44,Bachelor's degree/ advanced diploma or equivalent,Bachelor's Degree,Working full-time (permanent),Craft and Related Trades Workers,1
114369705309.0,Female,33.0,32-44,Diploma/ certificates or equivalent,Diploma,Working full-time (permanent),Professional,0
114371467726.0,Male,30.0,27-31,Bachelor's degree/ advanced diploma or equivalent,Bachelor's Degree,Working full-time (permanent),Technician and Associate Professionals,0
114371243351.0,Female,35.0,32-44,Bachelor's degree/ advanced diploma or equivalent,Bachelor's Degree,Working full-time (permanent),Professional,0
114371469470.0,Female,39.0,32-44,Diploma/ certificates or equivalent,Diploma,Working full-time (permanent),Technician and Associate Professionals,0
114371421653.0,Female,38.0,32-44,Bachelor's degree/ advanced diploma or equivalent,Bachelor's Degree,Working full-time (permanent),Professional,0
114369902137.0,Male,32.0,32-44,Diploma/ certificates or equivalent,Diploma,Working full-time (permanent),Service and Sales Workers,1
114348402726.0,Male,29.0,27-31,Diploma/ certificates or equivalent,Diploma,Working full-time (permanent),Managers,0
114358701988.0,Female,27.0,27-31,Bachelor's degree/ advanced diploma or equivalent,Bachelor's Degree,Working full-time (permanent),Professional,0
114371463567.0,Female,36.0,32-44,Diploma/ certificates or equivalent,Diploma,Working full-time (permanent),Technician and Associate Professionals,0
114371474480.0,Male,39.0,32-44,Bachelor's degree/ advanced diploma or equivalent,Bachelor's Degree,Working full-time (permanent),Service and Sales Workers,1
114378522460.0,Male,36.0,32-44,Bachelor's degree/ advanced diploma or equivalent,Bachelor's Degree,Working full-time (permanent),Professional,0
114360629537.0,Male,31.0,27-31,Bachelor's degree/ advanced diploma or equivalent,Bachelor's Degree,Working full-time (permanent),Professional,0
114371392248.0,Female,33.0,32-44,Diploma/ certificates or equivalent,Diploma,Working full-time (permanent),"Skilled Agriculture, Forestry, Livestock and Fishery Workers",1
114345984043.0,Female,32.0,32-44,Diploma/ certificates or equivalent,Diploma,Working full-time (permanent),Technician and Associate Professionals,0
114371418521.0,Female,33.0,32-44,Diploma/ certificates or equivalent,Diploma,Working full-time (permanent),Clerical Support Workers,1
114371367342.0,Female,30.0,27-31,Bachelor's degree/ advanced diploma or equivalent,Bachelor's Degree,Working full-time (permanent),Professional,0
114371459979.0,Male,23.0,23-26,Diploma/ certificates or equivalent,Diploma,Working full-time (permanent),Managers,0
114371456701.0,Male,25.0,23-26,Diploma/ certificates or equivalent,Diploma,Working full-time (permanent),Managers,0
114370340330.0,Female,36.0,32-44,Bachelor's degree/ advanced diploma or equivalent,Bachelor's Degree,Working full-time (permanent),Managers,0
114371471927.0,Female,37.0,32-44,Diploma/ certificates or equivalent,Diploma,Working full-time (permanent),Service and Sales Workers,1
114347717922.0,Female,31.0,27-31,Bachelor's degree/ advanced diploma or equivalent,Bachelor's Degree,Working full-time (permanent),Managers,0
114371462699.0,Female,33.0,32-44,Diploma/ certificates or equivalent,Diploma,Working full-time (permanent),Elementary Occupations,1
114371396958.0,Male,31.0,27-31,Bachelor's degree/ advanced diploma or equivalent,Bachelor's Degree,Working full-time (permanent),Service and Sales Workers,1
114371501223.0,Female,26.0,23-26,Bachelor's degree/ advanced diploma or equivalent,Bachelor's Degree,Working full-time (contract),Professional,0
114371421095.0,Female,27.0,27-31,Bachelor's degree/ advanced diploma or equivalent,Bachelor's Degree,Working full-time (permanent),Professional,0
114369586340.0,Male,33.0,32-44,Diploma/ certificates or equivalent,Diploma,Working full-time (permanent),Craft and Related Trades Workers,1
114371493991.0,Female,34.0,32-44,Diploma/ certificates or equivalent,Diploma,Working full-time (permanent),Managers,0
114347710350.0,Female,28.0,27-31,Bachelor's degree/ advanced diploma or equivalent,Bachelor's Degree,Working full-time (contract),Professional,0
114371395581.0,Female,39.0,32-44,Bachelor's degree/ advanced diploma or equivalent,Bachelor's Degree,Working full-time (permanent),Professional,0
114371458491.0,Female,32.0,32-44,Diploma/ certificates or equivalent,Diploma,Working full-time (permanent),Managers,0
114359261782.0,Female,29.0,27-31,Bachelor's degree/ advanced diploma or equivalent,Bachelor's Degree,Working full-time (contract),Managers,0
114372121346.0,Female,25.0,23-26,Bachelor's degree/ advanced diploma or equivalent,Bachelor's Degree,Working full-time (permanent),Professional,0
114371392484.0,Female,29.0,27-31,Bachelor's degree/ advanced diploma or equivalent,Bachelor's Degree,Working full-time (permanent),Technician and Associate Professionals,0
114371523149.0,Male,37.0,32-44,Bachelor's degree/ advanced diploma or equivalent,Bachelor's Degree,Working full-time (permanent),Plant and Machine Operators and Assemblers,1
114359227998.0,Male,31.0,27-31,Bachelor's degree/ advanced diploma or equivalent,Bachelor's Degree,Working part-time (contract),Professional,0
114371502172.0,Female,34.0,32-44,Diploma/ certificates or equivalent,Diploma,Working full-time (permanent),Managers,0
114371420208.0,Female,29.0,27-31,Bachelor's degree/ advanced diploma or equivalent,Bachelor's Degree,Working full-time (permanent),Professional,0
114350469481.0,Female,27.0,27-31,Bachelor's degree/ advanced diploma or equivalent,Bachelor's Degree,Working full-time (permanent),Technician and Associate Professionals,0
114371468163.0,Female,35.0,32-44,Diploma/ certificates or equivalent,Diploma,Working full-time (permanent),Elementary Occupations,1
114371468510.0,Male,31.0,27-31,Diploma/ certificates or equivalent,Diploma,Working full-time (permanent),Craft and Related Trades Workers,1
114371331175.0,Male,35.0,32-44,Bachelor's degree/ advanced diploma or equivalent,Bachelor's Degree,Working full-time (permanent),Technician and Associate Professionals,0
114371468749.0,Male,34.0,32-44,Bachelor's degree/ advanced diploma or equivalent,Bachelor's Degree,Working full-time (permanent),Clerical Support Workers,1
114372952814.0,Female,31.0,27-31,Bachelor's degree/ advanced diploma or equivalent,Bachelor's Degree,Working full-time (permanent),Technician and Associate Professionals,0
114375634758.0,Male,37.0,32-44,Bachelor's degree/ advanced diploma or equivalent,Bachelor's Degree,Working full-time (permanent),Professional,0
114371449227.0,Female,37.0,32-44,Diploma/ certificates or equivalent,Diploma,Working full-time (permanent),Clerical Support Workers,1
114371507831.0,Female,24.0,23-26,Diploma/ certificates or equivalent,Diploma,Working part-time (permanent),Service and Sales Workers,1
114371479725.0,Female,34.0,32-44,Diploma/ certificates or equivalent,Diploma,Working full-time (permanent),Professional,0
114371505968.0,Male,27.0,27-31,Diploma/ certificates or equivalent,Diploma,Working full-time (permanent),Professional,0
114371343625.0,Male,37.0,32-44,Diploma/ certificates or equivalent,Diploma,Working full-time (permanent),Plant and Machine Operators and Assemblers,1
114371472056.0,Female,35.0,32-44,Diploma/ certificates or equivalent,Diploma,Working full-time (permanent),Professional,0
114369807864.0,Male,33.0,32-44,Bachelor's degree/ advanced diploma or equivalent,Bachelor's Degree,Working full-time (permanent),Professional,0
114348614116.0,Male,36.0,32-44,Bachelor's degree/ advanced diploma or equivalent,Bachelor's Degree,Working full-time (permanent),Managers,0
114371483319.0,Male,28.0,27-31,Bachelor's degree/ advanced diploma or equivalent,Bachelor's Degree,Working full-time (permanent),Service and Sales Workers,1
114350476702.0,Female,29.0,27-31,Bachelor's degree/ advanced diploma or equivalent,Bachelor's Degree,Working full-time (contract),Armed forces/uniform,1
114378568554.0,Female,34.0,32-44,Bachelor's degree/ advanced diploma or equivalent,Bachelor's Degree,Working full-time (permanent),Professional,0
114371504881.0,Female,25.0,23-26,Diploma/ certificates or equivalent,Diploma,Working full-time (contract),Service and Sales Workers,1
114371536945.0,Female,30.0,27-31,Bachelor's degree/ advanced diploma or equivalent,Bachelor's Degree,Working full-time (permanent),Technician and Associate Professionals,0
114371753506.0,Female,41.0,32-44,Bachelor's degree/ advanced diploma or equivalent,Bachelor's Degree,Working full-time (permanent),Technician and Associate Professionals,0
114371469620.0,Male,37.0,32-44,Bachelor's degree/ advanced diploma or equivalent,Bachelor's Degree,Working full-time (permanent),Technician and Associate Professionals,0
114326261582.0,Male,32.0,32-44,Bachelor's degree/ advanced diploma or equivalent,Bachelor's Degree,Working full-time (permanent),Professional,0
114348449475.0,Male,35.0,32-44,Bachelor's degree/ advanced diploma or equivalent,Bachelor's Degree,Working full-time (permanent),Armed forces/uniform,1
114348873508.0,Male,29.0,27-31,Diploma/ certificates or equivalent,Diploma,Working part-time (permanent),Professional,0
114371490639.0,Female,23.0,23-26,Diploma/ certificates or equivalent,Diploma,Working full-time (permanent),Professional,0
114371476608.0,Female,24.0,23-26,Diploma/ certificates or equivalent,Diploma,Working part-time (contract),Managers,0
114371479622.0,Male,30.0,27-31,Diploma/ certificates or equivalent,Diploma,Working full-time (permanent),Professional,0
114371471244.0,Female,41.0,32-44,Bachelor's degree/ advanced diploma or equivalent,Bachelor's Degree,Working full-time (permanent),Professional,0
114371403350.0,Female,35.0,32-44,Diploma/ certificates or equivalent,Diploma,Working full-time (permanent),Technician and Associate Professionals,0
114369592791.0,Female,36.0,32-44,Bachelor's degree/ advanced diploma or equivalent,Bachelor's Degree,Working full-time (permanent),Professional,0
114371465803.0,Female,28.0,27-31,Bachelor's degree/ advanced diploma or equivalent,Bachelor's Degree,Working full-time (permanent),Professional,0
114371455171.0,Female,40.0,32-44,Diploma/ certificates or equivalent,Diploma,Working full-time (permanent),Professional,0
114371395502.0,Female,35.0,32-44,Diploma/ certificates or equivalent,Diploma,Working full-time (permanent),Professional,0
114337186276.0,Female,34.0,32-44,Bachelor's degree/ advanced diploma or equivalent,Bachelor's Degree,Working full-time (contract),Managers,0
114372167929.0,Female,32.0,32-44,Bachelor's degree/ advanced diploma or equivalent,Bachelor's Degree,Working full-time (permanent),Professional,0
114371494562.0,Male,35.0,32-44,Bachelor's degree/ advanced diploma or equivalent,Bachelor's Degree,Working full-time (permanent),Professional,0
114349466942.0,Male,37.0,32-44,Diploma/ certificates or equivalent,Diploma,Working full-time (permanent),Professional,0
114371396133.0,Male,26.0,23-26,Diploma/ certificates or equivalent,Diploma,Working full-time (contract),Managers,0
114371439878.0,Female,33.0,32-44,Diploma/ certificates or equivalent,Diploma,Working full-time (permanent),Clerical Support Workers,1
114372980365.0,Female,28.0,27-31,Bachelor's degree/ advanced diploma or equivalent,Bachelor's Degree,Working full-time (permanent),Technician and Associate Professionals,0
114371507920.0,Female,37.0,32-44,Diploma/ certificates or equivalent,Diploma,Working full-time (permanent),Armed forces/uniform,1
114371453060.0,Female,27.0,27-31,Diploma/ certificates or equivalent,Diploma,Working full-time (permanent),Managers,0
114347706473.0,Female,26.0,23-26,Bachelor's degree/ advanced diploma or equivalent,Bachelor's Degree,Working full-time (permanent),Managers,0
114358873807.0,Female,29.0,27-31,Bachelor's degree/ advanced diploma or equivalent,Bachelor's Degree,Working full-time (permanent),Technician and Associate Professionals,0
114371512751.0,Female,39.0,32-44,Bachelor's degree/ advanced diploma or equivalent,Bachelor's Degree,Working full-time (permanent),Professional,0
114371467274.0,Female,30.0,27-31,Diploma/ certificates or equivalent,Diploma,Working full-time (permanent),Professional,0
114371412407.0,Female,28.0,27-31,Diploma/ certificates or equivalent,Diploma,Working full-time (permanent),Service and Sales Workers,1
114371484868.0,Female,37.0,32-44,Bachelor's degree/ advanced diploma or equivalent,Bachelor's Degree,Working full-time (permanent),Professional,0
114371407462.0,Female,36.0,32-44,Bachelor's degree/ advanced diploma or equivalent,Bachelor's Degree,Working full-time (permanent),Managers,0
114371495118.0,Female,26.0,23-26,Bachelor's degree/ advanced diploma or equivalent,Bachelor's Degree,Working full-time (contract),Clerical Support Workers,1
114371300087.0,Female,27.0,27-31,Diploma/ certificates or equivalent,Diploma,Working full-time (permanent),Professional,0
114369710456.0,Female,35.0,32-44,Bachelor's degree/ advanced diploma or equivalent,Bachelor's Degree,Working full-time (permanent),Clerical Support Workers,1
114353861365.0,Male,37.0,32-44,Bachelor's degree/ advanced diploma or equivalent,Bachelor's Degree,Working full-time (permanent),Managers,0
114371442673.0,Male,33.0,32-44,Diploma/ certificates or equivalent,Diploma,Working full-time (permanent),Managers,0
114371462181.0,Male,27.0,27-31,Bachelor's degree/ advanced diploma or equivalent,Bachelor's Degree,Working full-time (contract),Armed forces/uniform,1
114358706062.0,Male,27.0,27-31,Diploma/ certificates or equivalent,Diploma,Working full-time (permanent),Professional,0
114353291873.0,Female,29.0,27-31,Diploma/ certificates or equivalent,Diploma,Working full-time (contract),Professional,0
114371459357.0,Male,30.0,27-31,Diploma/ certificates or equivalent,Diploma,Working full-time (permanent),Professional,0
114327152008.0,Female,29.0,27-31,Bachelor's degree/ advanced diploma or equivalent,Bachelor's Degree,Working full-time (permanent),Managers,0
114348545631.0,Female,36.0,32-44,Bachelor's degree/ advanced diploma or equivalent,Bachelor's Degree,Working full-time (contract),Professional,0
114371579710.0,Male,35.0,32-44,Diploma/ certificates or equivalent,Diploma,Working full-time (permanent),Technician and Associate Professionals,0
114375716262.0,Male,36.0,32-44,Bachelor's degree/ advanced diploma or equivalent,Bachelor's Degree,Working full-time (permanent),Professional,0
114371391925.0,Male,25.0,23-26,Diploma/ certificates or equivalent,Diploma,Working full-time (permanent),Managers,0
114371351757.0,Male,32.0,32-44,Diploma/ certificates or equivalent,Diploma,Working full-time (permanent),Managers,0
114347720635.0,Female,26.0,23-26,Diploma/ certificates or equivalent,Diploma,Working full-time (permanent),Clerical Support Workers,1
114369715483.0,Male,34.0,32-44,Bachelor's degree/ advanced diploma or equivalent,Bachelor's Degree,Working full-time (permanent),Professional,0
114371488981.0,Male,37.0,32-44,Diploma/ certificates or equivalent,Diploma,Working full-time (permanent),Technician and Associate Professionals,0
114371666174.0,Female,26.0,23-26,Bachelor's degree/ advanced diploma or equivalent,Bachelor's Degree,Working full-time (permanent),Technician and Associate Professionals,0
114371468967.0,Male,27.0,27-31,Bachelor's degree/ advanced diploma or equivalent,Bachelor's Degree,Working full-time (contract),Technician and Associate Professionals,0
114371468036.0,Female,33.0,32-44,Diploma/ certificates or equivalent,Diploma,Working full-time (permanent),Technician and Associate Professionals,0
114369886089.0,Female,25.0,23-26,Diploma/ certificates or equivalent,Diploma,Working full-time (permanent),Managers,0
114371474121.0,Female,31.0,27-31,Bachelor's degree/ advanced diploma or equivalent,Bachelor's Degree,Working full-time (contract),Managers,0
114371546077.0,Female,27.0,27-31,Diploma/ certificates or equivalent,Diploma,Working full-time (permanent),Professional,0
114371488463.0,Male,26.0,23-26,Bachelor's degree/ advanced diploma or equivalent,Bachelor's Degree,Working full-time (permanent),Professional,0
114347712194.0,Female,26.0,23-26,Diploma/ certificates or equivalent,Diploma,Working full-time (permanent),Service and Sales Workers,1
114347704340.0,Male,26.0,23-26,Bachelor's degree/ advanced diploma or equivalent,Bachelor's Degree,Working full-time (contract),Plant and Machine Operators and Assemblers,1
114371445978.0,Female,37.0,32-44,Bachelor's degree/ advanced diploma or equivalent,Bachelor's Degree,Working full-time (permanent),Professional,0
114371470464.0,Male,27.0,27-31,Diploma/ certificates or equivalent,Diploma,Working full-time (permanent),Technician and Associate Professionals,0
114372132527.0,Female,31.0,27-31,Diploma/ certificates or equivalent,Diploma,Working full-time (permanent),Professional,0
114359267493.0,Female,36.0,32-44,Bachelor's degree/ advanced diploma or equivalent,Bachelor's Degree,Working full-time (permanent),Clerical Support Workers,1
114369607672.0,Male,36.0,32-44,Bachelor's degree/ advanced diploma or equivalent,Bachelor's Degree,Working full-time (permanent),Clerical Support Workers,1
114371412307.0,Male,28.0,27-31,Diploma/ certificates or equivalent,Diploma,Working full-time (permanent),Plant and Machine Operators and Assemblers,1
114371476021.0,Male,23.0,23-26,Diploma/ certificates or equivalent,Diploma,Working full-time (permanent),Elementary Occupations,1
114371533911.0,Female,30.0,27-31,Diploma/ certificates or equivalent,Diploma,Working full-time (permanent),Service and Sales Workers,1
114371489352.0,Female,28.0,27-31,Diploma/ certificates or equivalent,Diploma,Working part-time (contract),Service and Sales Workers,1
114371397288.0,Female,23.0,23-26,Bachelor's degree/ advanced diploma or equivalent,Bachelor's Degree,Working full-time (permanent),Technician and Associate Professionals,0
114358706710.0,Male,28.0,27-31,Bachelor's degree/ advanced diploma or equivalent,Bachelor's Degree,Working full-time (permanent),Technician and Associate Professionals,0
114371485836.0,Female,24.0,23-26,Diploma/ certificates or equivalent,Diploma,Working part-time (contract),Clerical Support Workers,1
114371400192.0,Female,41.0,32-44,Bachelor's degree/ advanced diploma or equivalent,Bachelor's Degree,Working full-time (permanent),Professional,0
114347731363.0,Female,29.0,27-31,Bachelor's degree/ advanced diploma or equivalent,Bachelor's Degree,Working full-time (contract),Clerical Support Workers,1
114371483356.0,Female,35.0,32-44,Diploma/ certificates or equivalent,Diploma,Working full-time (permanent),Technician and Associate Professionals,0
114371462018.0,Male,33.0,32-44,Diploma/ certificates or equivalent,Diploma,Working full-time (permanent),Elementary Occupations,1
114327102614.0,Male,29.0,27-31,Bachelor's degree/ advanced diploma or equivalent,Bachelor's Degree,Working full-time (permanent),Service and Sales Workers,1
114371448767.0,Female,37.0,32-44,Bachelor's degree/ advanced diploma or equivalent,Bachelor's Degree,Working full-time (permanent),Professional,0
114371503853.0,Female,38.0,32-44,Diploma/ certificates or equivalent,Diploma,Working full-time (permanent),Clerical Support Workers,1
114371474395.0,Female,33.0,32-44,Diploma/ certificates or equivalent,Diploma,Working full-time (permanent),Service and Sales Workers,1
114371514010.0,Female,33.0,32-44,Bachelor's degree/ advanced diploma or equivalent,Bachelor's Degree,Working full-time (permanent),Professional,0
114371447227.0,Female,35.0,32-44,Diploma/ certificates or equivalent,Diploma,Working full-time (permanent),Managers,0
114358906425.0,Female,27.0,27-31,Bachelor's degree/ advanced diploma or equivalent,Bachelor's Degree,Working full-time (permanent),Managers,0
114371546658.0,Female,28.0,27-31,Bachelor's degree/ advanced diploma or equivalent,Bachelor's Degree,Working full-time (permanent),Professional,0
114347711039.0,Female,28.0,27-31,Bachelor's degree/ advanced diploma or equivalent,Bachelor's Degree,Working full-time (permanent),Managers,0
114371461819.0,Male,35.0,32-44,Diploma/ certificates or equivalent,Diploma,Working full-time (permanent),Craft and Related Trades Workers,1
114371431989.0,Female,36.0,32-44,Bachelor's degree/ advanced diploma or equivalent,Bachelor's Degree,Working full-time (permanent),Technician and Associate Professionals,0
114370557309.0,Female,33.0,32-44,Bachelor's degree/ advanced diploma or equivalent,Bachelor's Degree,Working full-time (contract),Service and Sales Workers,1
114373697559.0,Female,36.0,32-44,Bachelor's degree/ advanced diploma or equivalent,Bachelor's Degree,Working full-time (permanent),Technician and Associate Professionals,0
114371653514.0,Female,38.0,32-44,Diploma/ certificates or equivalent,Diploma,Working full-time (permanent),Technician and Associate Professionals,0
114369695928.0,Female,32.0,32-44,Diploma/ certificates or equivalent,Diploma,Working full-time (permanent),Technician and Associate Professionals,0
114371453445.0,Male,30.0,27-31,Diploma/ certificates or equivalent,Diploma,Working full-time (permanent),Managers,0
114371486353.0,Female,33.0,32-44,Diploma/ certificates or equivalent,Diploma,Working full-time (permanent),Technician and Associate Professionals,0
114371458049.0,Female,27.0,27-31,Bachelor's degree/ advanced diploma or equivalent,Bachelor's Degree,Working full-time (permanent),Clerical Support Workers,1
114371422642.0,Male,31.0,27-31,Bachelor's degree/ advanced diploma or equivalent,Bachelor's Degree,Working full-time (permanent),Managers,0
114372050412.0,Male,39.0,32-44,Bachelor's degree/ advanced diploma or equivalent,Bachelor's Degree,Working full-time (permanent),Clerical Support Workers,1
114371531836.0,Male,34.0,32-44,Diploma/ certificates or equivalent,Diploma,Working full-time (permanent),Technician and Associate Professionals,0
114371491673.0,Female,31.0,27-31,Diploma/ certificates or equivalent,Diploma,Working full-time (permanent),Service and Sales Workers,1
114358933415.0,Female,33.0,32-44,Bachelor's degree/ advanced diploma or equivalent,Bachelor's Degree,Working part-time (permanent),Professional,0
114371493744.0,Female,25.0,23-26,Bachelor's degree/ advanced diploma or equivalent,Bachelor's Degree,Working full-time (permanent),Managers,0
114371462814.0,Female,41.0,32-44,Bachelor's degree/ advanced diploma or equivalent,Bachelor's Degree,Working full-time (permanent),Technician and Associate Professionals,0
114371308322.0,Male,37.0,32-44,Diploma/ certificates or equivalent,Diploma,Working full-time (permanent),Managers,0
114371468032.0,Female,37.0,32-44,Bachelor's degree/ advanced diploma or equivalent,Bachelor's Degree,Working full-time (permanent),Professional,0
114371458549.0,Female,34.0,32-44,Diploma/ certificates or equivalent,Diploma,Working full-time (permanent),Professional,0
114371467232.0,Male,25.0,23-26,Bachelor's degree/ advanced diploma or equivalent,Bachelor's Degree,Working full-time (permanent),Technician and Associate Professionals,0
114371486821.0,Female,27.0,27-31,Diploma/ certificates or equivalent,Diploma,Working full-time (permanent),Service and Sales Workers,1
114371473885.0,Male,23.0,23-26,Diploma/ certificates or equivalent,Diploma,Working full-time (permanent),Technician and Associate Professionals,0
114371460256.0,Female,32.0,32-44,Bachelor's degree/ advanced diploma or equivalent,Bachelor's Degree,Working full-time (permanent),Technician and Associate Professionals,0
114371483232.0,Male,35.0,32-44,Diploma/ certificates or equivalent,Diploma,Working full-time (permanent),Technician and Associate Professionals,0
114371391428.0,Female,28.0,27-31,Bachelor's degree/ advanced diploma or equivalent,Bachelor's Degree,Working full-time (permanent),Technician and Associate Professionals,0
114347812272.0,Female,29.0,27-31,Bachelor's degree/ advanced diploma or equivalent,Bachelor's Degree,Working full-time (permanent),Clerical Support Workers,1
114371338393.0,Male,34.0,32-44,Diploma/ certificates or equivalent,Diploma,Working full-time (permanent),Managers,0
114358731587.0,Female,30.0,27-31,Bachelor's degree/ advanced diploma or equivalent,Bachelor's Degree,Working full-time (permanent),Managers,0
114348512921.0,Female,37.0,32-44,Bachelor's degree/ advanced diploma or equivalent,Bachelor's Degree,Working full-time (permanent),Professional,0
114376346050.0,Female,35.0,32-44,Bachelor's degree/ advanced diploma or equivalent,Bachelor's Degree,Working full-time (permanent),Clerical Support Workers,1
114371456641.0,Male,36.0,32-44,Diploma/ certificates or equivalent,Diploma,Working full-time (contract),Craft and Related Trades Workers,1
114371459055.0,Female,30.0,27-31,Diploma/ certificates or equivalent,Diploma,Working full-time (permanent),Technician and Associate Professionals,0
114371393800.0,Female,33.0,32-44,Diploma/ certificates or equivalent,Diploma,Working full-time (permanent),Technician and Associate Professionals,0
114371482148.0,Male,37.0,32-44,Diploma/ certificates or equivalent,Diploma,Working full-time (permanent),Managers,0
114371460149.0,Male,26.0,23-26,Diploma/ certificates or equivalent,Diploma,Working full-time (permanent),Managers,0
114347708857.0,Female,29.0,27-31,Bachelor's degree/ advanced diploma or equivalent,Bachelor's Degree,Working full-time (permanent),Professional,0
114371313818.0,Female,33.0,32-44,Diploma/ certificates or equivalent,Diploma,Working full-time (permanent),Professional,0
114347763824.0,Female,28.0,27-31,Bachelor's degree/ advanced diploma or equivalent,Bachelor's Degree,Working full-time (permanent),Professional,0
114347811931.0,Male,33.0,32-44,Diploma/ certificates or equivalent,Diploma,Working part-time (permanent),Service and Sales Workers,1
114371466681.0,Female,33.0,32-44,Diploma/ certificates or equivalent,Diploma,Working full-time (contract),Elementary Occupations,1
114371498174.0,Female,36.0,32-44,Bachelor's degree/ advanced diploma or equivalent,Bachelor's Degree,Working full-time (permanent),Technician and Associate Professionals,0
114371469601.0,Male,23.0,23-26,Diploma/ certificates or equivalent,Diploma,Working full-time (permanent),Clerical Support Workers,1
114360013846.0,Female,34.0,32-44,Bachelor's degree/ advanced diploma or equivalent,Bachelor's Degree,Working full-time (permanent),Managers,0
114348545040.0,Female,27.0,27-31,Bachelor's degree/ advanced diploma or equivalent,Bachelor's Degree,Working full-time (contract),Professional,0
114371452729.0,Male,33.0,32-44,Diploma/ certificates or equivalent,Diploma,Working full-time (permanent),Service and Sales Workers,1
114371472219.0,Female,36.0,32-44,Diploma/ certificates or equivalent,Diploma,Working full-time (permanent),Technician and Associate Professionals,0
114371468442.0,Male,30.0,27-31,Diploma/ certificates or equivalent,Diploma,Working full-time (contract),Plant and Machine Operators and Assemblers,1
114347739213.0,Female,32.0,32-44,Bachelor's degree/ advanced diploma or equivalent,Bachelor's Degree,Working full-time (permanent),Managers,0
114352962549.0,Female,36.0,32-44,Bachelor's degree/ advanced diploma or equivalent,Bachelor's Degree,Working full-time (permanent),Professional,0
114371502180.0,Male,28.0,27-31,Bachelor's degree/ advanced diploma or equivalent,Bachelor's Degree,Working full-time (permanent),Professional,0
114371539990.0,Female,27.0,27-31,Bachelor's degree/ advanced diploma or equivalent,Bachelor's Degree,Working full-time (contract),Clerical Support Workers,1
114371573377.0,Male,28.0,27-31,Diploma/ certificates or equivalent,Diploma,Working full-time (permanent),Technician and Associate Professionals,0
114369767886.0,Male,38.0,32-44,Bachelor's degree/ advanced diploma or equivalent,Bachelor's Degree,Working full-time (permanent),Managers,0
114371423258.0,Female,35.0,32-44,Bachelor's degree/ advanced diploma or equivalent,Bachelor's Degree,Working full-time (permanent),Managers,0
114369714762.0,Female,35.0,32-44,Bachelor's degree/ advanced diploma or equivalent,Bachelor's Degree,Working full-time (permanent),Service and Sales Workers,1
114347738528.0,Female,27.0,27-31,Diploma/ certificates or equivalent,Diploma,Working full-time (permanent),Managers,0
114371474625.0,Female,36.0,32-44,Bachelor's degree/ advanced diploma or equivalent,Bachelor's Degree,Working full-time (permanent),Technician and Associate Professionals,0
114371477746.0,Male,37.0,32-44,Bachelor's degree/ advanced diploma or equivalent,Bachelor's Degree,Working full-time (permanent),Professional,0
114326573949.0,Female,26.0,23-26,Bachelor's degree/ advanced diploma or equivalent,Bachelor's Degree,Working full-time (contract),Service and Sales Workers,1
114358805945.0,Female,30.0,27-31,Bachelor's degree/ advanced diploma or equivalent,Bachelor's Degree,Working full-time (permanent),Technician and Associate Professionals,0
114347980685.0,Female,27.0,27-31,Diploma/ certificates or equivalent,Diploma,Working full-time (permanent),Clerical Support Workers,1
114371441312.0,Male,36.0,32-44,Diploma/ certificates or equivalent,Diploma,Working full-time (permanent),Elementary Occupations,1
114371463163.0,Female,39.0,32-44,Bachelor's degree/ advanced diploma or equivalent,Bachelor's Degree,Working full-time (permanent),Professional,0
114375619745.0,Male,35.0,32-44,Diploma/ certificates or equivalent,Diploma,Working full-time (permanent),Technician and Associate Professionals,0
114374097769.0,Male,34.0,32-44,Bachelor's degree/ advanced diploma or equivalent,Bachelor's Degree,Working full-time (permanent),Professional,0
114371395345.0,Male,37.0,32-44,Bachelor's degree/ advanced diploma or equivalent,Bachelor's Degree,Working full-time (permanent),Technician and Associate Professionals,0
114371458272.0,Male,27.0,27-31,Bachelor's degree/ advanced diploma or equivalent,Bachelor's Degree,Working full-time (permanent),Managers,0
114371393969.0,Female,39.0,32-44,Diploma/ certificates or equivalent,Diploma,Working full-time (permanent),Professional,0
114371895160.0,Female,34.0,32-44,Diploma/ certificates or equivalent,Diploma,Working full-time (permanent),Technician and Associate Professionals,0
114375635916.0,Male,38.0,32-44,Bachelor's degree/ advanced diploma or equivalent,Bachelor's Degree,Working full-time (contract),Clerical Support Workers,1
114371496887.0,Female,36.0,32-44,Bachelor's degree/ advanced diploma or equivalent,Bachelor's Degree,Working full-time (permanent),Managers,0
114371461570.0,Male,34.0,32-44,Bachelor's degree/ advanced diploma or equivalent,Bachelor's Degree,Working full-time (permanent),Managers,0
114371503071.0,Female,30.0,27-31,Diploma/ certificates or equivalent,Diploma,Working full-time (contract),Clerical Support Workers,1
114371556541.0,Female,30.0,27-31,Bachelor's degree/ advanced diploma or equivalent,Bachelor's Degree,Working full-time (permanent),Managers,0
114371480114.0,Female,34.0,32-44,Diploma/ certificates or equivalent,Diploma,Working full-time (permanent),Professional,0
114349457344.0,Female,25.0,23-26,Diploma/ certificates or equivalent,Diploma,Working full-time (permanent),Professional,0
114371435251.0,Female,35.0,32-44,Diploma/ certificates or equivalent,Diploma,Working full-time (permanent),Managers,0
114371469840.0,Female,23.0,23-26,Diploma/ certificates or equivalent,Diploma,Working full-time (permanent),Service and Sales Workers,1
114371466177.0,Female,26.0,23-26,Diploma/ certificates or equivalent,Diploma,Working full-time (permanent),Managers,0
114358713602.0,Female,28.0,27-31,Diploma/ certificates or equivalent,Diploma,Working full-time (contract),Managers,0
114371502896.0,Male,34.0,32-44,Bachelor's degree/ advanced diploma or equivalent,Bachelor's Degree,Working full-time (permanent),Professional,0
114371271862.0,Male,33.0,32-44,Bachelor's degree/ advanced diploma or equivalent,Bachelor's Degree,Working full-time (permanent),Managers,0
114371383804.0,Female,36.0,32-44,Diploma/ certificates or equivalent,Diploma,Working part-time (permanent),Elementary Occupations,1
114371374887.0,Female,35.0,32-44,Bachelor's degree/ advanced diploma or equivalent,Bachelor's Degree,Working full-time (permanent),Professional,0
114358931504.0,Female,27.0,27-31,Bachelor's degree/ advanced diploma or equivalent,Bachelor's Degree,Working full-time (permanent),Professional,0
114375626382.0,Male,25.0,23-26,Diploma/ certificates or equivalent,Diploma,Working full-time (permanent),Managers,0
114371460017.0,Male,27.0,27-31,Bachelor's degree/ advanced diploma or equivalent,Bachelor's Degree,Working full-time (permanent),Elementary Occupations,1
114371470770.0,Female,34.0,32-44,Diploma/ certificates or equivalent,Diploma,Working full-time (permanent),Professional,0
114359318898.0,Male,28.0,27-31,Diploma/ certificates or equivalent,Diploma,Working full-time (permanent),Professional,0
114375889057.0,Female,36.0,32-44,Bachelor's degree/ advanced diploma or equivalent,Bachelor's Degree,Working full-time (permanent),Professional,0
114371478236.0,Female,31.0,27-31,Diploma/ certificates or equivalent,Diploma,Working full-time (permanent),Technician and Associate Professionals,0
114371468368.0,Female,26.0,23-26,Diploma/ certificates or equivalent,Diploma,Working full-time (permanent),Service and Sales Workers,1
114371462825.0,Female,25.0,23-26,Diploma/ certificates or equivalent,Diploma,Working full-time (permanent),Managers,0
114372665404.0,Female,25.0,23-26,Diploma/ certificates or equivalent,Diploma,Working part-time (permanent),Service and Sales Workers,1
114358720739.0,Female,29.0,27-31,Bachelor's degree/ advanced diploma or equivalent,Bachelor's Degree,Working full-time (contract),Professional,0
114371464018.0,Male,23.0,23-26,Diploma/ certificates or equivalent,Diploma,Working full-time (permanent),Elementary Occupations,1
114371461592.0,Female,37.0,32-44,Diploma/ certificates or equivalent,Diploma,Working full-time (permanent),Clerical Support Workers,1
114371481947.0,Male,43.0,32-44,Bachelor's degree/ advanced diploma or equivalent,Bachelor's Degree,Working full-time (permanent),Managers,0
114371487176.0,Female,40.0,32-44,Bachelor's degree/ advanced diploma or equivalent,Bachelor's Degree,Working full-time (permanent),Professional,0
114371471333.0,Female,31.0,27-31,Diploma/ certificates or equivalent,Diploma,Working full-time (permanent),Technician and Associate Professionals,0
114371476216.0,Female,31.0,27-31,Diploma/ certificates or equivalent,Diploma,Working full-time (permanent),Professional,0
114347713559.0,Female,31.0,27-31,Bachelor's degree/ advanced diploma or equivalent,Bachelor's Degree,Working full-time (permanent),Professional,0
114347732086.0,Female,27.0,27-31,Diploma/ certificates or equivalent,Diploma,Working full-time (permanent),Clerical Support Workers,1
114370457260.0,Female,34.0,32-44,Diploma/ certificates or equivalent,Diploma,Working full-time (contract),Professional,0
114371438799.0,Male,36.0,32-44,Diploma/ certificates or equivalent,Diploma,Working full-time (permanent),Managers,0
114371468121.0,Female,30.0,27-31,Diploma/ certificates or equivalent,Diploma,Working full-time (permanent),Professional,0
114371446716.0,Female,39.0,32-44,Bachelor's degree/ advanced diploma or equivalent,Bachelor's Degree,Working full-time (permanent),Professional,0
114371460096.0,Male,37.0,32-44,Bachelor's degree/ advanced diploma or equivalent,Bachelor's Degree,Working full-time (permanent),Technician and Associate Professionals,0
114371446854.0,Female,33.0,32-44,Bachelor's degree/ advanced diploma or equivalent,Bachelor's Degree,Working full-time (permanent),Technician and Associate Professionals,0
114371395878.0,Female,27.0,27-31,Bachelor's degree/ advanced diploma or equivalent,Bachelor's Degree,Working full-time (permanent),Service and Sales Workers,1
114371468498.0,Female,29.0,27-31,Bachelor's degree/ advanced diploma or equivalent,Bachelor's Degree,Working full-time (permanent),Clerical Support Workers,1
114358729546.0,Female,36.0,32-44,Bachelor's degree/ advanced diploma or equivalent,Bachelor's Degree,Working full-time (permanent),Clerical Support Workers,1
114347704401.0,Female,25.0,23-26,Diploma/ certificates or equivalent,Diploma,Working full-time (permanent),Technician and Associate Professionals,0
114369913867.0,Female,33.0,32-44,Bachelor's degree/ advanced diploma or equivalent,Bachelor's Degree,Working full-time (permanent),Technician and Associate Professionals,0
114370444762.0,Male,33.0,32-44,Diploma/ certificates or equivalent,Diploma,Working full-time (permanent),Professional,0
114371447564.0,Female,40.0,32-44,Bachelor's degree/ advanced diploma or equivalent,Bachelor's Degree,Working full-time (permanent),Professional,0
114369694913.0,Female,34.0,32-44,Bachelor's degree/ advanced diploma or equivalent,Bachelor's Degree,Working full-time (permanent),Service and Sales Workers,1
114370467442.0,Female,33.0,32-44,Diploma/ certificates or equivalent,Diploma,Working full-time (permanent),Clerical Support Workers,1
114371359802.0,Male,34.0,32-44,Bachelor's degree/ advanced diploma or equivalent,Bachelor's Degree,Working full-time (permanent),Clerical Support Workers,1
114371484330.0,Female,28.0,27-31,Diploma/ certificates or equivalent,Diploma,Working full-time (permanent),Managers,0
114369634984.0,Male,34.0,32-44,Diploma/ certificates or equivalent,Diploma,Working full-time (permanent),Craft and Related Trades Workers,1
114371509944.0,Male,28.0,27-31,Bachelor's degree/ advanced diploma or equivalent,Bachelor's Degree,Working full-time (permanent),Professional,0
114371666512.0,Female,26.0,23-26,Diploma/ certificates or equivalent,Diploma,Working full-time (permanent),Professional,0
114371480152.0,Female,41.0,32-44,Bachelor's degree/ advanced diploma or equivalent,Bachelor's Degree,Working full-time (permanent),Professional,0
114347350583.0,Female,29.0,27-31,Diploma/ certificates or equivalent,Diploma,Working full-time (permanent),Managers,0
114371469563.0,Female,35.0,32-44,Bachelor's degree/ advanced diploma or equivalent,Bachelor's Degree,Working full-time (permanent),Managers,0
114348055470.0,Male,26.0,23-26,Bachelor's degree/ advanced diploma or equivalent,Bachelor's Degree,Working full-time (permanent),Clerical Support Workers,1
114347720709.0,Male,25.0,23-26,Bachelor's degree/ advanced diploma or equivalent,Bachelor's Degree,Working full-time (permanent),Service and Sales Workers,1
114371462857.0,Female,23.0,23-26,Diploma/ certificates or equivalent,Diploma,Working full-time (permanent),Managers,0
114369718171.0,Female,34.0,32-44,Diploma/ certificates or equivalent,Diploma,Working full-time (permanent),Managers,0
114371499371.0,Female,24.0,23-26,Bachelor's degree/ advanced diploma or equivalent,Bachelor's Degree,Working full-time (permanent),Technician and Associate Professionals,0
114358714478.0,Male,27.0,27-31,Diploma/ certificates or equivalent,Diploma,Working full-time (contract),Managers,0
114371482171.0,Female,28.0,27-31,Bachelor's degree/ advanced diploma or equivalent,Bachelor's Degree,Working full-time (permanent),Professional,0
114371475800.0,Female,38.0,32-44,Bachelor's degree/ advanced diploma or equivalent,Bachelor's Degree,Working full-time (permanent),Managers,0
114371445991.0,Female,30.0,27-31,Bachelor's degree/ advanced diploma or equivalent,Bachelor's Degree,Working full-time (permanent),Managers,0
114369897420.0,Male,36.0,32-44,Diploma/ certificates or equivalent,Diploma,Working full-time (permanent),Clerical Support Workers,1
114371445521.0,Female,38.0,32-44,Bachelor's degree/ advanced diploma or equivalent,Bachelor's Degree,Working full-time (permanent),Professional,0
114369635891.0,Female,35.0,32-44,Bachelor's degree/ advanced diploma or equivalent,Bachelor's Degree,Working full-time (contract),Technician and Associate Professionals,0
114371424242.0,Female,33.0,32-44,Diploma/ certificates or equivalent,Diploma,Working full-time (permanent),Professional,0
114371453223.0,Male,35.0,32-44,Diploma/ certificates or equivalent,Diploma,Working full-time (permanent),Service and Sales Workers,1
114369687458.0,Female,34.0,32-44,Bachelor's degree/ advanced diploma or equivalent,Bachelor's Degree,Working full-time (permanent),Service and Sales Workers,1
114326903996.0,Female,28.0,27-31,Diploma/ certificates or equivalent,Diploma,Working full-time (permanent),Managers,0
114371476673.0,Female,27.0,27-31,Diploma/ certificates or equivalent,Diploma,Working full-time (permanent),Technician and Associate Professionals,0
114371354314.0,Female,38.0,32-44,Bachelor's degree/ advanced diploma or equivalent,Bachelor's Degree,Working full-time (permanent),Professional,0
114371458321.0,Female,33.0,32-44,Diploma/ certificates or equivalent,Diploma,Working full-time (permanent),Technician and Associate Professionals,0
114371375408.0,Male,34.0,32-44,Bachelor's degree/ advanced diploma or equivalent,Bachelor's Degree,Working full-time (permanent),Technician and Associate Professionals,0
114371473228.0,Female,26.0,23-26,Bachelor's degree/ advanced diploma or equivalent,Bachelor's Degree,Working full-time (permanent),Clerical Support Workers,1
114371476601.0,Male,36.0,32-44,Bachelor's degree/ advanced diploma or equivalent,Bachelor's Degree,Working full-time (permanent),Clerical Support Workers,1
114373639712.0,Female,28.0,27-31,Bachelor's degree/ advanced diploma or equivalent,Bachelor's Degree,Working full-time (permanent),Clerical Support Workers,1
114371563830.0,Female,29.0,27-31,Bachelor's degree/ advanced diploma or equivalent,Bachelor's Degree,Working full-time (permanent),Clerical Support Workers,1
114369568366.0,Male,35.0,32-44,Bachelor's degree/ advanced diploma or equivalent,Bachelor's Degree,Working full-time (permanent),Managers,0
114371469412.0,Female,27.0,27-31,Bachelor's degree/ advanced diploma or equivalent,Bachelor's Degree,Working part-time (permanent),Professional,0
114359286100.0,Female,31.0,27-31,Bachelor's degree/ advanced diploma or equivalent,Bachelor's Degree,Working full-time (permanent),Technician and Associate Professionals,0
114371468041.0,Female,29.0,27-31,Bachelor's degree/ advanced diploma or equivalent,Bachelor's Degree,Working full-time (permanent),Clerical Support Workers,1
114359328673.0,Female,29.0,27-31,Diploma/ certificates or equivalent,Diploma,Working full-time (permanent),Managers,0
114371467186.0,Female,33.0,32-44,Bachelor's degree/ advanced diploma or equivalent,Bachelor's Degree,Working full-time (permanent),Professional,0
114372512267.0,Male,33.0,32-44,Bachelor's degree/ advanced diploma or equivalent,Bachelor's Degree,Working full-time (permanent),Managers,0
114358886377.0,Female,28.0,27-31,Bachelor's degree/ advanced diploma or equivalent,Bachelor's Degree,Working full-time (permanent),Professional,0
114371502901.0,Female,28.0,27-31,Diploma/ certificates or equivalent,Diploma,Working full-time (permanent),Clerical Support Workers,1
114371480696.0,Male,31.0,27-31,Diploma/ certificates or equivalent,Diploma,Working full-time (permanent),Clerical Support Workers,1
114371433510.0,Male,27.0,27-31,Diploma/ certificates or equivalent,Diploma,Working full-time (permanent),Professional,0
114371466208.0,Female,42.0,32-44,Bachelor's degree/ advanced diploma or equivalent,Bachelor's Degree,Working full-time (permanent),Clerical Support Workers,1
114370660751.0,Male,34.0,32-44,Diploma/ certificates or equivalent,Diploma,Working full-time (permanent),Managers,0
114371493677.0,Female,36.0,32-44,Bachelor's degree/ advanced diploma or equivalent,Bachelor's Degree,Working part-time (permanent),Clerical Support Workers,1
114371422724.0,Female,38.0,32-44,Diploma/ certificates or equivalent,Diploma,Working full-time (permanent),Managers,0
114359064730.0,Male,27.0,27-31,Diploma/ certificates or equivalent,Diploma,Working part-time (permanent),Managers,0
114369685268.0,Female,32.0,32-44,Diploma/ certificates or equivalent,Diploma,Working part-time (contract),Clerical Support Workers,1
114371466544.0,Female,23.0,23-26,Diploma/ certificates or equivalent,Diploma,Working full-time (permanent),Professional,0
114371494874.0,Female,34.0,32-44,Diploma/ certificates or equivalent,Diploma,Working full-time (permanent),Technician and Associate Professionals,0
114347716157.0,Female,26.0,23-26,Bachelor's degree/ advanced diploma or equivalent,Bachelor's Degree,Working full-time (permanent),Technician and Associate Professionals,0
114371297663.0,Female,28.0,27-31,Diploma/ certificates or equivalent,Diploma,Working full-time (permanent),Professional,0
114369781729.0,Female,34.0,32-44,Bachelor's degree/ advanced diploma or equivalent,Bachelor's Degree,Working full-time (contract),Professional,0
114347723293.0,Male,38.0,32-44,Bachelor's degree/ advanced diploma or equivalent,Bachelor's Degree,Working full-time (permanent),Clerical Support Workers,1
114371476137.0,Female,25.0,23-26,Diploma/ certificates or equivalent,Diploma,Working full-time (permanent),Service and Sales Workers,1
114371405187.0,Male,27.0,27-31,Diploma/ certificates or equivalent,Diploma,Working full-time (permanent),Professional,0
114371448122.0,Male,35.0,32-44,Diploma/ certificates or equivalent,Diploma,Working full-time (permanent),Service and Sales Workers,1
114369764202.0,Female,35.0,32-44,Bachelor's degree/ advanced diploma or equivalent,Bachelor's Degree,Working full-time (permanent),Managers,0
114359431203.0,Female,36.0,32-44,Bachelor's degree/ advanced diploma or equivalent,Bachelor's Degree,Working full-time (permanent),Technician and Associate Professionals,0
114327068218.0,Male,37.0,32-44,Bachelor's degree/ advanced diploma or equivalent,Bachelor's Degree,Working full-time (permanent),Managers,0
114371471294.0,Female,27.0,27-31,Diploma/ certificates or equivalent,Diploma,Working full-time (permanent),Professional,0
114371507483.0,Female,32.0,32-44,Diploma/ certificates or equivalent,Diploma,Working full-time (permanent),Service and Sales Workers,1
114371416620.0,Female,31.0,27-31,Diploma/ certificates or equivalent,Diploma,Working full-time (permanent),Managers,0
114372253809.0,Female,23.0,23-26,Diploma/ certificates or equivalent,Diploma,Working part-time (contract),Service and Sales Workers,1
114347944677.0,Male,24.0,23-26,Bachelor's degree/ advanced diploma or equivalent,Bachelor's Degree,Working full-time (permanent),Elementary Occupations,1
114371496690.0,Female,28.0,27-31,Diploma/ certificates or equivalent,Diploma,Working part-time (contract),Clerical Support Workers,1
114371435298.0,Female,37.0,32-44,Diploma/ certificates or equivalent,Diploma,Working full-time (permanent),Managers,0
114371301355.0,Female,34.0,32-44,Diploma/ certificates or equivalent,Diploma,Working full-time (permanent),Managers,0
114375408564.0,Male,36.0,32-44,Bachelor's degree/ advanced diploma or equivalent,Bachelor's Degree,Working full-time (permanent),Technician and Associate Professionals,0
114347727882.0,Male,28.0,27-31,Bachelor's degree/ advanced diploma or equivalent,Bachelor's Degree,Working full-time (contract),Professional,0
114364158247.0,Male,28.0,27-31,Bachelor's degree/ advanced diploma or equivalent,Bachelor's Degree,Working full-time (permanent),Clerical Support Workers,1
114364407740.0,Male,29.0,27-31,Bachelor's degree/ advanced diploma or equivalent,Bachelor's Degree,Working full-time (contract),Elementary Occupations,1
114371474766.0,Female,28.0,27-31,Diploma/ certificates or equivalent,Diploma,Working full-time (permanent),Technician and Associate Professionals,0
114371469223.0,Female,36.0,32-44,Bachelor's degree/ advanced diploma or equivalent,Bachelor's Degree,Working full-time (contract),Clerical Support Workers,1
114371469887.0,Male,36.0,32-44,Diploma/ certificates or equivalent,Diploma,Working full-time (permanent),Clerical Support Workers,1
114360608892.0,Female,31.0,27-31,Diploma/ certificates or equivalent,Diploma,Working full-time (permanent),Professional,0
114372164628.0,Male,34.0,32-44,Bachelor's degree/ advanced diploma or equivalent,Bachelor's Degree,Working full-time (permanent),Professional,0
114371452427.0,Male,37.0,32-44,Diploma/ certificates or equivalent,Diploma,Working part-time (contract),Managers,0
114337184932.0,Female,31.0,27-31,Bachelor's degree/ advanced diploma or equivalent,Bachelor's Degree,Working full-time (contract),Professional,0
114371472183.0,Male,35.0,32-44,Bachelor's degree/ advanced diploma or equivalent,Bachelor's Degree,Working full-time (permanent),Professional,0
114371485681.0,Male,32.0,32-44,Diploma/ certificates or equivalent,Diploma,Working full-time (permanent),Professional,0
114380638794.0,Male,32.0,32-44,Diploma/ certificates or equivalent,Diploma,Working full-time (permanent),Service and Sales Workers,1
114369716885.0,Male,34.0,32-44,Bachelor's degree/ advanced diploma or equivalent,Bachelor's Degree,Working full-time (permanent),Service and Sales Workers,1
114371455449.0,Female,35.0,32-44,Diploma/ certificates or equivalent,Diploma,Working full-time (permanent),Service and Sales Workers,1
114371465930.0,Female,23.0,23-26,Diploma/ certificates or equivalent,Diploma,Working full-time (contract),Service and Sales Workers,1
114371469559.0,Female,27.0,27-31,Bachelor's degree/ advanced diploma or equivalent,Bachelor's Degree,Working full-time (permanent),Clerical Support Workers,1
114359876747.0,Male,26.0,23-26,Diploma/ certificates or equivalent,Diploma,Working full-time (permanent),Technician and Associate Professionals,0
114371511256.0,Male,33.0,32-44,Bachelor's degree/ advanced diploma or equivalent,Bachelor's Degree,Working full-time (permanent),Professional,0
114347708877.0,Female,30.0,27-31,Bachelor's degree/ advanced diploma or equivalent,Bachelor's Degree,Working full-time (contract),Professional,0
114371453754.0,Female,29.0,27-31,Diploma/ certificates or equivalent,Diploma,Working full-time (permanent),Service and Sales Workers,1
114371385381.0,Female,25.0,23-26,Diploma/ certificates or equivalent,Diploma,Working full-time (permanent),Professional,0
114371420214.0,Male,35.0,32-44,Bachelor's degree/ advanced diploma or equivalent,Bachelor's Degree,Working full-time (permanent),Technician and Associate Professionals,0
114371472434.0,Female,32.0,32-44,Diploma/ certificates or equivalent,Diploma,Working full-time (permanent),Managers,0
114346852816.0,Female,30.0,27-31,Diploma/ certificates or equivalent,Diploma,Working full-time (permanent),Professional,0
114369574289.0,Female,35.0,32-44,Bachelor's degree/ advanced diploma or equivalent,Bachelor's Degree,Working full-time (permanent),Professional,0
114347712265.0,Female,27.0,27-31,Diploma/ certificates or equivalent,Diploma,Working full-time (permanent),Managers,0
114340986719.0,Female,34.0,32-44,Bachelor's degree/ advanced diploma or equivalent,Bachelor's Degree,Working full-time (contract),Professional,0
114369609560.0,Male,35.0,32-44,Diploma/ certificates or equivalent,Diploma,Working full-time (permanent),Clerical Support Workers,1
114371471368.0,Female,33.0,32-44,Diploma/ certificates or equivalent,Diploma,Working full-time (permanent),Technician and Associate Professionals,0
114371495708.0,Female,36.0,32-44,Diploma/ certificates or equivalent,Diploma,Working full-time (permanent),Technician and Associate Professionals,0
114371456520.0,Female,33.0,32-44,Diploma/ certificates or equivalent,Diploma,Working full-time (permanent),Professional,0
114371546974.0,Female,31.0,27-31,Diploma/ certificates or equivalent,Diploma,Working full-time (permanent),Clerical Support Workers,1
114347742508.0,Female,28.0,27-31,Diploma/ certificates or equivalent,Diploma,Working full-time (permanent),Clerical Support Workers,1
114371489401.0,Female,27.0,27-31,Bachelor's degree/ advanced diploma or equivalent,Bachelor's Degree,Working full-time (permanent),Professional,0
114371498787.0,Male,38.0,32-44,Bachelor's degree/ advanced diploma or equivalent,Bachelor's Degree,Working full-time (permanent),Professional,0
114369788950.0,Female,27.0,27-31,Bachelor's degree/ advanced diploma or equivalent,Bachelor's Degree,Working full-time (permanent),Professional,0
114371458685.0,Male,27.0,27-31,Bachelor's degree/ advanced diploma or equivalent,Bachelor's Degree,Working full-time (permanent),Technician and Associate Professionals,0
114371474461.0,Female,30.0,27-31,Bachelor's degree/ advanced diploma or equivalent,Bachelor's Degree,Working full-time (permanent),Technician and Associate Professionals,0
114371479700.0,Female,38.0,32-44,Bachelor's degree/ advanced diploma or equivalent,Bachelor's Degree,Working full-time (permanent),Professional,0
114371604476.0,Female,25.0,23-26,Diploma/ certificates or equivalent,Diploma,Working full-time (permanent),Managers,0
114372298392.0,Male,35.0,32-44,Bachelor's degree/ advanced diploma or equivalent,Bachelor's Degree,Working full-time (contract),Technician and Associate Professionals,0
114359229878.0,Male,36.0,32-44,Bachelor's degree/ advanced diploma or equivalent,Bachelor's Degree,Working full-time (permanent),Professional,0
114371417878.0,Female,38.0,32-44,Bachelor's degree/ advanced diploma or equivalent,Bachelor's Degree,Working full-time (permanent),Professional,0
114358708771.0,Male,31.0,27-31,Bachelor's degree/ advanced diploma or equivalent,Bachelor's Degree,Working full-time (permanent),Managers,0
114371476863.0,Male,41.0,32-44,Diploma/ certificates or equivalent,Diploma,Working full-time (permanent),Elementary Occupations,1
114371425604.0,Male,27.0,27-31,Diploma/ certificates or equivalent,Diploma,Working full-time (permanent),Professional,0
114347709562.0,Female,29.0,27-31,Bachelor's degree/ advanced diploma or equivalent,Bachelor's Degree,Working full-time (permanent),Professional,0
114371442666.0,Female,33.0,32-44,Diploma/ certificates or equivalent,Diploma,Working full-time (permanent),Technician and Associate Professionals,0
114371458729.0,Female,29.0,27-31,Diploma/ certificates or equivalent,Diploma,Working full-time (permanent),Technician and Associate Professionals,0
114371426877.0,Male,35.0,32-44,Diploma/ certificates or equivalent,Diploma,Working full-time (permanent),Service and Sales Workers,1
114371526170.0,Male,40.0,32-44,Bachelor's degree/ advanced diploma or equivalent,Bachelor's Degree,Working full-time (permanent),Professional,0
114371495325.0,Female,34.0,32-44,Bachelor's degree/ advanced diploma or equivalent,Bachelor's Degree,Working full-time (permanent),Technician and Associate Professionals,0
114371536071.0,Female,23.0,23-26,Diploma/ certificates or equivalent,Diploma,Working full-time (permanent),Managers,0
114347766551.0,Female,31.0,27-31,Bachelor's degree/ advanced diploma or equivalent,Bachelor's Degree,Working full-time (contract),Service and Sales Workers,1
114358714036.0,Female,27.0,27-31,Diploma/ certificates or equivalent,Diploma,Working full-time (permanent),Technician and Associate Professionals,0
114347711244.0,Male,31.0,27-31,Bachelor's degree/ advanced diploma or equivalent,Bachelor's Degree,Working full-time (permanent),Managers,0
114371444504.0,Female,28.0,27-31,Bachelor's degree/ advanced diploma or equivalent,Bachelor's Degree,Working full-time (permanent),Managers,0
114371438832.0,Female,29.0,27-31,Bachelor's degree/ advanced diploma or equivalent,Bachelor's Degree,Working full-time (permanent),Professional,0
114371491611.0,Female,25.0,23-26,Diploma/ certificates or equivalent,Diploma,Working full-time (permanent),Clerical Support Workers,1
114359293902.0,Female,31.0,27-31,Bachelor's degree/ advanced diploma or equivalent,Bachelor's Degree,Working full-time (permanent),Professional,0
114371385995.0,Female,30.0,27-31,Diploma/ certificates or equivalent,Diploma,Working full-time (permanent),Technician and Associate Professionals,0
114371486072.0,Female,34.0,32-44,Diploma/ certificates or equivalent,Diploma,Working full-time (permanent),Service and Sales Workers,1
114371527750.0,Female,27.0,27-31,Bachelor's degree/ advanced diploma or equivalent,Bachelor's Degree,Working full-time (permanent),Professional,0
114371483466.0,Female,28.0,27-31,Diploma/ certificates or equivalent,Diploma,Working part-time (contract),Managers,0
114371528435.0,Female,27.0,27-31,Diploma/ certificates or equivalent,Diploma,Working full-time (permanent),Professional,0
114371514668.0,Male,27.0,27-31,Diploma/ certificates or equivalent,Diploma,Working full-time (permanent),Managers,0
114371460893.0,Male,31.0,27-31,Bachelor's degree/ advanced diploma or equivalent,Bachelor's Degree,Working full-time (permanent),Professional,0
114351401754.0,Female,33.0,32-44,Diploma/ certificates or equivalent,Diploma,Working full-time (permanent),Clerical Support Workers,1
114371264228.0,Female,38.0,32-44,Bachelor's degree/ advanced diploma or equivalent,Bachelor's Degree,Working full-time (contract),Clerical Support Workers,1
114371468108.0,Male,38.0,32-44,Diploma/ certificates or equivalent,Diploma,Working full-time (permanent),Managers,0
114347796144.0,Male,26.0,23-26,Diploma/ certificates or equivalent,Diploma,Working full-time (permanent),Service and Sales Workers,1
114371466826.0,Male,24.0,23-26,Diploma/ certificates or equivalent,Diploma,Working full-time (permanent),Professional,0
114371484978.0,Female,36.0,32-44,Bachelor's degree/ advanced diploma or equivalent,Bachelor's Degree,Working full-time (permanent),Service and Sales Workers,1
114371500230.0,Male,29.0,27-31,Diploma/ certificates or equivalent,Diploma,Working full-time (permanent),Professional,0
114371501478.0,Male,34.0,32-44,Diploma/ certificates or equivalent,Diploma,Working full-time (permanent),Managers,0
114370380787.0,Male,29.0,27-31,Diploma/ certificates or equivalent,Diploma,Working full-time (permanent),Clerical Support Workers,1
114371517344.0,Female,31.0,27-31,Diploma/ certificates or equivalent,Diploma,Working full-time (permanent),Professional,0
114350566748.0,Female,30.0,27-31,Bachelor's degree/ advanced diploma or equivalent,Bachelor's Degree,Working full-time (permanent),Managers,0
114371474263.0,Female,32.0,32-44,Bachelor's degree/ advanced diploma or equivalent,Bachelor's Degree,Working full-time (permanent),Professional,0
114373736029.0,Female,33.0,32-44,Diploma/ certificates or equivalent,Diploma,Working full-time (permanent),Clerical Support Workers,1
114370474489.0,Male,34.0,32-44,Bachelor's degree/ advanced diploma or equivalent,Bachelor's Degree,Working full-time (permanent),Professional,0
114326259594.0,Female,38.0,32-44,Bachelor's degree/ advanced diploma or equivalent,Bachelor's Degree,Working full-time (permanent),Professional,0
114371498606.0,Female,35.0,32-44,Diploma/ certificates or equivalent,Diploma,Working full-time (permanent),Technician and Associate Professionals,0
114363006234.0,Female,31.0,27-31,Bachelor's degree/ advanced diploma or equivalent,Bachelor's Degree,Working full-time (permanent),Professional,0
114371493590.0,Female,35.0,32-44,Diploma/ certificates or equivalent,Diploma,Working full-time (contract),"Skilled Agriculture, Forestry, Livestock and Fishery Workers",1
114371510653.0,Female,26.0,23-26,Bachelor's degree/ advanced diploma or equivalent,Bachelor's Degree,Working full-time (permanent),Professional,0
114371642019.0,Female,26.0,23-26,Bachelor's degree/ advanced diploma or equivalent,Bachelor's Degree,Working full-time (permanent),Professional,0
114371479311.0,Male,31.0,27-31,Diploma/ certificates or equivalent,Diploma,Working full-time (permanent),Service and Sales Workers,1
114371441052.0,Male,32.0,32-44,Diploma/ certificates or equivalent,Diploma,Working full-time (permanent),Professional,0
114371465816.0,Female,33.0,32-44,Diploma/ certificates or equivalent,Diploma,Working full-time (permanent),Clerical Support Workers,1
114327123738.0,Male,28.0,27-31,Bachelor's degree/ advanced diploma or equivalent,Bachelor's Degree,Working full-time (permanent),Technician and Associate Professionals,0
114369620190.0,Female,38.0,32-44,Bachelor's degree/ advanced diploma or equivalent,Bachelor's Degree,Working full-time (permanent),Professional,0
114369780233.0,Male,35.0,32-44,Bachelor's degree/ advanced diploma or equivalent,Bachelor's Degree,Working full-time (permanent),Professional,0
114371482170.0,Female,33.0,32-44,Diploma/ certificates or equivalent,Diploma,Working full-time (permanent),Professional,0
114371423333.0,Male,24.0,23-26,Diploma/ certificates or equivalent,Diploma,Working full-time (permanent),Professional,0
114371459698.0,Female,33.0,32-44,Diploma/ certificates or equivalent,Diploma,Working full-time (permanent),Professional,0
114371470949.0,Male,36.0,32-44,Diploma/ certificates or equivalent,Diploma,Working full-time (permanent),Service and Sales Workers,1
114358723855.0,Female,29.0,27-31,Bachelor's degree/ advanced diploma or equivalent,Bachelor's Degree,Working full-time (contract),Managers,0
114372189389.0,Female,23.0,23-26,Diploma/ certificates or equivalent,Diploma,Working full-time (permanent),Service and Sales Workers,1
114371478148.0,Female,29.0,27-31,Diploma/ certificates or equivalent,Diploma,Working full-time (permanent),Clerical Support Workers,1
114371428199.0,Female,35.0,32-44,Diploma/ certificates or equivalent,Diploma,Working full-time (permanent),Managers,0
114363003191.0,Female,31.0,27-31,Bachelor's degree/ advanced diploma or equivalent,Bachelor's Degree,Working full-time (permanent),Professional,0
114371528971.0,Female,31.0,27-31,Bachelor's degree/ advanced diploma or equivalent,Bachelor's Degree,Working full-time (contract),Technician and Associate Professionals,0
114347755661.0,Female,30.0,27-31,Bachelor's degree/ advanced diploma or equivalent,Bachelor's Degree,Working full-time (permanent),Clerical Support Workers,1
114347842683.0,Female,26.0,23-26,Diploma/ certificates or equivalent,Diploma,Working full-time (permanent),Clerical Support Workers,1
114369728054.0,Male,35.0,32-44,Bachelor's degree/ advanced diploma or equivalent,Bachelor's Degree,Working full-time (permanent),Managers,0
114371478513.0,Male,33.0,32-44,Diploma/ certificates or equivalent,Diploma,Working full-time (permanent),Technician and Associate Professionals,0
114371394093.0,Male,33.0,32-44,Bachelor's degree/ advanced diploma or equivalent,Bachelor's Degree,Working full-time (permanent),Elementary Occupations,1
114371395946.0,Female,36.0,32-44,Diploma/ certificates or equivalent,Diploma,Working full-time (permanent),Technician and Associate Professionals,0
114347706714.0,Female,27.0,27-31,Bachelor's degree/ advanced diploma or equivalent,Bachelor's Degree,Working full-time (contract),Professional,0
114371542154.0,Female,36.0,32-44,Bachelor's degree/ advanced diploma or equivalent,Bachelor's Degree,Working full-time (permanent),Professional,0
114348484883.0,Female,36.0,32-44,Bachelor's degree/ advanced diploma or equivalent,Bachelor's Degree,Working full-time (permanent),Professional,0
114371490040.0,Female,30.0,27-31,Diploma/ certificates or equivalent,Diploma,Working full-time (permanent),Technician and Associate Professionals,0
114371469049.0,Male,25.0,23-26,Diploma/ certificates or equivalent,Diploma,Working full-time (permanent),Elementary Occupations,1
114371589592.0,Female,29.0,27-31,Diploma/ certificates or equivalent,Diploma,Working full-time (permanent),Professional,0
114369792049.0,Female,33.0,32-44,Diploma/ certificates or equivalent,Diploma,Working full-time (permanent),Technician and Associate Professionals,0
114369689638.0,Female,34.0,32-44,Diploma/ certificates or equivalent,Diploma,Working full-time (permanent),Service and Sales Workers,1
114359231527.0,Male,35.0,32-44,Bachelor's degree/ advanced diploma or equivalent,Bachelor's Degree,Working full-time (permanent),Managers,0
114371404536.0,Male,30.0,27-31,Diploma/ certificates or equivalent,Diploma,Working full-time (permanent),Elementary Occupations,1
114372377418.0,Female,27.0,27-31,Diploma/ certificates or equivalent,Diploma,Working full-time (permanent),Clerical Support Workers,1
114370311873.0,Male,34.0,32-44,Bachelor's degree/ advanced diploma or equivalent,Bachelor's Degree,Working full-time (permanent),Professional,0
114371448485.0,Female,26.0,23-26,Diploma/ certificates or equivalent,Diploma,Working full-time (permanent),Professional,0
114371494868.0,Female,25.0,23-26,Diploma/ certificates or equivalent,Diploma,Working full-time (contract),Clerical Support Workers,1
114371492702.0,Female,28.0,27-31,Bachelor's degree/ advanced diploma or equivalent,Bachelor's Degree,Working full-time (permanent),Managers,0
114369679384.0,Female,32.0,32-44,Diploma/ certificates or equivalent,Diploma,Working full-time (permanent),Clerical Support Workers,1
114347748568.0,Female,32.0,32-44,Bachelor's degree/ advanced diploma or equivalent,Bachelor's Degree,Working full-time (contract),Technician and Associate Professionals,0
114369753614.0,Female,36.0,32-44,Bachelor's degree/ advanced diploma or equivalent,Bachelor's Degree,Working full-time (permanent),Professional,0
114370525378.0,Male,34.0,32-44,Bachelor's degree/ advanced diploma or equivalent,Bachelor's Degree,Working full-time (permanent),Technician and Associate Professionals,0
114347711032.0,Male,27.0,27-31,Diploma/ certificates or equivalent,Diploma,Working full-time (contract),Technician and Associate Professionals,0
114347727638.0,Male,26.0,23-26,Bachelor's degree/ advanced diploma or equivalent,Bachelor's Degree,Working full-time (permanent),Managers,0
114371452384.0,Female,32.0,32-44,Diploma/ certificates or equivalent,Diploma,Working full-time (permanent),Technician and Associate Professionals,0
114371487495.0,Male,35.0,32-44,Bachelor's degree/ advanced diploma or equivalent,Bachelor's Degree,Working full-time (permanent),Plant and Machine Operators and Assemblers,1
114347721992.0,Male,28.0,27-31,Diploma/ certificates or equivalent,Diploma,Working full-time (permanent),Professional,0
114371456914.0,Female,31.0,27-31,Bachelor's degree/ advanced diploma or equivalent,Bachelor's Degree,Working full-time (permanent),Technician and Associate Professionals,0
114346874172.0,Female,36.0,32-44,Bachelor's degree/ advanced diploma or equivalent,Bachelor's Degree,Working full-time (contract),Technician and Associate Professionals,0
114337215664.0,Female,28.0,27-31,Bachelor's degree/ advanced diploma or equivalent,Bachelor's Degree,Working full-time (contract),Professional,0
114371467294.0,Female,34.0,32-44,Bachelor's degree/ advanced diploma or equivalent,Bachelor's Degree,Working full-time (permanent),Professional,0
114371309184.0,Female,34.0,32-44,Bachelor's degree/ advanced diploma or equivalent,Bachelor's Degree,Working full-time (contract),Professional,0
114369574720.0,Female,34.0,32-44,Diploma/ certificates or equivalent,Diploma,Working full-time (permanent),Clerical Support Workers,1
114371466501.0,Female,34.0,32-44,Bachelor's degree/ advanced diploma or equivalent,Bachelor's Degree,Working full-time (permanent),Clerical Support Workers,1
114369674921.0,Male,34.0,32-44,Bachelor's degree/ advanced diploma or equivalent,Bachelor's Degree,Working full-time (permanent),Managers,0
114371430344.0,Male,28.0,27-31,Diploma/ certificates or equivalent,Diploma,Working full-time (contract),Professional,0
114347718835.0,Female,29.0,27-31,Bachelor's degree/ advanced diploma or equivalent,Bachelor's Degree,Working full-time (permanent),Professional,0
114371488872.0,Female,29.0,27-31,Diploma/ certificates or equivalent,Diploma,Working part-time (permanent),Plant and Machine Operators and Assemblers,1
114371453778.0,Female,34.0,32-44,Bachelor's degree/ advanced diploma or equivalent,Bachelor's Degree,Working full-time (permanent),Clerical Support Workers,1
114371644494.0,Female,25.0,23-26,Diploma/ certificates or equivalent,Diploma,Working full-time (permanent),Professional,0
114371495141.0,Female,25.0,23-26,Bachelor's degree/ advanced diploma or equivalent,Bachelor's Degree,Working full-time (permanent),Clerical Support Workers,1
114371466976.0,Female,32.0,32-44,Diploma/ certificates or equivalent,Diploma,Working full-time (permanent),Service and Sales Workers,1
114347741013.0,Male,40.0,32-44,Bachelor's degree/ advanced diploma or equivalent,Bachelor's Degree,Working full-time (permanent),Professional,0
114369701446.0,Female,35.0,32-44,Bachelor's degree/ advanced diploma or equivalent,Bachelor's Degree,Working full-time (permanent),Professional,0
114371456955.0,Male,27.0,27-31,Diploma/ certificates or equivalent,Diploma,Working full-time (permanent),Armed forces/uniform,1
114371455881.0,Female,37.0,32-44,Diploma/ certificates or equivalent,Diploma,Working full-time (permanent),Technician and Associate Professionals,0
114373371732.0,Male,34.0,32-44,Diploma/ certificates or equivalent,Diploma,Working full-time (permanent),Technician and Associate Professionals,0
114371533885.0,Female,39.0,32-44,Bachelor's degree/ advanced diploma or equivalent,Bachelor's Degree,Working full-time (permanent),Managers,0
114371629610.0,Female,29.0,27-31,Bachelor's degree/ advanced diploma or equivalent,Bachelor's Degree,Working part-time (contract),Service and Sales Workers,1
114371533004.0,Female,24.0,23-26,Diploma/ certificates or equivalent,Diploma,Working full-time (permanent),Professional,0
114369680988.0,Male,34.0,32-44,Diploma/ certificates or equivalent,Diploma,Working full-time (contract),Professional,0
114372334081.0,Female,27.0,27-31,Bachelor's degree/ advanced diploma or equivalent,Bachelor's Degree,Working full-time (permanent),Professional,0
114371479555.0,Male,31.0,27-31,Diploma/ certificates or equivalent,Diploma,Working full-time (permanent),Armed forces/uniform,1
114369730708.0,Female,33.0,32-44,Diploma/ certificates or equivalent,Diploma,Working full-time (permanent),Technician and Associate Professionals,0
114371437031.0,Female,33.0,32-44,Diploma/ certificates or equivalent,Diploma,Working full-time (permanent),Managers,0
114371467545.0,Male,25.0,23-26,Diploma/ certificates or equivalent,Diploma,Working full-time (permanent),"Skilled Agriculture, Forestry, Livestock and Fishery Workers",1
114371469759.0,Female,24.0,23-26,Diploma/ certificates or equivalent,Diploma,Working full-time (permanent),Technician and Associate Professionals,0
114369817847.0,Male,26.0,23-26,Bachelor's degree/ advanced diploma or equivalent,Bachelor's Degree,Working full-time (permanent),Technician and Associate Professionals,0
114371478509.0,Male,23.0,23-26,Diploma/ certificates or equivalent,Diploma,Working full-time (permanent),Service and Sales Workers,1
114371452974.0,Female,31.0,27-31,Bachelor's degree/ advanced diploma or equivalent,Bachelor's Degree,Working full-time (permanent),Managers,0
114371475944.0,Female,38.0,32-44,Bachelor's degree/ advanced diploma or equivalent,Bachelor's Degree,Working full-time (permanent),Technician and Associate Professionals,0
114374530782.0,Female,32.0,32-44,Bachelor's degree/ advanced diploma or equivalent,Bachelor's Degree,Working full-time (permanent),Technician and Associate Professionals,0
114371726054.0,Female,43.0,32-44,Bachelor's degree/ advanced diploma or equivalent,Bachelor's Degree,Working full-time (permanent),Managers,0
114355533476.0,Female,31.0,27-31,Bachelor's degree/ advanced diploma or equivalent,Bachelor's Degree,Working full-time (contract),Clerical Support Workers,1
114326255152.0,Female,28.0,27-31,Bachelor's degree/ advanced diploma or equivalent,Bachelor's Degree,Working full-time (permanent),Professional,0
114369717403.0,Female,34.0,32-44,Diploma/ certificates or equivalent,Diploma,Working full-time (permanent),Managers,0
114375641446.0,Male,38.0,32-44,Bachelor's degree/ advanced diploma or equivalent,Bachelor's Degree,Working full-time (permanent),Managers,0
114371506163.0,Male,30.0,27-31,Diploma/ certificates or equivalent,Diploma,Working part-time (permanent),Managers,0
114369765320.0,Female,36.0,32-44,Bachelor's degree/ advanced diploma or equivalent,Bachelor's Degree,Working full-time (permanent),Professional,0
114371480602.0,Male,29.0,27-31,Bachelor's degree/ advanced diploma or equivalent,Bachelor's Degree,Working full-time (contract),Professional,0
114358709581.0,Male,28.0,27-31,Diploma/ certificates or equivalent,Diploma,Working full-time (permanent),Technician and Associate Professionals,0
114371467414.0,Female,36.0,32-44,Bachelor's degree/ advanced diploma or equivalent,Bachelor's Degree,Working full-time (permanent),Professional,0
114371539720.0,Female,35.0,32-44,Bachelor's degree/ advanced diploma or equivalent,Bachelor's Degree,Working full-time (permanent),Professional,0
114371459929.0,Female,27.0,27-31,Diploma/ certificates or equivalent,Diploma,Working full-time (permanent),"Skilled Agriculture, Forestry, Livestock and Fishery Workers",1
114373680872.0,Male,40.0,32-44,Bachelor's degree/ advanced diploma or equivalent,Bachelor's Degree,Working full-time (permanent),Professional,0
114365268385.0,Male,37.0,32-44,Bachelor's degree/ advanced diploma or equivalent,Bachelor's Degree,Working full-time (permanent),Professional,0
114371468930.0,Female,34.0,32-44,Diploma/ certificates or equivalent,Diploma,Working part-time (permanent),Clerical Support Workers,1
114371683629.0,Male,28.0,27-31,Diploma/ certificates or equivalent,Diploma,Working full-time (permanent),Craft and Related Trades Workers,1
114358707874.0,Male,27.0,27-31,Diploma/ certificates or equivalent,Diploma,Working full-time (permanent),Service and Sales Workers,1
114359148506.0,Female,26.0,23-26,Bachelor's degree/ advanced diploma or equivalent,Bachelor's Degree,Working full-time (contract),Technician and Associate Professionals,0
114369685697.0,Female,34.0,32-44,Bachelor's degree/ advanced diploma or equivalent,Bachelor's Degree,Working full-time (permanent),Technician and Associate Professionals,0
114371424696.0,Male,27.0,27-31,Diploma/ certificates or equivalent,Diploma,Working full-time (permanent),Technician and Associate Professionals,0
114358780617.0,Male,28.0,27-31,Bachelor's degree/ advanced diploma or equivalent,Bachelor's Degree,Working full-time (permanent),Technician and Associate Professionals,0
114359408787.0,Female,26.0,23-26,Bachelor's degree/ advanced diploma or equivalent,Bachelor's Degree,Working full-time (permanent),Managers,0
114371294262.0,Male,36.0,32-44,Diploma/ certificates or equivalent,Diploma,Working full-time (permanent),Clerical Support Workers,1
114371419152.0,Female,30.0,27-31,Diploma/ certificates or equivalent,Diploma,Working full-time (permanent),Professional,0
114371511902.0,Female,35.0,32-44,Diploma/ certificates or equivalent,Diploma,Working full-time (permanent),Technician and Associate Professionals,0
114371469185.0,Female,33.0,32-44,Bachelor's degree/ advanced diploma or equivalent,Bachelor's Degree,Working full-time (permanent),Professional,0
114371508171.0,Female,29.0,27-31,Bachelor's degree/ advanced diploma or equivalent,Bachelor's Degree,Working full-time (permanent),Managers,0
114371449833.0,Female,33.0,32-44,Diploma/ certificates or equivalent,Diploma,Working full-time (permanent),Managers,0
114375639057.0,Male,35.0,32-44,Diploma/ certificates or equivalent,Diploma,Working full-time (permanent),Service and Sales Workers,1
114370622328.0,Male,32.0,32-44,Bachelor's degree/ advanced diploma or equivalent,Bachelor's Degree,Working full-time (permanent),Professional,0
114371467513.0,Female,30.0,27-31,Diploma/ certificates or equivalent,Diploma,Working full-time (permanent),Technician and Associate Professionals,0
114371519857.0,Female,28.0,27-31,Bachelor's degree/ advanced diploma or equivalent,Bachelor's Degree,Working full-time (permanent),Plant and Machine Operators and Assemblers,1
114371425615.0,Female,35.0,32-44,Diploma/ certificates or equivalent,Diploma,Working full-time (contract),Clerical Support Workers,1
114371464619.0,Female,35.0,32-44,Bachelor's degree/ advanced diploma or equivalent,Bachelor's Degree,Working full-time (permanent),Professional,0
114371421479.0,Female,32.0,32-44,Diploma/ certificates or equivalent,Diploma,Working full-time (permanent),Managers,0
114371467970.0,Male,29.0,27-31,Bachelor's degree/ advanced diploma or equivalent,Bachelor's Degree,Working full-time (permanent),Managers,0
114371471396.0,Female,28.0,27-31,Bachelor's degree/ advanced diploma or equivalent,Bachelor's Degree,Working full-time (permanent),Clerical Support Workers,1
114369632153.0,Female,36.0,32-44,Bachelor's degree/ advanced diploma or equivalent,Bachelor's Degree,Working full-time (permanent),Professional,0
114371484741.0,Female,32.0,32-44,Diploma/ certificates or equivalent,Diploma,Working full-time (permanent),Professional,0
114371464608.0,Female,30.0,27-31,Diploma/ certificates or equivalent,Diploma,Working full-time (permanent),Professional,0
114371483975.0,Female,30.0,27-31,Diploma/ certificates or equivalent,Diploma,Working full-time (permanent),Professional,0
114373521457.0,Male,36.0,32-44,Bachelor's degree/ advanced diploma or equivalent,Bachelor's Degree,Working full-time (permanent),Professional,0
114371469393.0,Male,28.0,27-31,Bachelor's degree/ advanced diploma or equivalent,Bachelor's Degree,Working full-time (permanent),Managers,0
114371351839.0,Female,40.0,32-44,Bachelor's degree/ advanced diploma or equivalent,Bachelor's Degree,Working full-time (permanent),Professional,0
114371462632.0,Female,38.0,32-44,Bachelor's degree/ advanced diploma or equivalent,Bachelor's Degree,Working full-time (permanent),Professional,0
114371467443.0,Male,30.0,27-31,Diploma/ certificates or equivalent,Diploma,Working full-time (contract),Technician and Associate Professionals,0
114371470974.0,Female,32.0,32-44,Diploma/ certificates or equivalent,Diploma,Working full-time (permanent),Clerical Support Workers,1
114346008919.0,Female,36.0,32-44,Bachelor's degree/ advanced diploma or equivalent,Bachelor's Degree,Working full-time (permanent),Plant and Machine Operators and Assemblers,1
114371307021.0,Male,32.0,32-44,Diploma/ certificates or equivalent,Diploma,Working full-time (permanent),Professional,0
114371385121.0,Female,36.0,32-44,Bachelor's degree/ advanced diploma or equivalent,Bachelor's Degree,Working full-time (permanent),Managers,0
114371436386.0,Male,31.0,27-31,Bachelor's degree/ advanced diploma or equivalent,Bachelor's Degree,Working full-time (permanent),Plant and Machine Operators and Assemblers,1
114371462679.0,Male,39.0,32-44,Bachelor's degree/ advanced diploma or equivalent,Bachelor's Degree,Working full-time (contract),Clerical Support Workers,1
114371072082.0,Female,35.0,32-44,Diploma/ certificates or equivalent,Diploma,Working full-time (contract),Professional,0
114371521528.0,Female,33.0,32-44,Bachelor's degree/ advanced diploma or equivalent,Bachelor's Degree,Working full-time (permanent),Professional,0
114371523656.0,Female,31.0,27-31,Bachelor's degree/ advanced diploma or equivalent,Bachelor's Degree,Working full-time (permanent),Service and Sales Workers,1
114375617132.0,Male,36.0,32-44,Diploma/ certificates or equivalent,Diploma,Working full-time (permanent),Managers,0
114371477444.0,Female,34.0,32-44,Bachelor's degree/ advanced diploma or equivalent,Bachelor's Degree,Working part-time (permanent),Clerical Support Workers,1
114359265749.0,Female,31.0,27-31,Bachelor's degree/ advanced diploma or equivalent,Bachelor's Degree,Working full-time (permanent),Professional,0
114348525651.0,Male,36.0,32-44,Bachelor's degree/ advanced diploma or equivalent,Bachelor's Degree,Working full-time (permanent),Technician and Associate Professionals,0
114371501037.0,Male,31.0,27-31,Diploma/ certificates or equivalent,Diploma,Working full-time (permanent),Managers,0
114369716623.0,Male,33.0,32-44,Bachelor's degree/ advanced diploma or equivalent,Bachelor's Degree,Working full-time (permanent),Managers,0
114371807852.0,Female,26.0,23-26,Bachelor's degree/ advanced diploma or equivalent,Bachelor's Degree,Working part-time (permanent),Service and Sales Workers,1
114371469003.0,Female,28.0,27-31,Diploma/ certificates or equivalent,Diploma,Working full-time (permanent),Managers,0
114371472711.0,Female,28.0,27-31,Bachelor's degree/ advanced diploma or equivalent,Bachelor's Degree,Working full-time (permanent),Professional,0
114371288599.0,Female,34.0,32-44,Diploma/ certificates or equivalent,Diploma,Working full-time (permanent),Service and Sales Workers,1
114358962466.0,Male,26.0,23-26,Diploma/ certificates or equivalent,Diploma,Working full-time (permanent),Technician and Associate Professionals,0
114369980246.0,Male,32.0,32-44,Diploma/ certificates or equivalent,Diploma,Working full-time (permanent),Elementary Occupations,1
114371602110.0,Male,34.0,32-44,Diploma/ certificates or equivalent,Diploma,Working full-time (permanent),Professional,0
114371509319.0,Male,33.0,32-44,Diploma/ certificates or equivalent,Diploma,Working full-time (permanent),Technician and Associate Professionals,0
114371469478.0,Male,29.0,27-31,Bachelor's degree/ advanced diploma or equivalent,Bachelor's Degree,Working part-time (permanent),Professional,0
114371311832.0,Female,26.0,23-26,Bachelor's degree/ advanced diploma or equivalent,Bachelor's Degree,Working full-time (permanent),Service and Sales Workers,1
114347985689.0,Male,31.0,27-31,Bachelor's degree/ advanced diploma or equivalent,Bachelor's Degree,Working full-time (permanent),Professional,0
114371514968.0,Female,35.0,32-44,Bachelor's degree/ advanced diploma or equivalent,Bachelor's Degree,Working full-time (permanent),Managers,0
114371447673.0,Female,32.0,32-44,Diploma/ certificates or equivalent,Diploma,Working full-time (permanent),Technician and Associate Professionals,0
114358747263.0,Female,30.0,27-31,Bachelor's degree/ advanced diploma or equivalent,Bachelor's Degree,Working full-time (permanent),Professional,0
114371469792.0,Female,30.0,27-31,Diploma/ certificates or equivalent,Diploma,Working full-time (permanent),Clerical Support Workers,1
114348622197.0,Male,30.0,27-31,Bachelor's degree/ advanced diploma or equivalent,Bachelor's Degree,Working full-time (permanent),Managers,0
114371462586.0,Male,37.0,32-44,Bachelor's degree/ advanced diploma or equivalent,Bachelor's Degree,Working full-time (permanent),Managers,0
114371400572.0,Female,27.0,27-31,Diploma/ certificates or equivalent,Diploma,Working full-time (permanent),Professional,0
114348606516.0,Female,38.0,32-44,Bachelor's degree/ advanced diploma or equivalent,Bachelor's Degree,Working full-time (permanent),Clerical Support Workers,1
114371508818.0,Female,37.0,32-44,Diploma/ certificates or equivalent,Diploma,Working full-time (permanent),Elementary Occupations,1
114347714032.0,Female,28.0,27-31,Bachelor's degree/ advanced diploma or equivalent,Bachelor's Degree,Working full-time (permanent),Service and Sales Workers,1
114371462986.0,Female,31.0,27-31,Bachelor's degree/ advanced diploma or equivalent,Bachelor's Degree,Working full-time (permanent),Technician and Associate Professionals,0
114371451128.0,Female,23.0,23-26,Bachelor's degree/ advanced diploma or equivalent,Bachelor's Degree,Working full-time (permanent),Technician and Associate Professionals,0
114371403440.0,Female,29.0,27-31,Diploma/ certificates or equivalent,Diploma,Working full-time (contract),Professional,0
114346889319.0,Female,30.0,27-31,Diploma/ certificates or equivalent,Diploma,Working full-time (permanent),Professional,0
114371523456.0,Female,27.0,27-31,Diploma/ certificates or equivalent,Diploma,Working full-time (contract),Professional,0
114371452539.0,Female,35.0,32-44,Bachelor's degree/ advanced diploma or equivalent,Bachelor's Degree,Working full-time (permanent),Professional,0
114371492774.0,Female,38.0,32-44,Bachelor's degree/ advanced diploma or equivalent,Bachelor's Degree,Working full-time (permanent),Technician and Associate Professionals,0
114371498857.0,Female,26.0,23-26,Bachelor's degree/ advanced diploma or equivalent,Bachelor's Degree,Working full-time (permanent),Professional,0
114371448835.0,Male,27.0,27-31,Bachelor's degree/ advanced diploma or equivalent,Bachelor's Degree,Working full-time (permanent),Professional,0
114371407900.0,Female,26.0,23-26,Diploma/ certificates or equivalent,Diploma,Working full-time (permanent),Technician and Associate Professionals,0
114371442313.0,Male,33.0,32-44,Diploma/ certificates or equivalent,Diploma,Working full-time (contract),Craft and Related Trades Workers,1
114371452031.0,Male,35.0,32-44,Bachelor's degree/ advanced diploma or equivalent,Bachelor's Degree,Working full-time (permanent),Clerical Support Workers,1
114371616435.0,Female,37.0,32-44,Bachelor's degree/ advanced diploma or equivalent,Bachelor's Degree,Working full-time (permanent),Professional,0
114326288540.0,Male,25.0,23-26,Diploma/ certificates or equivalent,Diploma,Working full-time (permanent),Service and Sales Workers,1
114347800889.0,Female,26.0,23-26,Bachelor's degree/ advanced diploma or equivalent,Bachelor's Degree,Working full-time (permanent),Managers,0
114371487856.0,Female,23.0,23-26,Diploma/ certificates or equivalent,Diploma,Working full-time (permanent),Technician and Associate Professionals,0
114371428177.0,Female,38.0,32-44,Diploma/ certificates or equivalent,Diploma,Working full-time (permanent),Technician and Associate Professionals,0
114371442452.0,Female,34.0,32-44,Diploma/ certificates or equivalent,Diploma,Working full-time (permanent),Technician and Associate Professionals,0
114371475761.0,Female,36.0,32-44,Bachelor's degree/ advanced diploma or equivalent,Bachelor's Degree,Working full-time (permanent),Professional,0
114371420866.0,Female,35.0,32-44,Diploma/ certificates or equivalent,Diploma,Working full-time (permanent),Service and Sales Workers,1
114371460275.0,Female,35.0,32-44,Diploma/ certificates or equivalent,Diploma,Working full-time (permanent),Clerical Support Workers,1
114371469739.0,Female,39.0,32-44,Diploma/ certificates or equivalent,Diploma,Working full-time (permanent),Technician and Associate Professionals,0
114350495222.0,Female,29.0,27-31,Bachelor's degree/ advanced diploma or equivalent,Bachelor's Degree,Working full-time (contract),Clerical Support Workers,1
114371411371.0,Female,25.0,23-26,Diploma/ certificates or equivalent,Diploma,Working full-time (permanent),Professional,0
114371412321.0,Male,33.0,32-44,Bachelor's degree/ advanced diploma or equivalent,Bachelor's Degree,Working full-time (permanent),Managers,0
114347709891.0,Female,29.0,27-31,Bachelor's degree/ advanced diploma or equivalent,Bachelor's Degree,Working full-time (permanent),Professional,0
114371487589.0,Male,28.0,27-31,Bachelor's degree/ advanced diploma or equivalent,Bachelor's Degree,Working full-time (permanent),Professional,0
114370403120.0,Female,36.0,32-44,Bachelor's degree/ advanced diploma or equivalent,Bachelor's Degree,Working full-time (permanent),Clerical Support Workers,1
114371488818.0,Female,32.0,32-44,Diploma/ certificates or equivalent,Diploma,Working full-time (permanent),Professional,0
114371466116.0,Male,26.0,23-26,Diploma/ certificates or equivalent,Diploma,Working full-time (contract),Professional,0
114371411288.0,Male,24.0,23-26,Diploma/ certificates or equivalent,Diploma,Working full-time (permanent),Service and Sales Workers,1
114373300645.0,Female,29.0,27-31,Bachelor's degree/ advanced diploma or equivalent,Bachelor's Degree,Working full-time (permanent),Professional,0
114358729768.0,Female,37.0,32-44,Bachelor's degree/ advanced diploma or equivalent,Bachelor's Degree,Working full-time (permanent),Professional,0
114371481782.0,Female,31.0,27-31,Diploma/ certificates or equivalent,Diploma,Working full-time (contract),Professional,0
114371498191.0,Female,23.0,23-26,Bachelor's degree/ advanced diploma or equivalent,Bachelor's Degree,Working full-time (permanent),Professional,0
114372249949.0,Female,34.0,32-44,Diploma/ certificates or equivalent,Diploma,Working full-time (permanent),Clerical Support Workers,1
114371494841.0,Female,38.0,32-44,Diploma/ certificates or equivalent,Diploma,Working full-time (contract),Service and Sales Workers,1
114371457935.0,Female,36.0,32-44,Diploma/ certificates or equivalent,Diploma,Working full-time (permanent),Clerical Support Workers,1
114371425187.0,Male,41.0,32-44,Diploma/ certificates or equivalent,Diploma,Working full-time (permanent),"Skilled Agriculture, Forestry, Livestock and Fishery Workers",1
114371459746.0,Female,36.0,32-44,Diploma/ certificates or equivalent,Diploma,Working full-time (permanent),Managers,0
114371467154.0,Female,28.0,27-31,Diploma/ certificates or equivalent,Diploma,Working full-time (permanent),Technician and Associate Professionals,0
114371387780.0,Male,25.0,23-26,Diploma/ certificates or equivalent,Diploma,Working full-time (permanent),Clerical Support Workers,1
114370750960.0,Male,34.0,32-44,Diploma/ certificates or equivalent,Diploma,Working full-time (permanent),Professional,0
114371450224.0,Male,37.0,32-44,Bachelor's degree/ advanced diploma or equivalent,Bachelor's Degree,Working full-time (contract),Technician and Associate Professionals,0
114338330906.0,Male,38.0,32-44,Bachelor's degree/ advanced diploma or equivalent,Bachelor's Degree,Working full-time (permanent),Professional,0
114348448765.0,Male,35.0,32-44,Diploma/ certificates or equivalent,Diploma,Working full-time (permanent),Technician and Associate Professionals,0
114369781820.0,Female,34.0,32-44,Bachelor's degree/ advanced diploma or equivalent,Bachelor's Degree,Working full-time (permanent),Professional,0
114371749994.0,Female,26.0,23-26,Bachelor's degree/ advanced diploma or equivalent,Bachelor's Degree,Working full-time (permanent),Professional,0
114369671659.0,Male,36.0,32-44,Bachelor's degree/ advanced diploma or equivalent,Bachelor's Degree,Working full-time (permanent),Professional,0
114371481580.0,Female,23.0,23-26,Diploma/ certificates or equivalent,Diploma,Working full-time (permanent),Professional,0
114346722350.0,Female,27.0,27-31,Bachelor's degree/ advanced diploma or equivalent,Bachelor's Degree,Working full-time (permanent),Managers,0
114371456012.0,Male,34.0,32-44,Diploma/ certificates or equivalent,Diploma,Working full-time (permanent),Technician and Associate Professionals,0
114348929758.0,Male,36.0,32-44,Diploma/ certificates or equivalent,Diploma,Working full-time (permanent),Professional,0
114358723230.0,Male,26.0,23-26,Bachelor's degree/ advanced diploma or equivalent,Bachelor's Degree,Working full-time (permanent),Managers,0
114371480835.0,Female,35.0,32-44,Diploma/ certificates or equivalent,Diploma,Working full-time (permanent),Managers,0
114371466911.0,Female,32.0,32-44,Diploma/ certificates or equivalent,Diploma,Working full-time (permanent),Service and Sales Workers,1
114371358004.0,Female,35.0,32-44,Bachelor's degree/ advanced diploma or equivalent,Bachelor's Degree,Working full-time (permanent),Professional,0
114347708536.0,Female,28.0,27-31,Diploma/ certificates or equivalent,Diploma,Working full-time (permanent),Service and Sales Workers,1
114371442861.0,Female,33.0,32-44,Diploma/ certificates or equivalent,Diploma,Working full-time (permanent),Professional,0
114371404458.0,Female,31.0,27-31,Diploma/ certificates or equivalent,Diploma,Working full-time (permanent),Armed forces/uniform,1
114371515188.0,Male,30.0,27-31,Diploma/ certificates or equivalent,Diploma,Working full-time (permanent),Managers,0
114369595626.0,Male,38.0,32-44,Bachelor's degree/ advanced diploma or equivalent,Bachelor's Degree,Working full-time (contract),Technician and Associate Professionals,0
114371404776.0,Female,38.0,32-44,Bachelor's degree/ advanced diploma or equivalent,Bachelor's Degree,Working full-time (permanent),Professional,0
114369612121.0,Female,35.0,32-44,Bachelor's degree/ advanced diploma or equivalent,Bachelor's Degree,Working full-time (contract),Clerical Support Workers,1
114371511240.0,Male,31.0,27-31,Diploma/ certificates or equivalent,Diploma,Working full-time (permanent),Technician and Associate Professionals,0
114369673200.0,Male,27.0,27-31,Bachelor's degree/ advanced diploma or equivalent,Bachelor's Degree,Working full-time (permanent),Professional,0
114371426932.0,Female,28.0,27-31,Diploma/ certificates or equivalent,Diploma,Working full-time (permanent),Technician and Associate Professionals,0
114371473801.0,Female,34.0,32-44,Bachelor's degree/ advanced diploma or equivalent,Bachelor's Degree,Working full-time (permanent),Professional,0
114371433661.0,Male,37.0,32-44,Diploma/ certificates or equivalent,Diploma,Working full-time (permanent),Technician and Associate Professionals,0
114348495233.0,Male,38.0,32-44,Bachelor's degree/ advanced diploma or equivalent,Bachelor's Degree,Working full-time (contract),Professional,0
114347711714.0,Female,29.0,27-31,Diploma/ certificates or equivalent,Diploma,Working full-time (contract),Professional,0
114374711952.0,Female,29.0,27-31,Diploma/ certificates or equivalent,Diploma,Working full-time (permanent),Technician and Associate Professionals,0
114371469150.0,Male,28.0,27-31,Bachelor's degree/ advanced diploma or equivalent,Bachelor's Degree,Working full-time (permanent),Technician and Associate Professionals,0
114371278608.0,Male,33.0,32-44,Bachelor's degree/ advanced diploma or equivalent,Bachelor's Degree,Working full-time (permanent),Managers,0
114371463490.0,Female,35.0,32-44,Bachelor's degree/ advanced diploma or equivalent,Bachelor's Degree,Working full-time (permanent),Managers,0
114372141235.0,Male,33.0,32-44,Diploma/ certificates or equivalent,Diploma,Working full-time (permanent),Craft and Related Trades Workers,1
114371471087.0,Female,33.0,32-44,Diploma/ certificates or equivalent,Diploma,Working full-time (permanent),Technician and Associate Professionals,0
114364194554.0,Female,34.0,32-44,Bachelor's degree/ advanced diploma or equivalent,Bachelor's Degree,Working full-time (permanent),Professional,0
114371482764.0,Male,37.0,32-44,Bachelor's degree/ advanced diploma or equivalent,Bachelor's Degree,Working full-time (permanent),Professional,0
114326280715.0,Male,29.0,27-31,Bachelor's degree/ advanced diploma or equivalent,Bachelor's Degree,Working full-time (permanent),Professional,0
114371442106.0,Female,31.0,27-31,Diploma/ certificates or equivalent,Diploma,Working full-time (permanent),Technician and Associate Professionals,0
114348454360.0,Male,36.0,32-44,Bachelor's degree/ advanced diploma or equivalent,Bachelor's Degree,Working full-time (permanent),Professional,0
114371532132.0,Female,28.0,27-31,Diploma/ certificates or equivalent,Diploma,Working full-time (contract),Technician and Associate Professionals,0
114371458672.0,Female,33.0,32-44,Diploma/ certificates or equivalent,Diploma,Working full-time (permanent),Professional,0
114359204184.0,Female,28.0,27-31,Bachelor's degree/ advanced diploma or equivalent,Bachelor's Degree,Working full-time (permanent),Managers,0
114371470901.0,Male,32.0,32-44,Diploma/ certificates or equivalent,Diploma,Working full-time (permanent),Elementary Occupations,1
114371481913.0,Male,39.0,32-44,Bachelor's degree/ advanced diploma or equivalent,Bachelor's Degree,Working full-time (permanent),Professional,0
114371611934.0,Female,38.0,32-44,Diploma/ certificates or equivalent,Diploma,Working full-time (permanent),Technician and Associate Professionals,0
114371468661.0,Female,35.0,32-44,Bachelor's degree/ advanced diploma or equivalent,Bachelor's Degree,Working full-time (permanent),Professional,0
114371453143.0,Female,23.0,23-26,Diploma/ certificates or equivalent,Diploma,Working full-time (contract),Managers,0
114371481348.0,Female,41.0,32-44,Bachelor's degree/ advanced diploma or equivalent,Bachelor's Degree,Working full-time (permanent),Clerical Support Workers,1
114371517286.0,Female,29.0,27-31,Diploma/ certificates or equivalent,Diploma,Working full-time (contract),Professional,0
114371480187.0,Male,34.0,32-44,Diploma/ certificates or equivalent,Diploma,Working full-time (permanent),Plant and Machine Operators and Assemblers,1
114371437411.0,Female,43.0,32-44,Diploma/ certificates or equivalent,Diploma,Working full-time (permanent),Technician and Associate Professionals,0
114371444086.0,Male,27.0,27-31,Diploma/ certificates or equivalent,Diploma,Working full-time (permanent),Technician and Associate Professionals,0
114358844461.0,Female,27.0,27-31,Bachelor's degree/ advanced diploma or equivalent,Bachelor's Degree,Working full-time (permanent),Professional,0
114371469474.0,Male,23.0,23-26,Diploma/ certificates or equivalent,Diploma,Working full-time (permanent),Craft and Related Trades Workers,1
114371480856.0,Male,25.0,23-26,Diploma/ certificates or equivalent,Diploma,Working full-time (permanent),Professional,0
114371467361.0,Female,37.0,32-44,Diploma/ certificates or equivalent,Diploma,Working full-time (permanent),Technician and Associate Professionals,0
114371470505.0,Male,36.0,32-44,Diploma/ certificates or equivalent,Diploma,Working full-time (permanent),Technician and Associate Professionals,0
114371396320.0,Male,33.0,32-44,Diploma/ certificates or equivalent,Diploma,Working full-time (permanent),Managers,0
114363174465.0,Female,37.0,32-44,Bachelor's degree/ advanced diploma or equivalent,Bachelor's Degree,Working full-time (permanent),Professional,0
114371467771.0,Female,24.0,23-26,Bachelor's degree/ advanced diploma or equivalent,Bachelor's Degree,Working full-time (permanent),Service and Sales Workers,1
114371552563.0,Female,35.0,32-44,Bachelor's degree/ advanced diploma or equivalent,Bachelor's Degree,Working full-time (permanent),Managers,0
114375749475.0,Male,36.0,32-44,Bachelor's degree/ advanced diploma or equivalent,Bachelor's Degree,Working full-time (permanent),Armed forces/uniform,1
114371291682.0,Female,37.0,32-44,Diploma/ certificates or equivalent,Diploma,Working full-time (permanent),Clerical Support Workers,1
114371988606.0,Female,27.0,27-31,Bachelor's degree/ advanced diploma or equivalent,Bachelor's Degree,Working full-time (permanent),Professional,0
114347729513.0,Male,27.0,27-31,Diploma/ certificates or equivalent,Diploma,Working full-time (permanent),Clerical Support Workers,1
114371427385.0,Male,30.0,27-31,Diploma/ certificates or equivalent,Diploma,Working full-time (contract),Managers,0
114378557662.0,Female,37.0,32-44,Bachelor's degree/ advanced diploma or equivalent,Bachelor's Degree,Working full-time (permanent),Clerical Support Workers,1
114376536072.0,Female,36.0,32-44,Bachelor's degree/ advanced diploma or equivalent,Bachelor's Degree,Working full-time (permanent),Technician and Associate Professionals,0
114359216929.0,Male,39.0,32-44,Bachelor's degree/ advanced diploma or equivalent,Bachelor's Degree,Working full-time (permanent),Professional,0
114371431048.0,Female,34.0,32-44,Diploma/ certificates or equivalent,Diploma,Working full-time (permanent),Managers,0
114371479872.0,Female,26.0,23-26,Diploma/ certificates or equivalent,Diploma,Working full-time (permanent),Professional,0
114375656270.0,Female,36.0,32-44,Bachelor's degree/ advanced diploma or equivalent,Bachelor's Degree,Working full-time (permanent),Service and Sales Workers,1
114326300403.0,Male,37.0,32-44,Diploma/ certificates or equivalent,Diploma,Working full-time (permanent),Professional,0
114375629326.0,Male,38.0,32-44,Bachelor's degree/ advanced diploma or equivalent,Bachelor's Degree,Working full-time (permanent),Service and Sales Workers,1
114371465519.0,Female,33.0,32-44,Diploma/ certificates or equivalent,Diploma,Working full-time (permanent),Professional,0
114371467018.0,Female,39.0,32-44,Bachelor's degree/ advanced diploma or equivalent,Bachelor's Degree,Working full-time (permanent),Professional,0
114371512545.0,Female,28.0,27-31,Bachelor's degree/ advanced diploma or equivalent,Bachelor's Degree,Working full-time (permanent),Professional,0
114347752575.0,Male,30.0,27-31,Diploma/ certificates or equivalent,Diploma,Working full-time (permanent),Professional,0
114371453858.0,Male,25.0,23-26,Diploma/ certificates or equivalent,Diploma,Working full-time (permanent),Technician and Associate Professionals,0
114371475753.0,Male,43.0,32-44,Diploma/ certificates or equivalent,Diploma,Working full-time (permanent),Managers,0
114349569912.0,Female,32.0,32-44,Diploma/ certificates or equivalent,Diploma,Working full-time (permanent),Technician and Associate Professionals,0
114371458114.0,Female,31.0,27-31,Diploma/ certificates or equivalent,Diploma,Working full-time (contract),Clerical Support Workers,1
114371475789.0,Male,25.0,23-26,Diploma/ certificates or equivalent,Diploma,Working full-time (permanent),Managers,0
114371475028.0,Female,23.0,23-26,Bachelor's degree/ advanced diploma or equivalent,Bachelor's Degree,Working full-time (contract),Professional,0
114363419652.0,Female,26.0,23-26,Bachelor's degree/ advanced diploma or equivalent,Bachelor's Degree,Working full-time (permanent),Service and Sales Workers,1
114371465077.0,Male,31.0,27-31,Bachelor's degree/ advanced diploma or equivalent,Bachelor's Degree,Working full-time (permanent),Professional,0
114371466533.0,Male,36.0,32-44,Bachelor's degree/ advanced diploma or equivalent,Bachelor's Degree,Working full-time (permanent),Professional,0
114371477015.0,Male,32.0,32-44,Diploma/ certificates or equivalent,Diploma,Working full-time (permanent),Clerical Support Workers,1
114371477940.0,Male,33.0,32-44,Diploma/ certificates or equivalent,Diploma,Working full-time (permanent),Technician and Associate Professionals,0
114347723813.0,Female,26.0,23-26,Diploma/ certificates or equivalent,Diploma,Working full-time (permanent),Technician and Associate Professionals,0
114371426149.0,Female,35.0,32-44,Diploma/ certificates or equivalent,Diploma,Working full-time (permanent),Service and Sales Workers,1
114359317419.0,Female,28.0,27-31,Bachelor's degree/ advanced diploma or equivalent,Bachelor's Degree,Working full-time (permanent),Managers,0
114371357768.0,Female,31.0,27-31,Diploma/ certificates or equivalent,Diploma,Working full-time (contract),Service and Sales Workers,1
114371094626.0,Male,37.0,32-44,Bachelor's degree/ advanced diploma or equivalent,Bachelor's Degree,Working part-time (contract),Professional,0
114371438768.0,Female,36.0,32-44,Diploma/ certificates or equivalent,Diploma,Working full-time (contract),Service and Sales Workers,1
114371505657.0,Female,39.0,32-44,Bachelor's degree/ advanced diploma or equivalent,Bachelor's Degree,Working full-time (permanent),Professional,0
114358738133.0,Male,40.0,32-44,Diploma/ certificates or equivalent,Diploma,Working full-time (permanent),Professional,0
114371466252.0,Female,34.0,32-44,Bachelor's degree/ advanced diploma or equivalent,Bachelor's Degree,Working full-time (contract),Clerical Support Workers,1
114369847411.0,Male,35.0,32-44,Bachelor's degree/ advanced diploma or equivalent,Bachelor's Degree,Working full-time (contract),Professional,0
114371446505.0,Female,34.0,32-44,Diploma/ certificates or equivalent,Diploma,Working full-time (contract),Technician and Associate Professionals,0
114371494568.0,Male,42.0,32-44,Diploma/ certificates or equivalent,Diploma,Working full-time (permanent),Professional,0
114375622404.0,Female,34.0,32-44,Bachelor's degree/ advanced diploma or equivalent,Bachelor's Degree,Working full-time (permanent),Clerical Support Workers,1
114370912308.0,Female,36.0,32-44,Bachelor's degree/ advanced diploma or equivalent,Bachelor's Degree,Working full-time (permanent),Professional,0
114371475485.0,Female,30.0,27-31,Diploma/ certificates or equivalent,Diploma,Working full-time (permanent),Professional,0
114347711380.0,Female,26.0,23-26,Bachelor's degree/ advanced diploma or equivalent,Bachelor's Degree,Working full-time (permanent),Clerical Support Workers,1
114371425602.0,Female,31.0,27-31,Diploma/ certificates or equivalent,Diploma,Working full-time (permanent),Service and Sales Workers,1
114371474948.0,Female,27.0,27-31,Bachelor's degree/ advanced diploma or equivalent,Bachelor's Degree,Working full-time (permanent),Professional,0
114371474201.0,Female,43.0,32-44,Diploma/ certificates or equivalent,Diploma,Working full-time (permanent),Technician and Associate Professionals,0
114370036003.0,Male,35.0,32-44,Diploma/ certificates or equivalent,Diploma,Working full-time (permanent),Technician and Associate Professionals,0
114347698460.0,Female,29.0,27-31,Bachelor's degree/ advanced diploma or equivalent,Bachelor's Degree,Working full-time (contract),Clerical Support Workers,1
114371481165.0,Female,37.0,32-44,Bachelor's degree/ advanced diploma or equivalent,Bachelor's Degree,Working full-time (permanent),Professional,0
114371389775.0,Female,37.0,32-44,Bachelor's degree/ advanced diploma or equivalent,Bachelor's Degree,Working full-time (permanent),Professional,0
114371471538.0,Female,29.0,27-31,Diploma/ certificates or equivalent,Diploma,Working full-time (permanent),Technician and Associate Professionals,0
114371378884.0,Female,27.0,27-31,Diploma/ certificates or equivalent,Diploma,Working full-time (permanent),Managers,0
114371511439.0,Female,29.0,27-31,Diploma/ certificates or equivalent,Diploma,Working full-time (permanent),Professional,0
114371453907.0,Male,36.0,32-44,Bachelor's degree/ advanced diploma or equivalent,Bachelor's Degree,Working full-time (permanent),Professional,0
114359271609.0,Female,37.0,32-44,Bachelor's degree/ advanced diploma or equivalent,Bachelor's Degree,Working full-time (permanent),Professional,0
114369609036.0,Female,31.0,27-31,Bachelor's degree/ advanced diploma or equivalent,Bachelor's Degree,Working full-time (permanent),Technician and Associate Professionals,0
114371451995.0,Female,30.0,27-31,Diploma/ certificates or equivalent,Diploma,Working full-time (permanent),Elementary Occupations,1
114371519124.0,Male,35.0,32-44,Diploma/ certificates or equivalent,Diploma,Working full-time (permanent),Elementary Occupations,1
114348517932.0,Male,34.0,32-44,Diploma/ certificates or equivalent,Diploma,Working full-time (permanent),Professional,0
114371532385.0,Male,36.0,32-44,Bachelor's degree/ advanced diploma or equivalent,Bachelor's Degree,Working full-time (permanent),Professional,0
114372248277.0,Female,28.0,27-31,Bachelor's degree/ advanced diploma or equivalent,Bachelor's Degree,Working full-time (permanent),Technician and Associate Professionals,0
114350710412.0,Female,29.0,27-31,Bachelor's degree/ advanced diploma or equivalent,Bachelor's Degree,Working full-time (contract),Professional,0
114371456597.0,Female,32.0,32-44,Diploma/ certificates or equivalent,Diploma,Working full-time (permanent),Craft and Related Trades Workers,1
114348013608.0,Male,27.0,27-31,Diploma/ certificates or equivalent,Diploma,Working full-time (permanent),Technician and Associate Professionals,0
114337187294.0,Male,28.0,27-31,Bachelor's degree/ advanced diploma or equivalent,Bachelor's Degree,Working full-time (permanent),Professional,0
114372279584.0,Female,35.0,32-44,Bachelor's degree/ advanced diploma or equivalent,Bachelor's Degree,Working full-time (permanent),Service and Sales Workers,1
114371468181.0,Female,29.0,27-31,Bachelor's degree/ advanced diploma or equivalent,Bachelor's Degree,Working full-time (permanent),Managers,0
114371468310.0,Male,33.0,32-44,Diploma/ certificates or equivalent,Diploma,Working full-time (permanent),Managers,0
114371473966.0,Female,33.0,32-44,Diploma/ certificates or equivalent,Diploma,Working full-time (permanent),Technician and Associate Professionals,0
114371455939.0,Male,33.0,32-44,Diploma/ certificates or equivalent,Diploma,Working full-time (permanent),Armed forces/uniform,1
114348436085.0,Male,36.0,32-44,Bachelor's degree/ advanced diploma or equivalent,Bachelor's Degree,Working full-time (permanent),Managers,0
114369614703.0,Female,35.0,32-44,Bachelor's degree/ advanced diploma or equivalent,Bachelor's Degree,Working full-time (contract),Managers,0
114369781646.0,Male,34.0,32-44,Bachelor's degree/ advanced diploma or equivalent,Bachelor's Degree,Working full-time (permanent),Technician and Associate Professionals,0
114371454009.0,Female,34.0,32-44,Bachelor's degree/ advanced diploma or equivalent,Bachelor's Degree,Working full-time (permanent),Professional,0
114348554559.0,Male,27.0,27-31,Bachelor's degree/ advanced diploma or equivalent,Bachelor's Degree,Working full-time (permanent),Professional,0
114358714371.0,Female,28.0,27-31,Diploma/ certificates or equivalent,Diploma,Working full-time (permanent),Professional,0
114358717547.0,Female,29.0,27-31,Bachelor's degree/ advanced diploma or equivalent,Bachelor's Degree,Working full-time (permanent),Professional,0
114347761262.0,Female,29.0,27-31,Bachelor's degree/ advanced diploma or equivalent,Bachelor's Degree,Working part-time (contract),Professional,0
114371459311.0,Female,36.0,32-44,Bachelor's degree/ advanced diploma or equivalent,Bachelor's Degree,Working full-time (permanent),Professional,0
114371525622.0,Female,31.0,27-31,Bachelor's degree/ advanced diploma or equivalent,Bachelor's Degree,Working full-time (permanent),Elementary Occupations,1
114371434552.0,Female,41.0,32-44,Bachelor's degree/ advanced diploma or equivalent,Bachelor's Degree,Working full-time (permanent),Managers,0
114347726435.0,Female,26.0,23-26,Diploma/ certificates or equivalent,Diploma,Working full-time (permanent),Professional,0
114369638282.0,Female,34.0,32-44,Diploma/ certificates or equivalent,Diploma,Working full-time (permanent),Professional,0
114371476782.0,Male,28.0,27-31,Diploma/ certificates or equivalent,Diploma,Working full-time (permanent),Managers,0
114371433863.0,Female,38.0,32-44,Bachelor's degree/ advanced diploma or equivalent,Bachelor's Degree,Working full-time (permanent),Professional,0
114371744010.0,Female,40.0,32-44,Diploma/ certificates or equivalent,Diploma,Working full-time (permanent),Clerical Support Workers,1
114371470432.0,Male,43.0,32-44,Diploma/ certificates or equivalent,Diploma,Working full-time (permanent),Technician and Associate Professionals,0
114347826709.0,Female,28.0,27-31,Diploma/ certificates or equivalent,Diploma,Working full-time (permanent),Professional,0
114359272745.0,Female,27.0,27-31,Diploma/ certificates or equivalent,Diploma,Working full-time (permanent),Technician and Associate Professionals,0
114371408140.0,Male,36.0,32-44,Bachelor's degree/ advanced diploma or equivalent,Bachelor's Degree,Working full-time (permanent),Managers,0
114359111343.0,Female,25.0,23-26,Bachelor's degree/ advanced diploma or equivalent,Bachelor's Degree,Working full-time (permanent),Managers,0
114369573198.0,Male,36.0,32-44,Bachelor's degree/ advanced diploma or equivalent,Bachelor's Degree,Working full-time (permanent),Managers,0
114371455066.0,Female,33.0,32-44,Diploma/ certificates or equivalent,Diploma,Working full-time (permanent),Technician and Associate Professionals,0
114371467463.0,Male,31.0,27-31,Diploma/ certificates or equivalent,Diploma,Working full-time (permanent),Plant and Machine Operators and Assemblers,1
114369737832.0,Female,27.0,27-31,Bachelor's degree/ advanced diploma or equivalent,Bachelor's Degree,Working full-time (contract),Professional,0
114371435046.0,Male,35.0,32-44,Bachelor's degree/ advanced diploma or equivalent,Bachelor's Degree,Working full-time (permanent),Professional,0
114337967333.0,Female,29.0,27-31,Bachelor's degree/ advanced diploma or equivalent,Bachelor's Degree,Working full-time (permanent),Professional,0
114371448181.0,Female,33.0,32-44,Bachelor's degree/ advanced diploma or equivalent,Bachelor's Degree,Working full-time (permanent),Managers,0
114348760335.0,Male,35.0,32-44,Bachelor's degree/ advanced diploma or equivalent,Bachelor's Degree,Working full-time (permanent),Service and Sales Workers,1
114371451273.0,Female,30.0,27-31,Diploma/ certificates or equivalent,Diploma,Working full-time (permanent),Technician and Associate Professionals,0
114370607316.0,Male,36.0,32-44,Diploma/ certificates or equivalent,Diploma,Working full-time (permanent),Professional,0
114330010165.0,Female,28.0,27-31,Diploma/ certificates or equivalent,Diploma,Working full-time (permanent),Clerical Support Workers,1
114358774995.0,Female,29.0,27-31,Bachelor's degree/ advanced diploma or equivalent,Bachelor's Degree,Working full-time (permanent),Professional,0
114348438910.0,Female,36.0,32-44,Bachelor's degree/ advanced diploma or equivalent,Bachelor's Degree,Working full-time (permanent),Professional,0
114371471508.0,Female,41.0,32-44,Bachelor's degree/ advanced diploma or equivalent,Bachelor's Degree,Working full-time (permanent),Technician and Associate Professionals,0
114371509115.0,Male,36.0,32-44,Bachelor's degree/ advanced diploma or equivalent,Bachelor's Degree,Working full-time (permanent),Managers,0
114347713159.0,Female,29.0,27-31,Bachelor's degree/ advanced diploma or equivalent,Bachelor's Degree,Working full-time (permanent),Managers,0
114359272021.0,Male,36.0,32-44,Bachelor's degree/ advanced diploma or equivalent,Bachelor's Degree,Working full-time (permanent),Professional,0
114372327395.0,Male,35.0,32-44,Diploma/ certificates or equivalent,Diploma,Working full-time (permanent),Technician and Associate Professionals,0
114371481850.0,Female,23.0,23-26,Bachelor's degree/ advanced diploma or equivalent,Bachelor's Degree,Working full-time (permanent),Technician and Associate Professionals,0
114347744685.0,Female,26.0,23-26,Bachelor's degree/ advanced diploma or equivalent,Bachelor's Degree,Working full-time (permanent),Professional,0
114371490295.0,Female,38.0,32-44,Diploma/ certificates or equivalent,Diploma,Working full-time (permanent),Service and Sales Workers,1
114369800976.0,Female,35.0,32-44,Bachelor's degree/ advanced diploma or equivalent,Bachelor's Degree,Working full-time (permanent),Professional,0
114351417983.0,Male,26.0,23-26,Bachelor's degree/ advanced diploma or equivalent,Bachelor's Degree,Working full-time (contract),Professional,0
114375713693.0,Male,38.0,32-44,Bachelor's degree/ advanced diploma or equivalent,Bachelor's Degree,Working full-time (permanent),Professional,0
114371473195.0,Male,33.0,32-44,Diploma/ certificates or equivalent,Diploma,Working full-time (permanent),Clerical Support Workers,1
114371327961.0,Male,28.0,27-31,Bachelor's degree/ advanced diploma or equivalent,Bachelor's Degree,Working full-time (permanent),Managers,0
114358795434.0,Female,38.0,32-44,Bachelor's degree/ advanced diploma or equivalent,Bachelor's Degree,Working full-time (permanent),Managers,0
114371469147.0,Female,26.0,23-26,Bachelor's degree/ advanced diploma or equivalent,Bachelor's Degree,Working full-time (permanent),Service and Sales Workers,1
114371446743.0,Female,36.0,32-44,Bachelor's degree/ advanced diploma or equivalent,Bachelor's Degree,Working full-time (permanent),Professional,0
114348529099.0,Female,34.0,32-44,Bachelor's degree/ advanced diploma or equivalent,Bachelor's Degree,Working full-time (permanent),Managers,0
114371430048.0,Female,27.0,27-31,Diploma/ certificates or equivalent,Diploma,Working full-time (permanent),Service and Sales Workers,1
114349485289.0,Male,36.0,32-44,Bachelor's degree/ advanced diploma or equivalent,Bachelor's Degree,Working full-time (permanent),Professional,0
114371382423.0,Male,35.0,32-44,Diploma/ certificates or equivalent,Diploma,Working full-time (permanent),Clerical Support Workers,1
114371453613.0,Female,35.0,32-44,Diploma/ certificates or equivalent,Diploma,Working full-time (permanent),Service and Sales Workers,1
114371477199.0,Male,25.0,23-26,Diploma/ certificates or equivalent,Diploma,Working full-time (permanent),Technician and Associate Professionals,0
114371477977.0,Female,26.0,23-26,Diploma/ certificates or equivalent,Diploma,Working full-time (permanent),Service and Sales Workers,1
114350507859.0,Male,27.0,27-31,Diploma/ certificates or equivalent,Diploma,Working full-time (permanent),Technician and Associate Professionals,0
114371466071.0,Female,29.0,27-31,Bachelor's degree/ advanced diploma or equivalent,Bachelor's Degree,Working full-time (contract),Professional,0
114349066960.0,Male,27.0,27-31,Diploma/ certificates or equivalent,Diploma,Working full-time (permanent),Service and Sales Workers,1
114369902409.0,Male,35.0,32-44,Bachelor's degree/ advanced diploma or equivalent,Bachelor's Degree,Working full-time (permanent),Service and Sales Workers,1
114371494838.0,Female,31.0,27-31,Diploma/ certificates or equivalent,Diploma,Working part-time (permanent),Managers,0
114347710098.0,Female,28.0,27-31,Bachelor's degree/ advanced diploma or equivalent,Bachelor's Degree,Working full-time (permanent),Clerical Support Workers,1
114361755471.0,Male,28.0,27-31,Bachelor's degree/ advanced diploma or equivalent,Bachelor's Degree,Working full-time (permanent),Armed forces/uniform,1
114371516491.0,Female,38.0,32-44,Bachelor's degree/ advanced diploma or equivalent,Bachelor's Degree,Working full-time (permanent),Managers,0
114371460492.0,Female,35.0,32-44,Diploma/ certificates or equivalent,Diploma,Working part-time (permanent),Managers,0
114348451246.0,Female,37.0,32-44,Bachelor's degree/ advanced diploma or equivalent,Bachelor's Degree,Working full-time (permanent),Technician and Associate Professionals,0
114371472078.0,Male,27.0,27-31,Bachelor's degree/ advanced diploma or equivalent,Bachelor's Degree,Working full-time (permanent),Clerical Support Workers,1
114371928963.0,Male,28.0,27-31,Bachelor's degree/ advanced diploma or equivalent,Bachelor's Degree,Working full-time (permanent),Professional,0
114363211470.0,Female,34.0,32-44,Bachelor's degree/ advanced diploma or equivalent,Bachelor's Degree,Working full-time (permanent),Managers,0
114347703478.0,Male,26.0,23-26,Diploma/ certificates or equivalent,Diploma,Working full-time (contract),Managers,0
114371454209.0,Male,35.0,32-44,Diploma/ certificates or equivalent,Diploma,Working full-time (permanent),Service and Sales Workers,1
114371464886.0,Female,33.0,32-44,Diploma/ certificates or equivalent,Diploma,Working full-time (permanent),Professional,0
114372518799.0,Female,23.0,23-26,Bachelor's degree/ advanced diploma or equivalent,Bachelor's Degree,Working full-time (permanent),Clerical Support Workers,1
114348514328.0,Female,35.0,32-44,Diploma/ certificates or equivalent,Diploma,Working full-time (permanent),Professional,0
114338184317.0,Female,29.0,27-31,Bachelor's degree/ advanced diploma or equivalent,Bachelor's Degree,Working full-time (contract),Professional,0
114371457019.0,Female,26.0,23-26,Bachelor's degree/ advanced diploma or equivalent,Bachelor's Degree,Working full-time (permanent),Technician and Associate Professionals,0
114371450217.0,Female,23.0,23-26,Diploma/ certificates or equivalent,Diploma,Working part-time (contract),Professional,0
114371465637.0,Female,33.0,32-44,Diploma/ certificates or equivalent,Diploma,Working full-time (permanent),Professional,0
114371475085.0,Female,34.0,32-44,Diploma/ certificates or equivalent,Diploma,Working full-time (permanent),Professional,0
114371467479.0,Male,34.0,32-44,Bachelor's degree/ advanced diploma or equivalent,Bachelor's Degree,Working full-time (permanent),Professional,0
114371487547.0,Female,27.0,27-31,Diploma/ certificates or equivalent,Diploma,Working full-time (permanent),Managers,0
114337189977.0,Female,34.0,32-44,Bachelor's degree/ advanced diploma or equivalent,Bachelor's Degree,Working full-time (permanent),Clerical Support Workers,1
114371491506.0,Male,28.0,27-31,Diploma/ certificates or equivalent,Diploma,Working full-time (permanent),Clerical Support Workers,1
114371477152.0,Female,24.0,23-26,Diploma/ certificates or equivalent,Diploma,Working full-time (permanent),Clerical Support Workers,1
114347872427.0,Male,26.0,23-26,Diploma/ certificates or equivalent,Diploma,Working part-time (contract),Elementary Occupations,1
114371470963.0,Female,28.0,27-31,Diploma/ certificates or equivalent,Diploma,Working full-time (permanent),Clerical Support Workers,1
114371473352.0,Female,29.0,27-31,Bachelor's degree/ advanced diploma or equivalent,Bachelor's Degree,Working full-time (permanent),Managers,0
114376531119.0,Female,36.0,32-44,Bachelor's degree/ advanced diploma or equivalent,Bachelor's Degree,Working full-time (permanent),Managers,0
114369646220.0,Male,36.0,32-44,Bachelor's degree/ advanced diploma or equivalent,Bachelor's Degree,Working full-time (permanent),Professional,0
114358738254.0,Female,28.0,27-31,Bachelor's degree/ advanced diploma or equivalent,Bachelor's Degree,Working full-time (permanent),Professional,0
114371451305.0,Female,37.0,32-44,Bachelor's degree/ advanced diploma or equivalent,Bachelor's Degree,Working full-time (permanent),Professional,0
114371497091.0,Female,36.0,32-44,Diploma/ certificates or equivalent,Diploma,Working full-time (contract),Professional,0
114358704585.0,Male,28.0,27-31,Bachelor's degree/ advanced diploma or equivalent,Bachelor's Degree,Working full-time (permanent),Clerical Support Workers,1
114371438828.0,Female,36.0,32-44,Diploma/ certificates or equivalent,Diploma,Working full-time (permanent),Technician and Associate Professionals,0
114371402064.0,Female,31.0,27-31,Bachelor's degree/ advanced diploma or equivalent,Bachelor's Degree,Working full-time (permanent),Professional,0
114371458105.0,Male,31.0,27-31,Diploma/ certificates or equivalent,Diploma,Working full-time (permanent),Plant and Machine Operators and Assemblers,1
114347702357.0,Male,27.0,27-31,Bachelor's degree/ advanced diploma or equivalent,Bachelor's Degree,Working full-time (contract),Technician and Associate Professionals,0
114371303363.0,Male,31.0,27-31,Diploma/ certificates or equivalent,Diploma,Working full-time (contract),Professional,0
114371533360.0,Female,25.0,23-26,Diploma/ certificates or equivalent,Diploma,Working full-time (permanent),Technician and Associate Professionals,0
114372544722.0,Female,26.0,23-26,Bachelor's degree/ advanced diploma or equivalent,Bachelor's Degree,Working full-time (contract),Clerical Support Workers,1
114371424481.0,Male,35.0,32-44,Diploma/ certificates or equivalent,Diploma,Working full-time (permanent),Service and Sales Workers,1
114371506061.0,Female,42.0,32-44,Bachelor's degree/ advanced diploma or equivalent,Bachelor's Degree,Working full-time (permanent),Professional,0
114371458951.0,Male,32.0,32-44,Diploma/ certificates or equivalent,Diploma,Working full-time (permanent),Service and Sales Workers,1
114369621060.0,Female,36.0,32-44,Bachelor's degree/ advanced diploma or equivalent,Bachelor's Degree,Working full-time (permanent),Professional,0
114371469638.0,Male,25.0,23-26,Bachelor's degree/ advanced diploma or equivalent,Bachelor's Degree,Working full-time (permanent),"Skilled Agriculture, Forestry, Livestock and Fishery Workers",1
114371472067.0,Male,31.0,27-31,Bachelor's degree/ advanced diploma or equivalent,Bachelor's Degree,Working full-time (permanent),Managers,0
114371466067.0,Female,34.0,32-44,Diploma/ certificates or equivalent,Diploma,Working full-time (permanent),Technician and Associate Professionals,0
114371337468.0,Female,30.0,27-31,Diploma/ certificates or equivalent,Diploma,Working full-time (permanent),Professional,0
114358983427.0,Male,27.0,27-31,Bachelor's degree/ advanced diploma or equivalent,Bachelor's Degree,Working part-time (contract),Professional,0
114371478116.0,Female,26.0,23-26,Diploma/ certificates or equivalent,Diploma,Working full-time (permanent),Technician and Associate Professionals,0
114371550792.0,Female,23.0,23-26,Diploma/ certificates or equivalent,Diploma,Working full-time (permanent),Professional,0
114359321946.0,Male,34.0,32-44,Diploma/ certificates or equivalent,Diploma,Working full-time (permanent),Clerical Support Workers,1
114371372430.0,Female,37.0,32-44,Diploma/ certificates or equivalent,Diploma,Working full-time (permanent),Craft and Related Trades Workers,1
114348622440.0,Female,28.0,27-31,Bachelor's degree/ advanced diploma or equivalent,Bachelor's Degree,Working full-time (permanent),Service and Sales Workers,1
114371540181.0,Male,40.0,32-44,Bachelor's degree/ advanced diploma or equivalent,Bachelor's Degree,Working full-time (permanent),Professional,0
114371299852.0,Female,30.0,27-31,Diploma/ certificates or equivalent,Diploma,Working part-time (permanent),Professional,0
114371472477.0,Female,31.0,27-31,Bachelor's degree/ advanced diploma or equivalent,Bachelor's Degree,Working part-time (contract),Managers,0
114371597451.0,Male,24.0,23-26,Bachelor's degree/ advanced diploma or equivalent,Bachelor's Degree,Working full-time (permanent),Craft and Related Trades Workers,1
114347754114.0,Male,28.0,27-31,Bachelor's degree/ advanced diploma or equivalent,Bachelor's Degree,Working full-time (permanent),Professional,0
114371495388.0,Female,30.0,27-31,Diploma/ certificates or equivalent,Diploma,Working full-time (permanent),Service and Sales Workers,1
114371406429.0,Female,25.0,23-26,Bachelor's degree/ advanced diploma or equivalent,Bachelor's Degree,Working full-time (permanent),Professional,0
114371458851.0,Male,33.0,32-44,Diploma/ certificates or equivalent,Diploma,Working full-time (permanent),Elementary Occupations,1
114347863450.0,Male,26.0,23-26,Diploma/ certificates or equivalent,Diploma,Working full-time (contract),Professional,0
114371487055.0,Female,33.0,32-44,Diploma/ certificates or equivalent,Diploma,Working full-time (permanent),Elementary Occupations,1
114371398171.0,Female,35.0,32-44,Diploma/ certificates or equivalent,Diploma,Working part-time (permanent),Professional,0
114358711725.0,Male,31.0,27-31,Diploma/ certificates or equivalent,Diploma,Working full-time (permanent),Craft and Related Trades Workers,1
114358716455.0,Female,29.0,27-31,Bachelor's degree/ advanced diploma or equivalent,Bachelor's Degree,Working full-time (permanent),Managers,0
114375616795.0,Male,34.0,32-44,Bachelor's degree/ advanced diploma or equivalent,Bachelor's Degree,Working full-time (permanent),Managers,0
114371404221.0,Female,31.0,27-31,Diploma/ certificates or equivalent,Diploma,Working full-time (permanent),Service and Sales Workers,1
114371482167.0,Female,29.0,27-31,Bachelor's degree/ advanced diploma or equivalent,Bachelor's Degree,Working full-time (permanent),Professional,0
114371466605.0,Female,36.0,32-44,Diploma/ certificates or equivalent,Diploma,Working full-time (permanent),Clerical Support Workers,1
114371497460.0,Female,30.0,27-31,Diploma/ certificates or equivalent,Diploma,Working full-time (permanent),Professional,0
114371437543.0,Male,30.0,27-31,Diploma/ certificates or equivalent,Diploma,Working full-time (contract),Managers,0
114370426827.0,Male,36.0,32-44,Bachelor's degree/ advanced diploma or equivalent,Bachelor's Degree,Working full-time (permanent),Armed forces/uniform,1
114371463509.0,Male,28.0,27-31,Diploma/ certificates or equivalent,Diploma,Working full-time (permanent),Service and Sales Workers,1
114371475721.0,Female,31.0,27-31,Bachelor's degree/ advanced diploma or equivalent,Bachelor's Degree,Working full-time (permanent),Professional,0
114358856161.0,Male,38.0,32-44,Bachelor's degree/ advanced diploma or equivalent,Bachelor's Degree,Working full-time (permanent),Professional,0
114347933974.0,Female,29.0,27-31,Diploma/ certificates or equivalent,Diploma,Working full-time (contract),Professional,0
114371497967.0,Male,24.0,23-26,Diploma/ certificates or equivalent,Diploma,Working full-time (permanent),Elementary Occupations,1
114328480972.0,Male,27.0,27-31,Diploma/ certificates or equivalent,Diploma,Working full-time (permanent),Clerical Support Workers,1
114326259742.0,Female,27.0,27-31,Diploma/ certificates or equivalent,Diploma,Working full-time (contract),Technician and Associate Professionals,0
114369668381.0,Female,35.0,32-44,Bachelor's degree/ advanced diploma or equivalent,Bachelor's Degree,Working full-time (contract),Elementary Occupations,1
114371471626.0,Female,33.0,32-44,Bachelor's degree/ advanced diploma or equivalent,Bachelor's Degree,Working full-time (permanent),Clerical Support Workers,1
114371453760.0,Female,32.0,32-44,Diploma/ certificates or equivalent,Diploma,Working full-time (permanent),Managers,0
114371421452.0,Female,36.0,32-44,Diploma/ certificates or equivalent,Diploma,Working full-time (permanent),Managers,0
114371471220.0,Female,41.0,32-44,Bachelor's degree/ advanced diploma or equivalent,Bachelor's Degree,Working full-time (permanent),Managers,0
114347701556.0,Female,26.0,23-26,Diploma/ certificates or equivalent,Diploma,Working full-time (contract),Plant and Machine Operators and Assemblers,1
114371453032.0,Female,27.0,27-31,Bachelor's degree/ advanced diploma or equivalent,Bachelor's Degree,Working full-time (contract),Professional,0
114371470864.0,Male,28.0,27-31,Diploma/ certificates or equivalent,Diploma,Working full-time (permanent),Professional,0
114371476374.0,Female,32.0,32-44,Diploma/ certificates or equivalent,Diploma,Working full-time (permanent),Clerical Support Workers,1
114371466836.0,Female,29.0,27-31,Diploma/ certificates or equivalent,Diploma,Working full-time (permanent),Professional,0
114371337813.0,Male,34.0,32-44,Bachelor's degree/ advanced diploma or equivalent,Bachelor's Degree,Working full-time (permanent),Managers,0
114371330152.0,Female,34.0,32-44,Diploma/ certificates or equivalent,Diploma,Working full-time (permanent),Clerical Support Workers,1
114371493323.0,Male,35.0,32-44,Bachelor's degree/ advanced diploma or equivalent,Bachelor's Degree,Working full-time (permanent),Service and Sales Workers,1
114371453182.0,Female,29.0,27-31,Diploma/ certificates or equivalent,Diploma,Working full-time (permanent),Professional,0
114371468742.0,Female,30.0,27-31,Diploma/ certificates or equivalent,Diploma,Working full-time (permanent),Managers,0
114370310243.0,Female,33.0,32-44,Diploma/ certificates or equivalent,Diploma,Working full-time (permanent),Professional,0
114371479507.0,Male,30.0,27-31,Diploma/ certificates or equivalent,Diploma,Working part-time (contract),Service and Sales Workers,1
114348490047.0,Male,35.0,32-44,Diploma/ certificates or equivalent,Diploma,Working full-time (permanent),Clerical Support Workers,1
114371502913.0,Female,24.0,23-26,Bachelor's degree/ advanced diploma or equivalent,Bachelor's Degree,Working full-time (permanent),Managers,0
114371474892.0,Female,26.0,23-26,Diploma/ certificates or equivalent,Diploma,Working full-time (permanent),Professional,0
114371425582.0,Female,31.0,27-31,Diploma/ certificates or equivalent,Diploma,Working full-time (permanent),Managers,0
114371467956.0,Male,36.0,32-44,Diploma/ certificates or equivalent,Diploma,Working full-time (permanent),"Skilled Agriculture, Forestry, Livestock and Fishery Workers",1
114371326885.0,Male,29.0,27-31,Bachelor's degree/ advanced diploma or equivalent,Bachelor's Degree,Working full-time (permanent),Elementary Occupations,1
114371535926.0,Female,37.0,32-44,Bachelor's degree/ advanced diploma or equivalent,Bachelor's Degree,Working full-time (permanent),Service and Sales Workers,1
114371461366.0,Female,27.0,27-31,Diploma/ certificates or equivalent,Diploma,Working full-time (permanent),Managers,0
114371409096.0,Female,40.0,32-44,Bachelor's degree/ advanced diploma or equivalent,Bachelor's Degree,Working full-time (permanent),Professional,0
114371444929.0,Female,43.0,32-44,Bachelor's degree/ advanced diploma or equivalent,Bachelor's Degree,Working full-time (permanent),Professional,0
114371480217.0,Male,33.0,32-44,Diploma/ certificates or equivalent,Diploma,Working full-time (contract),Professional,0
114371366678.0,Female,28.0,27-31,Diploma/ certificates or equivalent,Diploma,Working full-time (permanent),Technician and Associate Professionals,0
114347718160.0,Female,28.0,27-31,Bachelor's degree/ advanced diploma or equivalent,Bachelor's Degree,Working full-time (permanent),Professional,0
114371475157.0,Female,26.0,23-26,Bachelor's degree/ advanced diploma or equivalent,Bachelor's Degree,Working full-time (contract),Professional,0
114371922263.0,Female,37.0,32-44,Bachelor's degree/ advanced diploma or equivalent,Bachelor's Degree,Working full-time (permanent),Professional,0
114371446629.0,Male,34.0,32-44,Diploma/ certificates or equivalent,Diploma,Working part-time (permanent),Technician and Associate Professionals,0
114361015121.0,Male,29.0,27-31,Bachelor's degree/ advanced diploma or equivalent,Bachelor's Degree,Working full-time (permanent),Professional,0
114371601933.0,Female,26.0,23-26,Bachelor's degree/ advanced diploma or equivalent,Bachelor's Degree,Working full-time (permanent),Clerical Support Workers,1
114347724588.0,Male,26.0,23-26,Bachelor's degree/ advanced diploma or equivalent,Bachelor's Degree,Working full-time (permanent),Technician and Associate Professionals,0
114358888791.0,Female,28.0,27-31,Bachelor's degree/ advanced diploma or equivalent,Bachelor's Degree,Working full-time (permanent),Professional,0
114371477664.0,Female,24.0,23-26,Bachelor's degree/ advanced diploma or equivalent,Bachelor's Degree,Working full-time (contract),Elementary Occupations,1
114371494125.0,Female,35.0,32-44,Bachelor's degree/ advanced diploma or equivalent,Bachelor's Degree,Working full-time (permanent),Professional,0
114371492075.0,Female,27.0,27-31,Bachelor's degree/ advanced diploma or equivalent,Bachelor's Degree,Working full-time (permanent),Professional,0
114371506262.0,Female,34.0,32-44,Bachelor's degree/ advanced diploma or equivalent,Bachelor's Degree,Working full-time (permanent),Technician and Associate Professionals,0
114371310690.0,Male,33.0,32-44,Bachelor's degree/ advanced diploma or equivalent,Bachelor's Degree,Working full-time (permanent),Professional,0
114369781306.0,Male,36.0,32-44,Bachelor's degree/ advanced diploma or equivalent,Bachelor's Degree,Working full-time (permanent),Managers,0
114371473783.0,Female,29.0,27-31,Diploma/ certificates or equivalent,Diploma,Working full-time (permanent),Professional,0
114347613432.0,Female,28.0,27-31,Diploma/ certificates or equivalent,Diploma,Working full-time (permanent),Managers,0
114371396419.0,Female,34.0,32-44,Bachelor's degree/ advanced diploma or equivalent,Bachelor's Degree,Working full-time (permanent),Professional,0
114376474830.0,Male,36.0,32-44,Bachelor's degree/ advanced diploma or equivalent,Bachelor's Degree,Working full-time (permanent),Elementary Occupations,1
114369635594.0,Female,36.0,32-44,Bachelor's degree/ advanced diploma or equivalent,Bachelor's Degree,Working full-time (contract),Professional,0
114347721003.0,Female,29.0,27-31,Diploma/ certificates or equivalent,Diploma,Working full-time (permanent),Professional,0
114371383976.0,Female,33.0,32-44,Diploma/ certificates or equivalent,Diploma,Working full-time (permanent),Technician and Associate Professionals,0
114371473698.0,Female,38.0,32-44,Bachelor's degree/ advanced diploma or equivalent,Bachelor's Degree,Working full-time (permanent),Professional,0
114371461526.0,Female,37.0,32-44,Bachelor's degree/ advanced diploma or equivalent,Bachelor's Degree,Working full-time (permanent),Managers,0
114371460579.0,Male,36.0,32-44,Bachelor's degree/ advanced diploma or equivalent,Bachelor's Degree,Working full-time (permanent),Armed forces/uniform,1
114371328257.0,Male,33.0,32-44,Diploma/ certificates or equivalent,Diploma,Working full-time (permanent),Craft and Related Trades Workers,1
114347727480.0,Female,29.0,27-31,Bachelor's degree/ advanced diploma or equivalent,Bachelor's Degree,Working full-time (permanent),Clerical Support Workers,1
114371503699.0,Female,36.0,32-44,Bachelor's degree/ advanced diploma or equivalent,Bachelor's Degree,Working full-time (permanent),Managers,0
114371469064.0,Female,27.0,27-31,Diploma/ certificates or equivalent,Diploma,Working full-time (permanent),Technician and Associate Professionals,0
114371405742.0,Female,37.0,32-44,Diploma/ certificates or equivalent,Diploma,Working full-time (permanent),Technician and Associate Professionals,0
114348898134.0,Female,26.0,23-26,Diploma/ certificates or equivalent,Diploma,Working full-time (permanent),Professional,0
114347725737.0,Female,27.0,27-31,Diploma/ certificates or equivalent,Diploma,Working full-time (permanent),Professional,0
114371470877.0,Female,29.0,27-31,Bachelor's degree/ advanced diploma or equivalent,Bachelor's Degree,Working full-time (contract),Professional,0
114370367618.0,Male,34.0,32-44,Diploma/ certificates or equivalent,Diploma,Working full-time (permanent),Technician and Associate Professionals,0
114371419390.0,Female,34.0,32-44,Diploma/ certificates or equivalent,Diploma,Working full-time (permanent),Professional,0
114371460325.0,Female,25.0,23-26,Bachelor's degree/ advanced diploma or equivalent,Bachelor's Degree,Working full-time (contract),Technician and Associate Professionals,0
114371352703.0,Female,33.0,32-44,Bachelor's degree/ advanced diploma or equivalent,Bachelor's Degree,Working full-time (permanent),Managers,0
114371494158.0,Male,23.0,23-26,Diploma/ certificates or equivalent,Diploma,Working full-time (permanent),Service and Sales Workers,1
114347721617.0,Male,26.0,23-26,Diploma/ certificates or equivalent,Diploma,Working part-time (permanent),Professional,0
114371863082.0,Male,33.0,32-44,Bachelor's degree/ advanced diploma or equivalent,Bachelor's Degree,Working full-time (permanent),Professional,0
114371477395.0,Female,36.0,32-44,Bachelor's degree/ advanced diploma or equivalent,Bachelor's Degree,Working full-time (permanent),Professional,0
114371422019.0,Female,28.0,27-31,Diploma/ certificates or equivalent,Diploma,Working full-time (permanent),Professional,0
114375874783.0,Male,37.0,32-44,Bachelor's degree/ advanced diploma or equivalent,Bachelor's Degree,Working full-time (permanent),Managers,0
114371459255.0,Female,29.0,27-31,Diploma/ certificates or equivalent,Diploma,Working full-time (permanent),Clerical Support Workers,1
114371469834.0,Female,37.0,32-44,Bachelor's degree/ advanced diploma or equivalent,Bachelor's Degree,Working full-time (permanent),Professional,0
114371465604.0,Female,23.0,23-26,Bachelor's degree/ advanced diploma or equivalent,Bachelor's Degree,Working full-time (permanent),Technician and Associate Professionals,0
114371646193.0,Male,24.0,23-26,Bachelor's degree/ advanced diploma or equivalent,Bachelor's Degree,Working full-time (contract),Technician and Associate Professionals,0
114371459888.0,Female,35.0,32-44,Bachelor's degree/ advanced diploma or equivalent,Bachelor's Degree,Working full-time (permanent),Service and Sales Workers,1
114371442390.0,Male,28.0,27-31,Bachelor's degree/ advanced diploma or equivalent,Bachelor's Degree,Working full-time (permanent),Managers,0
114376502669.0,Female,37.0,32-44,Bachelor's degree/ advanced diploma or equivalent,Bachelor's Degree,Working full-time (permanent),Professional,0
114358764238.0,Male,29.0,27-31,Bachelor's degree/ advanced diploma or equivalent,Bachelor's Degree,Working full-time (permanent),Professional,0
114350651468.0,Female,36.0,32-44,Bachelor's degree/ advanced diploma or equivalent,Bachelor's Degree,Working full-time (permanent),Professional,0
114371511418.0,Female,23.0,23-26,Diploma/ certificates or equivalent,Diploma,Working full-time (contract),Professional,0
114358707947.0,Male,27.0,27-31,Bachelor's degree/ advanced diploma or equivalent,Bachelor's Degree,Working full-time (permanent),Elementary Occupations,1
114375826426.0,Female,38.0,32-44,Bachelor's degree/ advanced diploma or equivalent,Bachelor's Degree,Working full-time (permanent),Professional,0
114353016178.0,Female,27.0,27-31,Bachelor's degree/ advanced diploma or equivalent,Bachelor's Degree,Working part-time (permanent),Professional,0
114371469361.0,Female,28.0,27-31,Diploma/ certificates or equivalent,Diploma,Working part-time (contract),Craft and Related Trades Workers,1
114371454316.0,Male,29.0,27-31,Diploma/ certificates or equivalent,Diploma,Working full-time (permanent),Technician and Associate Professionals,0
114371640797.0,Female,30.0,27-31,Bachelor's degree/ advanced diploma or equivalent,Bachelor's Degree,Working full-time (permanent),Managers,0
114347276268.0,Male,33.0,32-44,Bachelor's degree/ advanced diploma or equivalent,Bachelor's Degree,Working full-time (permanent),Professional,0
114371465225.0,Female,30.0,27-31,Diploma/ certificates or equivalent,Diploma,Working full-time (permanent),Service and Sales Workers,1
114347719807.0,Female,26.0,23-26,Diploma/ certificates or equivalent,Diploma,Working full-time (permanent),Elementary Occupations,1
114371783951.0,Female,33.0,32-44,Bachelor's degree/ advanced diploma or equivalent,Bachelor's Degree,Working full-time (permanent),Managers,0
114358892415.0,Female,26.0,23-26,Diploma/ certificates or equivalent,Diploma,Working full-time (permanent),Clerical Support Workers,1
114371505943.0,Male,32.0,32-44,Diploma/ certificates or equivalent,Diploma,Working full-time (permanent),Professional,0
114371414645.0,Male,28.0,27-31,Diploma/ certificates or equivalent,Diploma,Working full-time (permanent),Technician and Associate Professionals,0
114369633170.0,Female,34.0,32-44,Bachelor's degree/ advanced diploma or equivalent,Bachelor's Degree,Working full-time (permanent),Technician and Associate Professionals,0
114371483024.0,Female,23.0,23-26,Diploma/ certificates or equivalent,Diploma,Working full-time (permanent),Technician and Associate Professionals,0
114371470898.0,Female,32.0,32-44,Diploma/ certificates or equivalent,Diploma,Working full-time (permanent),Professional,0
114348707154.0,Female,36.0,32-44,Bachelor's degree/ advanced diploma or equivalent,Bachelor's Degree,Working full-time (permanent),Elementary Occupations,1
114371434298.0,Male,36.0,32-44,Diploma/ certificates or equivalent,Diploma,Working full-time (permanent),Professional,0
114371447065.0,Female,34.0,32-44,Diploma/ certificates or equivalent,Diploma,Working full-time (permanent),Professional,0
114371460489.0,Male,33.0,32-44,Diploma/ certificates or equivalent,Diploma,Working full-time (permanent),Armed forces/uniform,1
114369676229.0,Male,34.0,32-44,Bachelor's degree/ advanced diploma or equivalent,Bachelor's Degree,Working full-time (contract),Professional,0
114371461933.0,Female,35.0,32-44,Bachelor's degree/ advanced diploma or equivalent,Bachelor's Degree,Working full-time (permanent),Technician and Associate Professionals,0
114346839740.0,Female,27.0,27-31,Bachelor's degree/ advanced diploma or equivalent,Bachelor's Degree,Working full-time (permanent),Managers,0
114358729525.0,Female,28.0,27-31,Bachelor's degree/ advanced diploma or equivalent,Bachelor's Degree,Working full-time (permanent),Elementary Occupations,1
114373513920.0,Male,33.0,32-44,Bachelor's degree/ advanced diploma or equivalent,Bachelor's Degree,Working full-time (permanent),Professional,0
114371463925.0,Female,35.0,32-44,Bachelor's degree/ advanced diploma or equivalent,Bachelor's Degree,Working full-time (permanent),Managers,0
114359520337.0,Male,28.0,27-31,Bachelor's degree/ advanced diploma or equivalent,Bachelor's Degree,Working full-time (permanent),Armed forces/uniform,1
114358847379.0,Male,29.0,27-31,Diploma/ certificates or equivalent,Diploma,Working full-time (permanent),Clerical Support Workers,1
114371464046.0,Female,36.0,32-44,Bachelor's degree/ advanced diploma or equivalent,Bachelor's Degree,Working full-time (permanent),Technician and Associate Professionals,0
114377629557.0,Female,35.0,32-44,Bachelor's degree/ advanced diploma or equivalent,Bachelor's Degree,Working full-time (permanent),Technician and Associate Professionals,0
114371523078.0,Female,36.0,32-44,Diploma/ certificates or equivalent,Diploma,Working full-time (permanent),Professional,0
114375652727.0,Female,36.0,32-44,Bachelor's degree/ advanced diploma or equivalent,Bachelor's Degree,Working full-time (permanent),Elementary Occupations,1
114371504601.0,Male,39.0,32-44,Bachelor's degree/ advanced diploma or equivalent,Bachelor's Degree,Working full-time (permanent),Professional,0
114369676400.0,Male,33.0,32-44,Diploma/ certificates or equivalent,Diploma,Working full-time (permanent),Technician and Associate Professionals,0
114371489928.0,Female,30.0,27-31,Diploma/ certificates or equivalent,Diploma,Working part-time (contract),Elementary Occupations,1
114347701406.0,Female,28.0,27-31,Bachelor's degree/ advanced diploma or equivalent,Bachelor's Degree,Working full-time (permanent),Technician and Associate Professionals,0
114371469859.0,Female,41.0,32-44,Bachelor's degree/ advanced diploma or equivalent,Bachelor's Degree,Working full-time (permanent),Clerical Support Workers,1
114371654742.0,Female,29.0,27-31,Diploma/ certificates or equivalent,Diploma,Working full-time (permanent),Professional,0
114348569741.0,Female,36.0,32-44,Bachelor's degree/ advanced diploma or equivalent,Bachelor's Degree,Working full-time (permanent),Clerical Support Workers,1
114372213995.0,Female,34.0,32-44,Bachelor's degree/ advanced diploma or equivalent,Bachelor's Degree,Working part-time (permanent),Service and Sales Workers,1
114371468027.0,Female,37.0,32-44,Bachelor's degree/ advanced diploma or equivalent,Bachelor's Degree,Working full-time (permanent),Managers,0
114375634529.0,Male,36.0,32-44,Bachelor's degree/ advanced diploma or equivalent,Bachelor's Degree,Working full-time (permanent),Professional,0
114358716650.0,Female,28.0,27-31,Bachelor's degree/ advanced diploma or equivalent,Bachelor's Degree,Working full-time (contract),Professional,0
114358736702.0,Female,30.0,27-31,Bachelor's degree/ advanced diploma or equivalent,Bachelor's Degree,Working full-time (permanent),Technician and Associate Professionals,0
114369607768.0,Male,33.0,32-44,Bachelor's degree/ advanced diploma or equivalent,Bachelor's Degree,Working full-time (permanent),Technician and Associate Professionals,0
114371517203.0,Female,31.0,27-31,Bachelor's degree/ advanced diploma or equivalent,Bachelor's Degree,Working full-time (contract),Managers,0
114370740878.0,Female,34.0,32-44,Bachelor's degree/ advanced diploma or equivalent,Bachelor's Degree,Working full-time (permanent),Clerical Support Workers,1
114371300238.0,Male,23.0,23-26,Diploma/ certificates or equivalent,Diploma,Working full-time (permanent),Armed forces/uniform,1
114371470682.0,Female,37.0,32-44,Bachelor's degree/ advanced diploma or equivalent,Bachelor's Degree,Working full-time (permanent),Professional,0
114347708083.0,Female,27.0,27-31,Diploma/ certificates or equivalent,Diploma,Working full-time (permanent),Professional,0
114371486750.0,Female,37.0,32-44,Bachelor's degree/ advanced diploma or equivalent,Bachelor's Degree,Working full-time (permanent),Managers,0
114371467779.0,Female,32.0,32-44,Diploma/ certificates or equivalent,Diploma,Working full-time (permanent),Clerical Support Workers,1
114371480007.0,Female,27.0,27-31,Diploma/ certificates or equivalent,Diploma,Working part-time (contract),Technician and Associate Professionals,0
114371479123.0,Female,27.0,27-31,Diploma/ certificates or equivalent,Diploma,Working full-time (permanent),Managers,0
114347721083.0,Female,27.0,27-31,Diploma/ certificates or equivalent,Diploma,Working full-time (permanent),Clerical Support Workers,1
114347870460.0,Female,26.0,23-26,Diploma/ certificates or equivalent,Diploma,Working full-time (permanent),Managers,0
114371474005.0,Female,27.0,27-31,Bachelor's degree/ advanced diploma or equivalent,Bachelor's Degree,Working full-time (contract),Service and Sales Workers,1
114371467664.0,Female,28.0,27-31,Diploma/ certificates or equivalent,Diploma,Working full-time (permanent),Service and Sales Workers,1
114371496775.0,Male,38.0,32-44,Diploma/ certificates or equivalent,Diploma,Working full-time (permanent),Clerical Support Workers,1
114347715771.0,Female,33.0,32-44,Bachelor's degree/ advanced diploma or equivalent,Bachelor's Degree,Working full-time (permanent),Clerical Support Workers,1
114371442145.0,Male,27.0,27-31,Diploma/ certificates or equivalent,Diploma,Working full-time (permanent),Managers,0
114371467001.0,Female,36.0,32-44,Bachelor's degree/ advanced diploma or equivalent,Bachelor's Degree,Working full-time (permanent),Professional,0
114370305196.0,Male,35.0,32-44,Bachelor's degree/ advanced diploma or equivalent,Bachelor's Degree,Working full-time (permanent),Technician and Associate Professionals,0
114369721184.0,Female,35.0,32-44,Bachelor's degree/ advanced diploma or equivalent,Bachelor's Degree,Working full-time (permanent),Professional,0
114369976256.0,Female,34.0,32-44,Bachelor's degree/ advanced diploma or equivalent,Bachelor's Degree,Working full-time (permanent),Technician and Associate Professionals,0
114369899902.0,Female,33.0,32-44,Diploma/ certificates or equivalent,Diploma,Working full-time (permanent),Clerical Support Workers,1
114359360955.0,Female,27.0,27-31,Bachelor's degree/ advanced diploma or equivalent,Bachelor's Degree,Working part-time (contract),Managers,0
114371459485.0,Female,35.0,32-44,Bachelor's degree/ advanced diploma or equivalent,Bachelor's Degree,Working full-time (permanent),Service and Sales Workers,1
114371470725.0,Female,30.0,27-31,Diploma/ certificates or equivalent,Diploma,Working full-time (permanent),Clerical Support Workers,1
114371455344.0,Female,32.0,32-44,Diploma/ certificates or equivalent,Diploma,Working full-time (permanent),Professional,0
114369890648.0,Female,34.0,32-44,Bachelor's degree/ advanced diploma or equivalent,Bachelor's Degree,Working full-time (contract),Managers,0
114371374481.0,Female,27.0,27-31,Diploma/ certificates or equivalent,Diploma,Working full-time (permanent),Professional,0
114371360532.0,Male,26.0,23-26,Bachelor's degree/ advanced diploma or equivalent,Bachelor's Degree,Working full-time (permanent),Managers,0
114371480534.0,Female,33.0,32-44,Diploma/ certificates or equivalent,Diploma,Working full-time (permanent),Managers,0
114371445652.0,Male,31.0,27-31,Bachelor's degree/ advanced diploma or equivalent,Bachelor's Degree,Working full-time (permanent),Plant and Machine Operators and Assemblers,1
114359236159.0,Female,28.0,27-31,Bachelor's degree/ advanced diploma or equivalent,Bachelor's Degree,Working full-time (contract),Professional,0
114371326559.0,Male,37.0,32-44,Diploma/ certificates or equivalent,Diploma,Working full-time (permanent),Service and Sales Workers,1
114369591488.0,Male,35.0,32-44,Bachelor's degree/ advanced diploma or equivalent,Bachelor's Degree,Working full-time (permanent),Technician and Associate Professionals,0
114358703680.0,Female,26.0,23-26,Bachelor's degree/ advanced diploma or equivalent,Bachelor's Degree,Working full-time (permanent),Professional,0
114370714593.0,Female,35.0,32-44,Bachelor's degree/ advanced diploma or equivalent,Bachelor's Degree,Working full-time (permanent),Professional,0
114371436161.0,Male,35.0,32-44,Diploma/ certificates or equivalent,Diploma,Working full-time (permanent),"Skilled Agriculture, Forestry, Livestock and Fishery Workers",1
114371397976.0,Male,33.0,32-44,Diploma/ certificates or equivalent,Diploma,Working full-time (permanent),Clerical Support Workers,1
114375636448.0,Male,36.0,32-44,Bachelor's degree/ advanced diploma or equivalent,Bachelor's Degree,Working full-time (permanent),Professional,0
114371507557.0,Male,42.0,32-44,Diploma/ certificates or equivalent,Diploma,Working full-time (permanent),Managers,0
114346980045.0,Female,23.0,23-26,Bachelor's degree/ advanced diploma or equivalent,Bachelor's Degree,Working full-time (permanent),Service and Sales Workers,1
114370971534.0,Female,34.0,32-44,Diploma/ certificates or equivalent,Diploma,Working full-time (permanent),Professional,0
114360530772.0,Female,27.0,27-31,Bachelor's degree/ advanced diploma or equivalent,Bachelor's Degree,Working part-time (contract),Managers,0
114347836218.0,Female,27.0,27-31,Bachelor's degree/ advanced diploma or equivalent,Bachelor's Degree,Working full-time (permanent),Professional,0
114372860301.0,Female,39.0,32-44,Bachelor's degree/ advanced diploma or equivalent,Bachelor's Degree,Working full-time (permanent),Clerical Support Workers,1
114371444938.0,Female,27.0,27-31,Diploma/ certificates or equivalent,Diploma,Working full-time (permanent),Managers,0
114374723433.0,Female,28.0,27-31,Diploma/ certificates or equivalent,Diploma,Working full-time (permanent),Managers,0
114371415429.0,Female,28.0,27-31,Bachelor's degree/ advanced diploma or equivalent,Bachelor's Degree,Working full-time (permanent),Clerical Support Workers,1
114349629270.0,Female,35.0,32-44,Bachelor's degree/ advanced diploma or equivalent,Bachelor's Degree,Working full-time (permanent),Armed forces/uniform,1
114370360731.0,Female,37.0,32-44,Bachelor's degree/ advanced diploma or equivalent,Bachelor's Degree,Working full-time (permanent),Technician and Associate Professionals,0
114371492217.0,Male,32.0,32-44,Diploma/ certificates or equivalent,Diploma,Working full-time (permanent),Service and Sales Workers,1
114347710964.0,Female,30.0,27-31,Bachelor's degree/ advanced diploma or equivalent,Bachelor's Degree,Working full-time (contract),Professional,0
114358909662.0,Male,30.0,27-31,Bachelor's degree/ advanced diploma or equivalent,Bachelor's Degree,Working full-time (permanent),Professional,0
114371483647.0,Male,36.0,32-44,Diploma/ certificates or equivalent,Diploma,Working full-time (permanent),Armed forces/uniform,1
114347767644.0,Female,27.0,27-31,Diploma/ certificates or equivalent,Diploma,Working full-time (permanent),Professional,0
114371457760.0,Male,25.0,23-26,Diploma/ certificates or equivalent,Diploma,Working full-time (permanent),Managers,0
114371428787.0,Male,29.0,27-31,Diploma/ certificates or equivalent,Diploma,Working full-time (permanent),Elementary Occupations,1
114371474129.0,Male,28.0,27-31,Diploma/ certificates or equivalent,Diploma,Working full-time (permanent),Managers,0
114371482753.0,Female,43.0,32-44,Bachelor's degree/ advanced diploma or equivalent,Bachelor's Degree,Working full-time (permanent),Professional,0
114371556906.0,Female,27.0,27-31,Bachelor's degree/ advanced diploma or equivalent,Bachelor's Degree,Working full-time (contract),Service and Sales Workers,1
114352808897.0,Male,41.0,32-44,Bachelor's degree/ advanced diploma or equivalent,Bachelor's Degree,Working full-time (permanent),Professional,0
114371446111.0,Male,38.0,32-44,Diploma/ certificates or equivalent,Diploma,Working full-time (permanent),Technician and Associate Professionals,0
114348455167.0,Female,36.0,32-44,Bachelor's degree/ advanced diploma or equivalent,Bachelor's Degree,Working full-time (permanent),Clerical Support Workers,1
114371480660.0,Female,29.0,27-31,Diploma/ certificates or equivalent,Diploma,Working full-time (permanent),Clerical Support Workers,1
114371440756.0,Female,32.0,32-44,Diploma/ certificates or equivalent,Diploma,Working full-time (permanent),Technician and Associate Professionals,0
114353091722.0,Female,37.0,32-44,Bachelor's degree/ advanced diploma or equivalent,Bachelor's Degree,Working full-time (permanent),Professional,0
114371453299.0,Male,27.0,27-31,Bachelor's degree/ advanced diploma or equivalent,Bachelor's Degree,Working full-time (permanent),Professional,0
114371473159.0,Female,34.0,32-44,Diploma/ certificates or equivalent,Diploma,Working full-time (permanent),Managers,0
114371456699.0,Female,31.0,27-31,Diploma/ certificates or equivalent,Diploma,Working full-time (permanent),Service and Sales Workers,1
114347814383.0,Female,26.0,23-26,Bachelor's degree/ advanced diploma or equivalent,Bachelor's Degree,Working full-time (permanent),Service and Sales Workers,1
114371458980.0,Male,37.0,32-44,Bachelor's degree/ advanced diploma or equivalent,Bachelor's Degree,Working full-time (permanent),Managers,0
114371441357.0,Female,23.0,23-26,Bachelor's degree/ advanced diploma or equivalent,Bachelor's Degree,Working full-time (permanent),Armed forces/uniform,1
114369586684.0,Female,34.0,32-44,Diploma/ certificates or equivalent,Diploma,Working full-time (permanent),Professional,0
114371489179.0,Female,33.0,32-44,Bachelor's degree/ advanced diploma or equivalent,Bachelor's Degree,Working full-time (permanent),Professional,0
114371381806.0,Male,35.0,32-44,Diploma/ certificates or equivalent,Diploma,Working full-time (contract),Plant and Machine Operators and Assemblers,1
114382674945.0,Female,34.0,32-44,Bachelor's degree/ advanced diploma or equivalent,Bachelor's Degree,Working full-time (permanent),Technician and Associate Professionals,0
114372930374.0,Female,29.0,27-31,Bachelor's degree/ advanced diploma or equivalent,Bachelor's Degree,Working part-time (permanent),"Skilled Agriculture, Forestry, Livestock and Fishery Workers",1
114369720101.0,Female,34.0,32-44,Bachelor's degree/ advanced diploma or equivalent,Bachelor's Degree,Working full-time (contract),Professional,0
114369861974.0,Male,33.0,32-44,Diploma/ certificates or equivalent,Diploma,Working full-time (permanent),Technician and Associate Professionals,0
114358737828.0,Female,29.0,27-31,Bachelor's degree/ advanced diploma or equivalent,Bachelor's Degree,Working full-time (contract),Professional,0
114371370618.0,Male,30.0,27-31,Bachelor's degree/ advanced diploma or equivalent,Bachelor's Degree,Working full-time (permanent),Professional,0
114371479483.0,Female,37.0,32-44,Bachelor's degree/ advanced diploma or equivalent,Bachelor's Degree,Working full-time (permanent),Professional,0
114348607317.0,Female,27.0,27-31,Diploma/ certificates or equivalent,Diploma,Working full-time (permanent),Managers,0
114369688816.0,Male,36.0,32-44,Bachelor's degree/ advanced diploma or equivalent,Bachelor's Degree,Working full-time (permanent),Technician and Associate Professionals,0
114371385102.0,Female,23.0,23-26,Diploma/ certificates or equivalent,Diploma,Working full-time (permanent),Clerical Support Workers,1
114371438580.0,Female,38.0,32-44,Bachelor's degree/ advanced diploma or equivalent,Bachelor's Degree,Working full-time (contract),Professional,0
114376403300.0,Female,37.0,32-44,Bachelor's degree/ advanced diploma or equivalent,Bachelor's Degree,Working full-time (contract),Professional,0
114371496079.0,Male,41.0,32-44,Bachelor's degree/ advanced diploma or equivalent,Bachelor's Degree,Working full-time (permanent),Professional,0
114371330829.0,Female,31.0,27-31,Bachelor's degree/ advanced diploma or equivalent,Bachelor's Degree,Working full-time (permanent),Professional,0
114371393331.0,Male,33.0,32-44,Diploma/ certificates or equivalent,Diploma,Working full-time (permanent),Elementary Occupations,1
114348460039.0,Female,35.0,32-44,Diploma/ certificates or equivalent,Diploma,Working full-time (permanent),Technician and Associate Professionals,0
114370457128.0,Male,33.0,32-44,Diploma/ certificates or equivalent,Diploma,Working full-time (permanent),Craft and Related Trades Workers,1
114369701973.0,Male,33.0,32-44,Bachelor's degree/ advanced diploma or equivalent,Bachelor's Degree,Working full-time (permanent),Managers,0
114371453271.0,Female,34.0,32-44,Diploma/ certificates or equivalent,Diploma,Working full-time (permanent),Professional,0
114371299819.0,Female,29.0,27-31,Diploma/ certificates or equivalent,Diploma,Working full-time (permanent),Managers,0
114371466572.0,Female,31.0,27-31,Diploma/ certificates or equivalent,Diploma,Working full-time (permanent),Armed forces/uniform,1
114348574181.0,Male,33.0,32-44,Diploma/ certificates or equivalent,Diploma,Working full-time (permanent),Technician and Associate Professionals,0
114371529128.0,Male,34.0,32-44,Diploma/ certificates or equivalent,Diploma,Working full-time (permanent),Service and Sales Workers,1
114349639130.0,Female,26.0,23-26,Bachelor's degree/ advanced diploma or equivalent,Bachelor's Degree,Working full-time (contract),Managers,0
114358704123.0,Female,29.0,27-31,Bachelor's degree/ advanced diploma or equivalent,Bachelor's Degree,Working full-time (permanent),Professional,0
114371409982.0,Male,34.0,32-44,Diploma/ certificates or equivalent,Diploma,Working full-time (permanent),Technician and Associate Professionals,0
114371431165.0,Female,38.0,32-44,Diploma/ certificates or equivalent,Diploma,Working full-time (permanent),Professional,0
114371443767.0,Male,30.0,27-31,Diploma/ certificates or equivalent,Diploma,Working full-time (permanent),Service and Sales Workers,1
114369697249.0,Male,35.0,32-44,Bachelor's degree/ advanced diploma or equivalent,Bachelor's Degree,Working full-time (permanent),Professional,0
114371451483.0,Male,32.0,32-44,Diploma/ certificates or equivalent,Diploma,Working full-time (permanent),Managers,0
114347746254.0,Male,27.0,27-31,Bachelor's degree/ advanced diploma or equivalent,Bachelor's Degree,Working full-time (permanent),Professional,0
114371468721.0,Female,23.0,23-26,Diploma/ certificates or equivalent,Diploma,Working full-time (permanent),Professional,0
114370541086.0,Female,34.0,32-44,Diploma/ certificates or equivalent,Diploma,Working full-time (permanent),Clerical Support Workers,1
114371457159.0,Male,32.0,32-44,Diploma/ certificates or equivalent,Diploma,Working full-time (permanent),Plant and Machine Operators and Assemblers,1
114359244685.0,Male,35.0,32-44,Diploma/ certificates or equivalent,Diploma,Working full-time (permanent),Professional,0
114371453655.0,Female,31.0,27-31,Bachelor's degree/ advanced diploma or equivalent,Bachelor's Degree,Working full-time (contract),Professional,0
114371404195.0,Male,25.0,23-26,Bachelor's degree/ advanced diploma or equivalent,Bachelor's Degree,Working full-time (permanent),Technician and Associate Professionals,0
114326445590.0,Male,27.0,27-31,Bachelor's degree/ advanced diploma or equivalent,Bachelor's Degree,Working full-time (permanent),Professional,0
114371471317.0,Female,25.0,23-26,Diploma/ certificates or equivalent,Diploma,Working part-time (contract),"Skilled Agriculture, Forestry, Livestock and Fishery Workers",1
114373162896.0,Male,36.0,32-44,Bachelor's degree/ advanced diploma or equivalent,Bachelor's Degree,Working full-time (permanent),Technician and Associate Professionals,0
114371475483.0,Male,23.0,23-26,Bachelor's degree/ advanced diploma or equivalent,Bachelor's Degree,Working full-time (permanent),Managers,0
114359289955.0,Female,34.0,32-44,Diploma/ certificates or equivalent,Diploma,Working full-time (permanent),Professional,0
114371417772.0,Female,25.0,23-26,Bachelor's degree/ advanced diploma or equivalent,Bachelor's Degree,Working full-time (permanent),Clerical Support Workers,1
114371467105.0,Male,37.0,32-44,Bachelor's degree/ advanced diploma or equivalent,Bachelor's Degree,Working full-time (permanent),Managers,0
114371498994.0,Female,35.0,32-44,Diploma/ certificates or equivalent,Diploma,Working full-time (permanent),Professional,0
114370417288.0,Male,35.0,32-44,Diploma/ certificates or equivalent,Diploma,Working full-time (permanent),Technician and Associate Professionals,0
114346851918.0,Female,32.0,32-44,Diploma/ certificates or equivalent,Diploma,Working full-time (permanent),Professional,0
114347722029.0,Female,28.0,27-31,Bachelor's degree/ advanced diploma or equivalent,Bachelor's Degree,Working full-time (permanent),Managers,0
114371474091.0,Male,35.0,32-44,Diploma/ certificates or equivalent,Diploma,Working full-time (permanent),Technician and Associate Professionals,0
114349091446.0,Male,33.0,32-44,Bachelor's degree/ advanced diploma or equivalent,Bachelor's Degree,Working full-time (permanent),Professional,0
114348645894.0,Female,29.0,27-31,Bachelor's degree/ advanced diploma or equivalent,Bachelor's Degree,Working full-time (permanent),Craft and Related Trades Workers,1
114359339537.0,Male,30.0,27-31,Bachelor's degree/ advanced diploma or equivalent,Bachelor's Degree,Working full-time (permanent),Managers,0
114371469210.0,Male,39.0,32-44,Diploma/ certificates or equivalent,Diploma,Working full-time (permanent),Managers,0
114371435072.0,Female,33.0,32-44,Bachelor's degree/ advanced diploma or equivalent,Bachelor's Degree,Working full-time (permanent),Craft and Related Trades Workers,1
114371469272.0,Female,26.0,23-26,Bachelor's degree/ advanced diploma or equivalent,Bachelor's Degree,Working full-time (permanent),Clerical Support Workers,1
114371468203.0,Female,35.0,32-44,Diploma/ certificates or equivalent,Diploma,Working full-time (permanent),Managers,0
114371415108.0,Female,35.0,32-44,Diploma/ certificates or equivalent,Diploma,Working full-time (permanent),Clerical Support Workers,1
114371471377.0,Female,27.0,27-31,Diploma/ certificates or equivalent,Diploma,Working full-time (permanent),Elementary Occupations,1
114371416306.0,Male,24.0,23-26,Diploma/ certificates or equivalent,Diploma,Working full-time (permanent),Managers,0
114347807872.0,Male,31.0,27-31,Bachelor's degree/ advanced diploma or equivalent,Bachelor's Degree,Working full-time (permanent),Technician and Associate Professionals,0
114369790516.0,Female,35.0,32-44,Bachelor's degree/ advanced diploma or equivalent,Bachelor's Degree,Working full-time (permanent),Professional,0
114371565706.0,Female,26.0,23-26,Bachelor's degree/ advanced diploma or equivalent,Bachelor's Degree,Working full-time (permanent),Technician and Associate Professionals,0
114371407303.0,Female,37.0,32-44,Bachelor's degree/ advanced diploma or equivalent,Bachelor's Degree,Working full-time (permanent),Service and Sales Workers,1
114371384996.0,Female,27.0,27-31,Diploma/ certificates or equivalent,Diploma,Working full-time (contract),Service and Sales Workers,1
114371316452.0,Male,38.0,32-44,Bachelor's degree/ advanced diploma or equivalent,Bachelor's Degree,Working full-time (permanent),Technician and Associate Professionals,0
114348570086.0,Female,34.0,32-44,Diploma/ certificates or equivalent,Diploma,Working full-time (permanent),Managers,0
114371503435.0,Male,29.0,27-31,Bachelor's degree/ advanced diploma or equivalent,Bachelor's Degree,Working full-time (permanent),Professional,0
114371471543.0,Male,35.0,32-44,Diploma/ certificates or equivalent,Diploma,Working full-time (permanent),Elementary Occupations,1
114371460722.0,Female,27.0,27-31,Bachelor's degree/ advanced diploma or equivalent,Bachelor's Degree,Working full-time (permanent),Technician and Associate Professionals,0
114371426184.0,Male,23.0,23-26,Diploma/ certificates or equivalent,Diploma,Working full-time (contract),Plant and Machine Operators and Assemblers,1
114347745265.0,Male,29.0,27-31,Diploma/ certificates or equivalent,Diploma,Working full-time (permanent),Technician and Associate Professionals,0
114371388820.0,Male,38.0,32-44,Diploma/ certificates or equivalent,Diploma,Working full-time (permanent),Managers,0
114371472533.0,Male,26.0,23-26,Bachelor's degree/ advanced diploma or equivalent,Bachelor's Degree,Working full-time (contract),Technician and Associate Professionals,0
114371468969.0,Female,30.0,27-31,Bachelor's degree/ advanced diploma or equivalent,Bachelor's Degree,Working full-time (permanent),Managers,0
114371467305.0,Male,35.0,32-44,Diploma/ certificates or equivalent,Diploma,Working full-time (contract),Elementary Occupations,1
114331444539.0,Male,27.0,27-31,Bachelor's degree/ advanced diploma or equivalent,Bachelor's Degree,Working full-time (permanent),Technician and Associate Professionals,0
114371451228.0,Male,35.0,32-44,Bachelor's degree/ advanced diploma or equivalent,Bachelor's Degree,Working full-time (permanent),Managers,0
114359325333.0,Female,26.0,23-26,Bachelor's degree/ advanced diploma or equivalent,Bachelor's Degree,Working full-time (contract),Managers,0
114369848502.0,Female,35.0,32-44,Bachelor's degree/ advanced diploma or equivalent,Bachelor's Degree,Working full-time (permanent),Managers,0
114358717806.0,Male,29.0,27-31,Bachelor's degree/ advanced diploma or equivalent,Bachelor's Degree,Working full-time (contract),Plant and Machine Operators and Assemblers,1
114371399673.0,Female,37.0,32-44,Bachelor's degree/ advanced diploma or equivalent,Bachelor's Degree,Working full-time (permanent),Professional,0
114371487230.0,Female,35.0,32-44,Bachelor's degree/ advanced diploma or equivalent,Bachelor's Degree,Working full-time (permanent),Elementary Occupations,1
114370324378.0,Female,26.0,23-26,Diploma/ certificates or equivalent,Diploma,Working full-time (contract),Professional,0
114371470553.0,Female,41.0,32-44,Bachelor's degree/ advanced diploma or equivalent,Bachelor's Degree,Working full-time (permanent),Professional,0
114371438739.0,Male,28.0,27-31,Diploma/ certificates or equivalent,Diploma,Working full-time (contract),Craft and Related Trades Workers,1
114371467008.0,Female,23.0,23-26,Diploma/ certificates or equivalent,Diploma,Working full-time (permanent),Service and Sales Workers,1
114371467699.0,Female,24.0,23-26,Bachelor's degree/ advanced diploma or equivalent,Bachelor's Degree,Working full-time (permanent),Professional,0
114347749755.0,Male,26.0,23-26,Bachelor's degree/ advanced diploma or equivalent,Bachelor's Degree,Working full-time (contract),Technician and Associate Professionals,0
114369569229.0,Male,36.0,32-44,Bachelor's degree/ advanced diploma or equivalent,Bachelor's Degree,Working full-time (permanent),Managers,0
114371398915.0,Male,39.0,32-44,Bachelor's degree/ advanced diploma or equivalent,Bachelor's Degree,Working full-time (permanent),Managers,0
114371473254.0,Male,35.0,32-44,Bachelor's degree/ advanced diploma or equivalent,Bachelor's Degree,Working full-time (permanent),Managers,0
114358884499.0,Female,29.0,27-31,Bachelor's degree/ advanced diploma or equivalent,Bachelor's Degree,Working full-time (permanent),Managers,0
114371501460.0,Female,32.0,32-44,Diploma/ certificates or equivalent,Diploma,Working full-time (permanent),Professional,0
114383666240.0,Male,29.0,27-31,Bachelor's degree/ advanced diploma or equivalent,Bachelor's Degree,Working full-time (permanent),Managers,0
114371477289.0,Male,30.0,27-31,Bachelor's degree/ advanced diploma or equivalent,Bachelor's Degree,Working full-time (permanent),Managers,0
114371498340.0,Female,35.0,32-44,Diploma/ certificates or equivalent,Diploma,Working full-time (permanent),Professional,0
114348498312.0,Female,36.0,32-44,Bachelor's degree/ advanced diploma or equivalent,Bachelor's Degree,Working full-time (permanent),Professional,0
114358705765.0,Female,26.0,23-26,Bachelor's degree/ advanced diploma or equivalent,Bachelor's Degree,Working full-time (permanent),Clerical Support Workers,1
114358708269.0,Male,26.0,23-26,Bachelor's degree/ advanced diploma or equivalent,Bachelor's Degree,Working full-time (permanent),Professional,0
114371553243.0,Female,33.0,32-44,Bachelor's degree/ advanced diploma or equivalent,Bachelor's Degree,Working full-time (permanent),Service and Sales Workers,1
114359248649.0,Male,38.0,32-44,Diploma/ certificates or equivalent,Diploma,Working full-time (permanent),Technician and Associate Professionals,0
114371478997.0,Male,23.0,23-26,Diploma/ certificates or equivalent,Diploma,Working part-time (contract),Plant and Machine Operators and Assemblers,1
114359528545.0,Male,26.0,23-26,Diploma/ certificates or equivalent,Diploma,Working full-time (permanent),Craft and Related Trades Workers,1
114371304593.0,Male,36.0,32-44,Bachelor's degree/ advanced diploma or equivalent,Bachelor's Degree,Working part-time (contract),Plant and Machine Operators and Assemblers,1
114371458745.0,Female,40.0,32-44,Bachelor's degree/ advanced diploma or equivalent,Bachelor's Degree,Working full-time (permanent),Professional,0
114371426362.0,Female,38.0,32-44,Diploma/ certificates or equivalent,Diploma,Working full-time (permanent),Elementary Occupations,1
114354184851.0,Male,25.0,23-26,Diploma/ certificates or equivalent,Diploma,Working full-time (permanent),Plant and Machine Operators and Assemblers,1
114347706744.0,Male,29.0,27-31,Bachelor's degree/ advanced diploma or equivalent,Bachelor's Degree,Working full-time (contract),Technician and Associate Professionals,0
114348575890.0,Female,27.0,27-31,Diploma/ certificates or equivalent,Diploma,Working full-time (permanent),Clerical Support Workers,1
114371446268.0,Male,29.0,27-31,Diploma/ certificates or equivalent,Diploma,Working full-time (permanent),"Skilled Agriculture, Forestry, Livestock and Fishery Workers",1
114371396258.0,Female,36.0,32-44,Diploma/ certificates or equivalent,Diploma,Working full-time (permanent),Clerical Support Workers,1
114371473248.0,Female,42.0,32-44,Bachelor's degree/ advanced diploma or equivalent,Bachelor's Degree,Working full-time (permanent),Managers,0
114371429007.0,Male,35.0,32-44,Diploma/ certificates or equivalent,Diploma,Working full-time (permanent),Technician and Associate Professionals,0
114371390582.0,Male,30.0,27-31,Bachelor's degree/ advanced diploma or equivalent,Bachelor's Degree,Working part-time (permanent),Craft and Related Trades Workers,1
114371469151.0,Female,37.0,32-44,Diploma/ certificates or equivalent,Diploma,Working full-time (permanent),Clerical Support Workers,1
114371453096.0,Male,33.0,32-44,Bachelor's degree/ advanced diploma or equivalent,Bachelor's Degree,Working full-time (permanent),Managers,0
114371424783.0,Female,24.0,23-26,Diploma/ certificates or equivalent,Diploma,Working full-time (permanent),Technician and Associate Professionals,0
114371449107.0,Female,28.0,27-31,Diploma/ certificates or equivalent,Diploma,Working full-time (permanent),Service and Sales Workers,1
114348486019.0,Female,27.0,27-31,Diploma/ certificates or equivalent,Diploma,Working full-time (permanent),Clerical Support Workers,1
114371443515.0,Female,29.0,27-31,Diploma/ certificates or equivalent,Diploma,Working full-time (permanent),Elementary Occupations,1
114369625474.0,Female,35.0,32-44,Bachelor's degree/ advanced diploma or equivalent,Bachelor's Degree,Working full-time (permanent),Technician and Associate Professionals,0
114351453305.0,Male,37.0,32-44,Bachelor's degree/ advanced diploma or equivalent,Bachelor's Degree,Working full-time (permanent),Managers,0
114376254437.0,Male,39.0,32-44,Bachelor's degree/ advanced diploma or equivalent,Bachelor's Degree,Working full-time (permanent),Managers,0
114369589873.0,Male,34.0,32-44,Bachelor's degree/ advanced diploma or equivalent,Bachelor's Degree,Working full-time (contract),Professional,0
114371453150.0,Female,35.0,32-44,Diploma/ certificates or equivalent,Diploma,Working full-time (permanent),Managers,0
114369576901.0,Female,37.0,32-44,Bachelor's degree/ advanced diploma or equivalent,Bachelor's Degree,Working full-time (permanent),Technician and Associate Professionals,0
114347795728.0,Male,31.0,27-31,Diploma/ certificates or equivalent,Diploma,Working full-time (permanent),Professional,0
114373140160.0,Male,29.0,27-31,Bachelor's degree/ advanced diploma or equivalent,Bachelor's Degree,Working full-time (permanent),Technician and Associate Professionals,0
114371354539.0,Female,28.0,27-31,Bachelor's degree/ advanced diploma or equivalent,Bachelor's Degree,Working full-time (permanent),Technician and Associate Professionals,0
114358765496.0,Male,26.0,23-26,Bachelor's degree/ advanced diploma or equivalent,Bachelor's Degree,Working full-time (contract),Technician and Associate Professionals,0
114360000911.0,Male,26.0,23-26,Bachelor's degree/ advanced diploma or equivalent,Bachelor's Degree,Working full-time (permanent),Professional,0
114348661031.0,Female,27.0,27-31,Diploma/ certificates or equivalent,Diploma,Working part-time (permanent),Service and Sales Workers,1
114348701499.0,Male,31.0,27-31,Diploma/ certificates or equivalent,Diploma,Working full-time (permanent),Technician and Associate Professionals,0
114369583932.0,Female,35.0,32-44,Diploma/ certificates or equivalent,Diploma,Working full-time (permanent),Technician and Associate Professionals,0
114348546670.0,Male,37.0,32-44,Bachelor's degree/ advanced diploma or equivalent,Bachelor's Degree,Working full-time (permanent),Professional,0
114371476549.0,Female,29.0,27-31,Diploma/ certificates or equivalent,Diploma,Working full-time (permanent),Craft and Related Trades Workers,1
114375628033.0,Male,36.0,32-44,Bachelor's degree/ advanced diploma or equivalent,Bachelor's Degree,Working full-time (permanent),Technician and Associate Professionals,0
114371493497.0,Male,40.0,32-44,Diploma/ certificates or equivalent,Diploma,Working full-time (permanent),Professional,0
114347382350.0,Female,23.0,23-26,Diploma/ certificates or equivalent,Diploma,Working full-time (permanent),Professional,0
114371472383.0,Female,31.0,27-31,Diploma/ certificates or equivalent,Diploma,Working full-time (permanent),Managers,0
114348554913.0,Male,37.0,32-44,Bachelor's degree/ advanced diploma or equivalent,Bachelor's Degree,Working full-time (permanent),Managers,0
114371477046.0,Male,37.0,32-44,Diploma/ certificates or equivalent,Diploma,Working full-time (permanent),"Skilled Agriculture, Forestry, Livestock and Fishery Workers",1
114371449398.0,Female,36.0,32-44,Bachelor's degree/ advanced diploma or equivalent,Bachelor's Degree,Working full-time (permanent),Professional,0
114372127770.0,Female,33.0,32-44,Diploma/ certificates or equivalent,Diploma,Working full-time (permanent),Managers,0
114371457928.0,Female,26.0,23-26,Diploma/ certificates or equivalent,Diploma,Working part-time (permanent),Technician and Associate Professionals,0
114375642587.0,Male,36.0,32-44,Bachelor's degree/ advanced diploma or equivalent,Bachelor's Degree,Working full-time (contract),Professional,0
114371400955.0,Male,29.0,27-31,Diploma/ certificates or equivalent,Diploma,Working full-time (permanent),Technician and Associate Professionals,0
114347715277.0,Female,28.0,27-31,Bachelor's degree/ advanced diploma or equivalent,Bachelor's Degree,Working full-time (permanent),Managers,0
114372443784.0,Female,24.0,23-26,Diploma/ certificates or equivalent,Diploma,Working full-time (permanent),Professional,0
114371500885.0,Male,34.0,32-44,Diploma/ certificates or equivalent,Diploma,Working full-time (permanent),"Skilled Agriculture, Forestry, Livestock and Fishery Workers",1
114359236292.0,Female,36.0,32-44,Bachelor's degree/ advanced diploma or equivalent,Bachelor's Degree,Working full-time (permanent),Professional,0
114369776568.0,Male,34.0,32-44,Bachelor's degree/ advanced diploma or equivalent,Bachelor's Degree,Working full-time (permanent),Plant and Machine Operators and Assemblers,1
114369725677.0,Male,34.0,32-44,Diploma/ certificates or equivalent,Diploma,Working full-time (permanent),Technician and Associate Professionals,0
114371428701.0,Female,33.0,32-44,Bachelor's degree/ advanced diploma or equivalent,Bachelor's Degree,Working full-time (permanent),Managers,0
114326295730.0,Male,28.0,27-31,Diploma/ certificates or equivalent,Diploma,Working full-time (permanent),Plant and Machine Operators and Assemblers,1
114371458133.0,Male,25.0,23-26,Diploma/ certificates or equivalent,Diploma,Working full-time (permanent),Service and Sales Workers,1
114371475008.0,Female,30.0,27-31,Diploma/ certificates or equivalent,Diploma,Working full-time (permanent),Professional,0
114369684428.0,Male,35.0,32-44,Bachelor's degree/ advanced diploma or equivalent,Bachelor's Degree,Working full-time (permanent),Managers,0
114371458441.0,Male,33.0,32-44,Bachelor's degree/ advanced diploma or equivalent,Bachelor's Degree,Working full-time (permanent),Plant and Machine Operators and Assemblers,1
114371512911.0,Female,29.0,27-31,Diploma/ certificates or equivalent,Diploma,Working full-time (contract),Clerical Support Workers,1
114347720678.0,Male,28.0,27-31,Bachelor's degree/ advanced diploma or equivalent,Bachelor's Degree,Working full-time (contract),Technician and Associate Professionals,0
114358713158.0,Male,25.0,23-26,Diploma/ certificates or equivalent,Diploma,Working full-time (permanent),Professional,0
114360634924.0,Male,36.0,32-44,Bachelor's degree/ advanced diploma or equivalent,Bachelor's Degree,Working full-time (permanent),Technician and Associate Professionals,0
114371514610.0,Male,25.0,23-26,Diploma/ certificates or equivalent,Diploma,Working full-time (contract),Elementary Occupations,1
114347710531.0,Male,26.0,23-26,Bachelor's degree/ advanced diploma or equivalent,Bachelor's Degree,Working full-time (permanent),Technician and Associate Professionals,0
114371408173.0,Female,35.0,32-44,Bachelor's degree/ advanced diploma or equivalent,Bachelor's Degree,Working full-time (permanent),Managers,0
114371472443.0,Male,41.0,32-44,Bachelor's degree/ advanced diploma or equivalent,Bachelor's Degree,Working full-time (contract),Professional,0
114327222627.0,Female,27.0,27-31,Diploma/ certificates or equivalent,Diploma,Working full-time (permanent),Managers,0
114347746852.0,Male,28.0,27-31,Bachelor's degree/ advanced diploma or equivalent,Bachelor's Degree,Working full-time (permanent),Plant and Machine Operators and Assemblers,1
114371468903.0,Male,30.0,27-31,Bachelor's degree/ advanced diploma or equivalent,Bachelor's Degree,Working full-time (permanent),Technician and Associate Professionals,0
114372336342.0,Female,43.0,32-44,Bachelor's degree/ advanced diploma or equivalent,Bachelor's Degree,Working full-time (permanent),Managers,0
114371459903.0,Male,28.0,27-31,Diploma/ certificates or equivalent,Diploma,Working full-time (permanent),Craft and Related Trades Workers,1
114371444294.0,Female,35.0,32-44,Diploma/ certificates or equivalent,Diploma,Working full-time (permanent),Elementary Occupations,1
114358911997.0,Male,27.0,27-31,Diploma/ certificates or equivalent,Diploma,Working full-time (permanent),Technician and Associate Professionals,0
114371546826.0,Female,38.0,32-44,Diploma/ certificates or equivalent,Diploma,Working full-time (contract),Clerical Support Workers,1
114371574506.0,Male,35.0,32-44,Bachelor's degree/ advanced diploma or equivalent,Bachelor's Degree,Working full-time (permanent),Managers,0
114371789038.0,Female,34.0,32-44,Diploma/ certificates or equivalent,Diploma,Working full-time (permanent),Technician and Associate Professionals,0
114371412478.0,Female,35.0,32-44,Bachelor's degree/ advanced diploma or equivalent,Bachelor's Degree,Working full-time (permanent),Managers,0
114371504012.0,Male,31.0,27-31,Bachelor's degree/ advanced diploma or equivalent,Bachelor's Degree,Working full-time (permanent),Technician and Associate Professionals,0
114371502396.0,Female,27.0,27-31,Diploma/ certificates or equivalent,Diploma,Working full-time (permanent),Clerical Support Workers,1
114371453527.0,Male,34.0,32-44,Bachelor's degree/ advanced diploma or equivalent,Bachelor's Degree,Working full-time (permanent),Professional,0
114348649547.0,Male,37.0,32-44,Bachelor's degree/ advanced diploma or equivalent,Bachelor's Degree,Working full-time (permanent),Technician and Associate Professionals,0
114371453142.0,Male,28.0,27-31,Bachelor's degree/ advanced diploma or equivalent,Bachelor's Degree,Working full-time (contract),Technician and Associate Professionals,0
114348240731.0,Male,27.0,27-31,Diploma/ certificates or equivalent,Diploma,Working full-time (permanent),Technician and Associate Professionals,0
114372357124.0,Female,33.0,32-44,Diploma/ certificates or equivalent,Diploma,Working full-time (permanent),Service and Sales Workers,1
114371486730.0,Male,33.0,32-44,Diploma/ certificates or equivalent,Diploma,Working full-time (permanent),Service and Sales Workers,1
114371471332.0,Male,31.0,27-31,Diploma/ certificates or equivalent,Diploma,Working full-time (permanent),Elementary Occupations,1
114371424833.0,Female,39.0,32-44,Bachelor's degree/ advanced diploma or equivalent,Bachelor's Degree,Working part-time (permanent),Technician and Associate Professionals,0
114371496227.0,Male,23.0,23-26,Diploma/ certificates or equivalent,Diploma,Working full-time (permanent),Managers,0
114371461036.0,Male,43.0,32-44,Diploma/ certificates or equivalent,Diploma,Working full-time (contract),Craft and Related Trades Workers,1
114369746833.0,Male,36.0,32-44,Bachelor's degree/ advanced diploma or equivalent,Bachelor's Degree,Working full-time (permanent),Professional,0
114369578585.0,Female,33.0,32-44,Diploma/ certificates or equivalent,Diploma,Working full-time (permanent),Managers,0
114347712752.0,Female,28.0,27-31,Bachelor's degree/ advanced diploma or equivalent,Bachelor's Degree,Working full-time (permanent),Professional,0
114371442318.0,Female,25.0,23-26,Bachelor's degree/ advanced diploma or equivalent,Bachelor's Degree,Working full-time (permanent),Managers,0
114372350570.0,Male,36.0,32-44,Bachelor's degree/ advanced diploma or equivalent,Bachelor's Degree,Working full-time (permanent),Professional,0
114371484599.0,Female,27.0,27-31,Bachelor's degree/ advanced diploma or equivalent,Bachelor's Degree,Working full-time (permanent),Professional,0
114371410643.0,Female,35.0,32-44,Diploma/ certificates or equivalent,Diploma,Working full-time (permanent),Clerical Support Workers,1
114369566472.0,Male,35.0,32-44,Bachelor's degree/ advanced diploma or equivalent,Bachelor's Degree,Working full-time (permanent),Professional,0
114371442776.0,Male,43.0,32-44,Diploma/ certificates or equivalent,Diploma,Working full-time (permanent),Professional,0
114371519003.0,Female,32.0,32-44,Diploma/ certificates or equivalent,Diploma,Working full-time (permanent),Professional,0
114358927374.0,Male,41.0,32-44,Bachelor's degree/ advanced diploma or equivalent,Bachelor's Degree,Working full-time (permanent),Craft and Related Trades Workers,1
114347766226.0,Female,26.0,23-26,Bachelor's degree/ advanced diploma or equivalent,Bachelor's Degree,Working full-time (contract),Technician and Associate Professionals,0
114371471734.0,Female,23.0,23-26,Diploma/ certificates or equivalent,Diploma,Working full-time (permanent),Craft and Related Trades Workers,1
114371433003.0,Male,25.0,23-26,Bachelor's degree/ advanced diploma or equivalent,Bachelor's Degree,Working full-time (permanent),Managers,0
114369585767.0,Female,36.0,32-44,Bachelor's degree/ advanced diploma or equivalent,Bachelor's Degree,Working full-time (permanent),Clerical Support Workers,1
114326511712.0,Male,30.0,27-31,Bachelor's degree/ advanced diploma or equivalent,Bachelor's Degree,Working full-time (contract),Managers,0
114371484843.0,Female,27.0,27-31,Diploma/ certificates or equivalent,Diploma,Working full-time (permanent),Technician and Associate Professionals,0
114348053717.0,Male,27.0,27-31,Bachelor's degree/ advanced diploma or equivalent,Bachelor's Degree,Working full-time (permanent),Technician and Associate Professionals,0
114371373631.0,Male,26.0,23-26,Bachelor's degree/ advanced diploma or equivalent,Bachelor's Degree,Working full-time (permanent),Professional,0
114358743543.0,Female,28.0,27-31,Bachelor's degree/ advanced diploma or equivalent,Bachelor's Degree,Working full-time (permanent),Managers,0
114369636769.0,Female,34.0,32-44,Bachelor's degree/ advanced diploma or equivalent,Bachelor's Degree,Working full-time (permanent),Professional,0
114371466515.0,Female,32.0,32-44,Bachelor's degree/ advanced diploma or equivalent,Bachelor's Degree,Working full-time (contract),Clerical Support Workers,1
114359254276.0,Female,36.0,32-44,Bachelor's degree/ advanced diploma or equivalent,Bachelor's Degree,Working full-time (permanent),Managers,0
114370403782.0,Female,36.0,32-44,Bachelor's degree/ advanced diploma or equivalent,Bachelor's Degree,Working full-time (permanent),Professional,0
114371650395.0,Female,37.0,32-44,Bachelor's degree/ advanced diploma or equivalent,Bachelor's Degree,Working full-time (permanent),Technician and Associate Professionals,0
114371391745.0,Female,27.0,27-31,Diploma/ certificates or equivalent,Diploma,Working full-time (permanent),Technician and Associate Professionals,0
114370327357.0,Male,34.0,32-44,Bachelor's degree/ advanced diploma or equivalent,Bachelor's Degree,Working full-time (permanent),Technician and Associate Professionals,0
114371526424.0,Female,28.0,27-31,Diploma/ certificates or equivalent,Diploma,Working full-time (permanent),Professional,0
114347716875.0,Female,30.0,27-31,Bachelor's degree/ advanced diploma or equivalent,Bachelor's Degree,Working full-time (permanent),Professional,0
114371510121.0,Female,28.0,27-31,Diploma/ certificates or equivalent,Diploma,Working full-time (permanent),Professional,0
114371486854.0,Male,34.0,32-44,Bachelor's degree/ advanced diploma or equivalent,Bachelor's Degree,Working full-time (permanent),Technician and Associate Professionals,0
114371600596.0,Female,28.0,27-31,Diploma/ certificates or equivalent,Diploma,Working full-time (permanent),Clerical Support Workers,1
114371403331.0,Female,26.0,23-26,Bachelor's degree/ advanced diploma or equivalent,Bachelor's Degree,Working full-time (permanent),Professional,0
114347758950.0,Female,34.0,32-44,Bachelor's degree/ advanced diploma or equivalent,Bachelor's Degree,Working full-time (permanent),Professional,0
114371301665.0,Male,37.0,32-44,Diploma/ certificates or equivalent,Diploma,Working full-time (permanent),Craft and Related Trades Workers,1
114371483456.0,Female,35.0,32-44,Diploma/ certificates or equivalent,Diploma,Working part-time (permanent),Technician and Associate Professionals,0
114358751701.0,Male,30.0,27-31,Bachelor's degree/ advanced diploma or equivalent,Bachelor's Degree,Working full-time (permanent),Service and Sales Workers,1
114371288037.0,Male,32.0,32-44,Diploma/ certificates or equivalent,Diploma,Working full-time (contract),Elementary Occupations,1
114370663972.0,Female,34.0,32-44,Diploma/ certificates or equivalent,Diploma,Working full-time (permanent),Professional,0
114358772265.0,Male,29.0,27-31,Diploma/ certificates or equivalent,Diploma,Working full-time (permanent),Service and Sales Workers,1
114371315939.0,Female,36.0,32-44,Diploma/ certificates or equivalent,Diploma,Working full-time (permanent),Managers,0
114371342963.0,Male,23.0,23-26,Diploma/ certificates or equivalent,Diploma,Working full-time (permanent),Armed forces/uniform,1
114338564685.0,Male,38.0,32-44,Diploma/ certificates or equivalent,Diploma,Working full-time (permanent),Technician and Associate Professionals,0
114371470350.0,Female,30.0,27-31,Diploma/ certificates or equivalent,Diploma,Working full-time (permanent),Professional,0
114371455402.0,Male,25.0,23-26,Diploma/ certificates or equivalent,Diploma,Working full-time (permanent),Professional,0
114371500742.0,Male,24.0,23-26,Bachelor's degree/ advanced diploma or equivalent,Bachelor's Degree,Working full-time (contract),Elementary Occupations,1
114371420751.0,Male,33.0,32-44,Diploma/ certificates or equivalent,Diploma,Working full-time (permanent),Plant and Machine Operators and Assemblers,1
114371425003.0,Male,25.0,23-26,Bachelor's degree/ advanced diploma or equivalent,Bachelor's Degree,Working full-time (permanent),Managers,0
114371400641.0,Male,38.0,32-44,Diploma/ certificates or equivalent,Diploma,Working full-time (permanent),Elementary Occupations,1
114371435756.0,Male,31.0,27-31,Diploma/ certificates or equivalent,Diploma,Working full-time (contract),Technician and Associate Professionals,0
114371398707.0,Female,44.0,32-44,Diploma/ certificates or equivalent,Diploma,Working full-time (permanent),Clerical Support Workers,1
114371463571.0,Female,28.0,27-31,Bachelor's degree/ advanced diploma or equivalent,Bachelor's Degree,Working full-time (permanent),Professional,0
114358710293.0,Male,27.0,27-31,Diploma/ certificates or equivalent,Diploma,Working full-time (permanent),Technician and Associate Professionals,0
114371451067.0,Female,25.0,23-26,Diploma/ certificates or equivalent,Diploma,Working full-time (permanent),Managers,0
114371292643.0,Female,29.0,27-31,Bachelor's degree/ advanced diploma or equivalent,Bachelor's Degree,Working full-time (permanent),Technician and Associate Professionals,0
114371448090.0,Male,37.0,32-44,Diploma/ certificates or equivalent,Diploma,Working full-time (permanent),Technician and Associate Professionals,0
114369619680.0,Female,29.0,27-31,Bachelor's degree/ advanced diploma or equivalent,Bachelor's Degree,Working full-time (permanent),Professional,0
114371389288.0,Female,34.0,32-44,Diploma/ certificates or equivalent,Diploma,Working full-time (permanent),Managers,0
114371425744.0,Female,32.0,32-44,Bachelor's degree/ advanced diploma or equivalent,Bachelor's Degree,Working full-time (contract),Managers,0
114371370358.0,Female,34.0,32-44,Diploma/ certificates or equivalent,Diploma,Working full-time (permanent),Technician and Associate Professionals,0
114371464916.0,Male,42.0,32-44,Diploma/ certificates or equivalent,Diploma,Working full-time (permanent),Professional,0
114375838215.0,Male,36.0,32-44,Bachelor's degree/ advanced diploma or equivalent,Bachelor's Degree,Working full-time (permanent),Professional,0
114370781082.0,Male,35.0,32-44,Bachelor's degree/ advanced diploma or equivalent,Bachelor's Degree,Working full-time (permanent),Technician and Associate Professionals,0
114371497188.0,Male,34.0,32-44,Diploma/ certificates or equivalent,Diploma,Working full-time (permanent),"Skilled Agriculture, Forestry, Livestock and Fishery Workers",1
114371447926.0,Female,33.0,32-44,Diploma/ certificates or equivalent,Diploma,Working part-time (contract),Technician and Associate Professionals,0
114371448348.0,Male,33.0,32-44,Diploma/ certificates or equivalent,Diploma,Working full-time (permanent),Managers,0
114371465991.0,Female,28.0,27-31,Bachelor's degree/ advanced diploma or equivalent,Bachelor's Degree,Working full-time (permanent),Professional,0
114371480057.0,Female,31.0,27-31,Diploma/ certificates or equivalent,Diploma,Working full-time (permanent),Managers,0
114358777939.0,Male,26.0,23-26,Bachelor's degree/ advanced diploma or equivalent,Bachelor's Degree,Working full-time (permanent),Professional,0
114371473900.0,Female,28.0,27-31,Diploma/ certificates or equivalent,Diploma,Working full-time (permanent),Technician and Associate Professionals,0
114371468404.0,Female,35.0,32-44,Bachelor's degree/ advanced diploma or equivalent,Bachelor's Degree,Working full-time (permanent),Professional,0
114359291453.0,Female,34.0,32-44,Bachelor's degree/ advanced diploma or equivalent,Bachelor's Degree,Working full-time (permanent),Elementary Occupations,1
114371433330.0,Female,38.0,32-44,Bachelor's degree/ advanced diploma or equivalent,Bachelor's Degree,Working full-time (permanent),Managers,0
114371535559.0,Male,36.0,32-44,Bachelor's degree/ advanced diploma or equivalent,Bachelor's Degree,Working full-time (permanent),Technician and Associate Professionals,0
114371391978.0,Female,35.0,32-44,Bachelor's degree/ advanced diploma or equivalent,Bachelor's Degree,Working full-time (permanent),Service and Sales Workers,1
114371405046.0,Male,35.0,32-44,Bachelor's degree/ advanced diploma or equivalent,Bachelor's Degree,Working full-time (contract),Elementary Occupations,1
114371470143.0,Male,23.0,23-26,Bachelor's degree/ advanced diploma or equivalent,Bachelor's Degree,Working full-time (permanent),Technician and Associate Professionals,0
114380632656.0,Female,36.0,32-44,Bachelor's degree/ advanced diploma or equivalent,Bachelor's Degree,Working full-time (permanent),Clerical Support Workers,1
114371445724.0,Female,25.0,23-26,Diploma/ certificates or equivalent,Diploma,Working full-time (permanent),Clerical Support Workers,1
114338527690.0,Female,29.0,27-31,Bachelor's degree/ advanced diploma or equivalent,Bachelor's Degree,Working full-time (permanent),Professional,0
114371400018.0,Male,25.0,23-26,Bachelor's degree/ advanced diploma or equivalent,Bachelor's Degree,Working full-time (permanent),Technician and Associate Professionals,0
114359960891.0,Female,27.0,27-31,Diploma/ certificates or equivalent,Diploma,Working full-time (permanent),Clerical Support Workers,1
114371752518.0,Male,35.0,32-44,Bachelor's degree/ advanced diploma or equivalent,Bachelor's Degree,Working full-time (permanent),Technician and Associate Professionals,0
114371467919.0,Female,32.0,32-44,Bachelor's degree/ advanced diploma or equivalent,Bachelor's Degree,Working full-time (permanent),Service and Sales Workers,1
114371494389.0,Female,40.0,32-44,Diploma/ certificates or equivalent,Diploma,Working part-time (permanent),Elementary Occupations,1
114371449683.0,Female,37.0,32-44,Diploma/ certificates or equivalent,Diploma,Working full-time (permanent),Service and Sales Workers,1
114371441100.0,Female,34.0,32-44,Diploma/ certificates or equivalent,Diploma,Working full-time (contract),Craft and Related Trades Workers,1
114350664111.0,Male,30.0,27-31,Bachelor's degree/ advanced diploma or equivalent,Bachelor's Degree,Working full-time (permanent),Managers,0
114371419723.0,Male,31.0,27-31,Bachelor's degree/ advanced diploma or equivalent,Bachelor's Degree,Working full-time (permanent),Service and Sales Workers,1
114371468971.0,Female,33.0,32-44,Diploma/ certificates or equivalent,Diploma,Working full-time (permanent),Managers,0
114326260795.0,Male,27.0,27-31,Bachelor's degree/ advanced diploma or equivalent,Bachelor's Degree,Working full-time (contract),Professional,0
114371422505.0,Female,33.0,32-44,Diploma/ certificates or equivalent,Diploma,Working full-time (permanent),Technician and Associate Professionals,0
114369693940.0,Male,34.0,32-44,Bachelor's degree/ advanced diploma or equivalent,Bachelor's Degree,Working full-time (permanent),Managers,0
114373251836.0,Female,32.0,32-44,Diploma/ certificates or equivalent,Diploma,Working full-time (contract),Professional,0
114371424333.0,Female,40.0,32-44,Bachelor's degree/ advanced diploma or equivalent,Bachelor's Degree,Working full-time (permanent),Clerical Support Workers,1
114371472787.0,Male,35.0,32-44,Diploma/ certificates or equivalent,Diploma,Working full-time (permanent),Service and Sales Workers,1
114348607640.0,Female,35.0,32-44,Bachelor's degree/ advanced diploma or equivalent,Bachelor's Degree,Working full-time (permanent),Technician and Associate Professionals,0
114371501025.0,Female,35.0,32-44,Diploma/ certificates or equivalent,Diploma,Working full-time (permanent),Service and Sales Workers,1
114371499991.0,Female,36.0,32-44,Diploma/ certificates or equivalent,Diploma,Working full-time (permanent),Elementary Occupations,1
114359242758.0,Female,36.0,32-44,Bachelor's degree/ advanced diploma or equivalent,Bachelor's Degree,Working full-time (permanent),Professional,0
114371389667.0,Male,36.0,32-44,Diploma/ certificates or equivalent,Diploma,Working full-time (permanent),Managers,0
114371489787.0,Male,37.0,32-44,Diploma/ certificates or equivalent,Diploma,Working full-time (permanent),Managers,0
114347783512.0,Female,27.0,27-31,Diploma/ certificates or equivalent,Diploma,Working full-time (permanent),Professional,0
114371477419.0,Female,25.0,23-26,Bachelor's degree/ advanced diploma or equivalent,Bachelor's Degree,Working full-time (contract),Clerical Support Workers,1
114371483716.0,Female,36.0,32-44,Bachelor's degree/ advanced diploma or equivalent,Bachelor's Degree,Working full-time (permanent),Technician and Associate Professionals,0
114371470787.0,Male,37.0,32-44,Bachelor's degree/ advanced diploma or equivalent,Bachelor's Degree,Working full-time (permanent),Technician and Associate Professionals,0
114362528471.0,Female,23.0,23-26,Diploma/ certificates or equivalent,Diploma,Working full-time (permanent),Technician and Associate Professionals,0
114371469467.0,Female,25.0,23-26,Diploma/ certificates or equivalent,Diploma,Working full-time (permanent),Professional,0
114375679844.0,Male,40.0,32-44,Bachelor's degree/ advanced diploma or equivalent,Bachelor's Degree,Working full-time (permanent),Professional,0
114371313632.0,Male,31.0,27-31,Diploma/ certificates or equivalent,Diploma,Working full-time (permanent),Technician and Associate Professionals,0
114371435431.0,Female,26.0,23-26,Diploma/ certificates or equivalent,Diploma,Working full-time (permanent),Managers,0
114371490408.0,Female,32.0,32-44,Diploma/ certificates or equivalent,Diploma,Working full-time (permanent),Managers,0
114371323792.0,Male,23.0,23-26,Diploma/ certificates or equivalent,Diploma,Working full-time (contract),Plant and Machine Operators and Assemblers,1
114371473831.0,Male,23.0,23-26,Diploma/ certificates or equivalent,Diploma,Working full-time (permanent),Elementary Occupations,1
114347732812.0,Female,29.0,27-31,Bachelor's degree/ advanced diploma or equivalent,Bachelor's Degree,Working full-time (permanent),Clerical Support Workers,1
114371484690.0,Female,33.0,32-44,Diploma/ certificates or equivalent,Diploma,Working full-time (contract),Professional,0
114371497065.0,Female,25.0,23-26,Bachelor's degree/ advanced diploma or equivalent,Bachelor's Degree,Working full-time (permanent),Professional,0
114371389785.0,Male,25.0,23-26,Diploma/ certificates or equivalent,Diploma,Working full-time (permanent),Professional,0
114371458528.0,Male,37.0,32-44,Diploma/ certificates or equivalent,Diploma,Working full-time (permanent),Elementary Occupations,1
114373766021.0,Male,35.0,32-44,Bachelor's degree/ advanced diploma or equivalent,Bachelor's Degree,Working full-time (permanent),Technician and Associate Professionals,0
114347749562.0,Female,29.0,27-31,Bachelor's degree/ advanced diploma or equivalent,Bachelor's Degree,Working full-time (permanent),Clerical Support Workers,1
114371425606.0,Male,44.0,32-44,Diploma/ certificates or equivalent,Diploma,Working full-time (contract),Elementary Occupations,1
114371482013.0,Female,33.0,32-44,Diploma/ certificates or equivalent,Diploma,Working full-time (permanent),Service and Sales Workers,1
114371482532.0,Female,25.0,23-26,Diploma/ certificates or equivalent,Diploma,Working part-time (permanent),Craft and Related Trades Workers,1
114371510207.0,Male,40.0,32-44,Bachelor's degree/ advanced diploma or equivalent,Bachelor's Degree,Working full-time (permanent),Managers,0
114371391164.0,Female,37.0,32-44,Diploma/ certificates or equivalent,Diploma,Working full-time (permanent),Clerical Support Workers,1
114371456491.0,Male,29.0,27-31,Bachelor's degree/ advanced diploma or equivalent,Bachelor's Degree,Working full-time (permanent),Technician and Associate Professionals,0
114347711134.0,Female,33.0,32-44,Bachelor's degree/ advanced diploma or equivalent,Bachelor's Degree,Working full-time (permanent),Managers,0
114348726876.0,Female,37.0,32-44,Bachelor's degree/ advanced diploma or equivalent,Bachelor's Degree,Working full-time (permanent),Professional,0
114371461424.0,Female,28.0,27-31,Diploma/ certificates or equivalent,Diploma,Working full-time (permanent),Technician and Associate Professionals,0
114371469508.0,Male,25.0,23-26,Bachelor's degree/ advanced diploma or equivalent,Bachelor's Degree,Working full-time (permanent),Technician and Associate Professionals,0
114371429258.0,Male,36.0,32-44,Diploma/ certificates or equivalent,Diploma,Working full-time (permanent),Managers,0
114371546281.0,Male,26.0,23-26,Bachelor's degree/ advanced diploma or equivalent,Bachelor's Degree,Working full-time (permanent),Managers,0
114371476706.0,Female,37.0,32-44,Diploma/ certificates or equivalent,Diploma,Working full-time (permanent),Managers,0
114371427151.0,Male,35.0,32-44,Diploma/ certificates or equivalent,Diploma,Working part-time (contract),Professional,0
114371468224.0,Male,32.0,32-44,Diploma/ certificates or equivalent,Diploma,Working full-time (permanent),Technician and Associate Professionals,0
114347708410.0,Female,27.0,27-31,Bachelor's degree/ advanced diploma or equivalent,Bachelor's Degree,Working full-time (permanent),Technician and Associate Professionals,0
114371273942.0,Female,39.0,32-44,Bachelor's degree/ advanced diploma or equivalent,Bachelor's Degree,Working full-time (permanent),Technician and Associate Professionals,0
114372280851.0,Female,30.0,27-31,Diploma/ certificates or equivalent,Diploma,Working full-time (permanent),Professional,0
114369594106.0,Female,36.0,32-44,Bachelor's degree/ advanced diploma or equivalent,Bachelor's Degree,Working full-time (permanent),Professional,0
114371456637.0,Female,30.0,27-31,Bachelor's degree/ advanced diploma or equivalent,Bachelor's Degree,Working full-time (permanent),Professional,0
114354512141.0,Female,28.0,27-31,Bachelor's degree/ advanced diploma or equivalent,Bachelor's Degree,Working full-time (permanent),Managers,0
114358705456.0,Male,25.0,23-26,Bachelor's degree/ advanced diploma or equivalent,Bachelor's Degree,Working full-time (permanent),Plant and Machine Operators and Assemblers,1
114375617847.0,Male,34.0,32-44,Diploma/ certificates or equivalent,Diploma,Working full-time (contract),Service and Sales Workers,1
114371584689.0,Male,29.0,27-31,Bachelor's degree/ advanced diploma or equivalent,Bachelor's Degree,Working full-time (permanent),Professional,0
114348658024.0,Male,28.0,27-31,Bachelor's degree/ advanced diploma or equivalent,Bachelor's Degree,Working full-time (permanent),Professional,0
114371486138.0,Female,37.0,32-44,Diploma/ certificates or equivalent,Diploma,Working full-time (permanent),Clerical Support Workers,1
114371398638.0,Female,35.0,32-44,Bachelor's degree/ advanced diploma or equivalent,Bachelor's Degree,Working full-time (permanent),Service and Sales Workers,1
114371240504.0,Female,34.0,32-44,Bachelor's degree/ advanced diploma or equivalent,Bachelor's Degree,Working full-time (permanent),Professional,0
114370482077.0,Female,31.0,27-31,Bachelor's degree/ advanced diploma or equivalent,Bachelor's Degree,Working full-time (permanent),Technician and Associate Professionals,0
114358706487.0,Male,28.0,27-31,Diploma/ certificates or equivalent,Diploma,Working full-time (permanent),Technician and Associate Professionals,0
114346361013.0,Male,27.0,27-31,Bachelor's degree/ advanced diploma or equivalent,Bachelor's Degree,Working full-time (permanent),Technician and Associate Professionals,0
114352591181.0,Male,29.0,27-31,Bachelor's degree/ advanced diploma or equivalent,Bachelor's Degree,Working full-time (permanent),Professional,0
114371508616.0,Male,28.0,27-31,Diploma/ certificates or equivalent,Diploma,Working full-time (permanent),Professional,0
114369617836.0,Male,36.0,32-44,Bachelor's degree/ advanced diploma or equivalent,Bachelor's Degree,Working full-time (permanent),Managers,0
114371424117.0,Female,36.0,32-44,Diploma/ certificates or equivalent,Diploma,Working full-time (permanent),Professional,0
114369566897.0,Male,35.0,32-44,Bachelor's degree/ advanced diploma or equivalent,Bachelor's Degree,Working full-time (permanent),Professional,0
114371450452.0,Female,32.0,32-44,Diploma/ certificates or equivalent,Diploma,Working part-time (permanent),Service and Sales Workers,1
114347713003.0,Female,28.0,27-31,Bachelor's degree/ advanced diploma or equivalent,Bachelor's Degree,Working full-time (permanent),Managers,0
114373299394.0,Female,29.0,27-31,Diploma/ certificates or equivalent,Diploma,Working full-time (contract),Craft and Related Trades Workers,1
114371475238.0,Female,40.0,32-44,Bachelor's degree/ advanced diploma or equivalent,Bachelor's Degree,Working full-time (permanent),"Skilled Agriculture, Forestry, Livestock and Fishery Workers",1
114347715331.0,Female,25.0,23-26,Diploma/ certificates or equivalent,Diploma,Working full-time (contract),Technician and Associate Professionals,0
114347709812.0,Male,24.0,23-26,Diploma/ certificates or equivalent,Diploma,Working full-time (contract),Professional,0
114371490140.0,Male,30.0,27-31,Diploma/ certificates or equivalent,Diploma,Working part-time (permanent),Craft and Related Trades Workers,1
114371464520.0,Male,38.0,32-44,Diploma/ certificates or equivalent,Diploma,Working full-time (contract),Service and Sales Workers,1
114371466940.0,Male,28.0,27-31,Bachelor's degree/ advanced diploma or equivalent,Bachelor's Degree,Working full-time (permanent),Service and Sales Workers,1
114371454540.0,Male,40.0,32-44,Bachelor's degree/ advanced diploma or equivalent,Bachelor's Degree,Working full-time (contract),Managers,0
114371422954.0,Male,36.0,32-44,Diploma/ certificates or equivalent,Diploma,Working full-time (permanent),Craft and Related Trades Workers,1
114371406398.0,Female,37.0,32-44,Diploma/ certificates or equivalent,Diploma,Working full-time (permanent),Managers,0
114371427075.0,Female,29.0,27-31,Bachelor's degree/ advanced diploma or equivalent,Bachelor's Degree,Working full-time (contract),Service and Sales Workers,1
114371507451.0,Female,32.0,32-44,Diploma/ certificates or equivalent,Diploma,Working full-time (permanent),Professional,0
114357824453.0,Male,29.0,27-31,Diploma/ certificates or equivalent,Diploma,Working full-time (contract),Technician and Associate Professionals,0
114371381441.0,Male,34.0,32-44,Diploma/ certificates or equivalent,Diploma,Working full-time (permanent),Plant and Machine Operators and Assemblers,1
114371403297.0,Male,32.0,32-44,Bachelor's degree/ advanced diploma or equivalent,Bachelor's Degree,Working full-time (contract),Clerical Support Workers,1
114371457228.0,Male,29.0,27-31,Diploma/ certificates or equivalent,Diploma,Working full-time (permanent),Professional,0
114371482780.0,Male,28.0,27-31,Bachelor's degree/ advanced diploma or equivalent,Bachelor's Degree,Working full-time (contract),"Skilled Agriculture, Forestry, Livestock and Fishery Workers",1
114371466172.0,Male,35.0,32-44,Diploma/ certificates or equivalent,Diploma,Working full-time (permanent),Technician and Associate Professionals,0
114371485087.0,Male,38.0,32-44,Bachelor's degree/ advanced diploma or equivalent,Bachelor's Degree,Working full-time (permanent),Technician and Associate Professionals,0
114371460521.0,Female,30.0,27-31,Diploma/ certificates or equivalent,Diploma,Working full-time (permanent),Technician and Associate Professionals,0
114371462517.0,Female,23.0,23-26,Diploma/ certificates or equivalent,Diploma,Working full-time (permanent),Elementary Occupations,1
114371497376.0,Female,34.0,32-44,Diploma/ certificates or equivalent,Diploma,Working part-time (contract),Clerical Support Workers,1
114371455335.0,Male,31.0,27-31,Diploma/ certificates or equivalent,Diploma,Working full-time (permanent),Elementary Occupations,1
114372192608.0,Male,35.0,32-44,Bachelor's degree/ advanced diploma or equivalent,Bachelor's Degree,Working full-time (permanent),Professional,0
114371462353.0,Male,29.0,27-31,Diploma/ certificates or equivalent,Diploma,Working full-time (permanent),Elementary Occupations,1
114371395303.0,Female,31.0,27-31,Diploma/ certificates or equivalent,Diploma,Working full-time (permanent),Elementary Occupations,1
114372169950.0,Male,37.0,32-44,Bachelor's degree/ advanced diploma or equivalent,Bachelor's Degree,Working full-time (permanent),Technician and Associate Professionals,0
114371472360.0,Male,36.0,32-44,Diploma/ certificates or equivalent,Diploma,Working full-time (permanent),Elementary Occupations,1
114371462533.0,Male,31.0,27-31,Bachelor's degree/ advanced diploma or equivalent,Bachelor's Degree,Working full-time (permanent),Technician and Associate Professionals,0
114371505421.0,Female,31.0,27-31,Bachelor's degree/ advanced diploma or equivalent,Bachelor's Degree,Working full-time (permanent),Service and Sales Workers,1
114371472337.0,Female,24.0,23-26,Diploma/ certificates or equivalent,Diploma,Working full-time (permanent),Clerical Support Workers,1
114347738655.0,Female,27.0,27-31,Diploma/ certificates or equivalent,Diploma,Working full-time (permanent),Professional,0
114371489360.0,Female,39.0,32-44,Diploma/ certificates or equivalent,Diploma,Working full-time (permanent),Clerical Support Workers,1
114350545318.0,Male,40.0,32-44,Bachelor's degree/ advanced diploma or equivalent,Bachelor's Degree,Working full-time (permanent),Professional,0
114371450920.0,Male,27.0,27-31,Diploma/ certificates or equivalent,Diploma,Working full-time (permanent),Technician and Associate Professionals,0
114371495145.0,Male,25.0,23-26,Diploma/ certificates or equivalent,Diploma,Working part-time (permanent),Technician and Associate Professionals,0
114369703067.0,Male,35.0,32-44,Bachelor's degree/ advanced diploma or equivalent,Bachelor's Degree,Working full-time (permanent),Managers,0
114371482552.0,Female,36.0,32-44,Diploma/ certificates or equivalent,Diploma,Working full-time (permanent),Technician and Associate Professionals,0
114337186194.0,Female,27.0,27-31,Diploma/ certificates or equivalent,Diploma,Working full-time (permanent),Managers,0
114347754553.0,Male,26.0,23-26,Bachelor's degree/ advanced diploma or equivalent,Bachelor's Degree,Working full-time (permanent),Technician and Associate Professionals,0
114372149834.0,Female,41.0,32-44,Bachelor's degree/ advanced diploma or equivalent,Bachelor's Degree,Working full-time (permanent),Managers,0
114347698495.0,Male,41.0,32-44,Diploma/ certificates or equivalent,Diploma,Working full-time (permanent),Technician and Associate Professionals,0
114371456462.0,Male,34.0,32-44,Diploma/ certificates or equivalent,Diploma,Working full-time (permanent),Technician and Associate Professionals,0
114369615266.0,Female,36.0,32-44,Bachelor's degree/ advanced diploma or equivalent,Bachelor's Degree,Working full-time (permanent),Managers,0
114347731728.0,Female,29.0,27-31,Bachelor's degree/ advanced diploma or equivalent,Bachelor's Degree,Working full-time (permanent),Service and Sales Workers,1
114371396559.0,Male,32.0,32-44,Diploma/ certificates or equivalent,Diploma,Working full-time (permanent),Technician and Associate Professionals,0
114370364295.0,Female,35.0,32-44,Bachelor's degree/ advanced diploma or equivalent,Bachelor's Degree,Working full-time (permanent),Professional,0
114371432376.0,Male,28.0,27-31,Diploma/ certificates or equivalent,Diploma,Working full-time (permanent),Managers,0
114371487840.0,Male,39.0,32-44,Diploma/ certificates or equivalent,Diploma,Working full-time (contract),Managers,0
114371457522.0,Female,30.0,27-31,Diploma/ certificates or equivalent,Diploma,Working full-time (permanent),Managers,0
114358715104.0,Female,27.0,27-31,Bachelor's degree/ advanced diploma or equivalent,Bachelor's Degree,Working full-time (contract),Managers,0
114375633601.0,Male,36.0,32-44,Bachelor's degree/ advanced diploma or equivalent,Bachelor's Degree,Working full-time (permanent),Managers,0
114359283201.0,Female,34.0,32-44,Diploma/ certificates or equivalent,Diploma,Working full-time (permanent),Clerical Support Workers,1
114375483177.0,Female,34.0,32-44,Bachelor's degree/ advanced diploma or equivalent,Bachelor's Degree,Working full-time (contract),Managers,0
114371422172.0,Male,39.0,32-44,Bachelor's degree/ advanced diploma or equivalent,Bachelor's Degree,Working full-time (permanent),Technician and Associate Professionals,0
114371507518.0,Female,29.0,27-31,Bachelor's degree/ advanced diploma or equivalent,Bachelor's Degree,Working full-time (permanent),Professional,0
114371470733.0,Female,26.0,23-26,Diploma/ certificates or equivalent,Diploma,Working full-time (permanent),Managers,0
114371505005.0,Female,24.0,23-26,Bachelor's degree/ advanced diploma or equivalent,Bachelor's Degree,Working full-time (permanent),Professional,0
114369619684.0,Female,35.0,32-44,Bachelor's degree/ advanced diploma or equivalent,Bachelor's Degree,Working full-time (permanent),Professional,0
114371513528.0,Female,30.0,27-31,Diploma/ certificates or equivalent,Diploma,Working full-time (permanent),Technician and Associate Professionals,0
114371533295.0,Female,26.0,23-26,Bachelor's degree/ advanced diploma or equivalent,Bachelor's Degree,Working full-time (permanent),Clerical Support Workers,1
114369672690.0,Male,36.0,32-44,Bachelor's degree/ advanced diploma or equivalent,Bachelor's Degree,Working full-time (permanent),Service and Sales Workers,1
114371477430.0,Male,34.0,32-44,Diploma/ certificates or equivalent,Diploma,Working full-time (permanent),Craft and Related Trades Workers,1
114371463639.0,Female,37.0,32-44,Diploma/ certificates or equivalent,Diploma,Working full-time (permanent),Managers,0
114347762196.0,Male,27.0,27-31,Bachelor's degree/ advanced diploma or equivalent,Bachelor's Degree,Working full-time (contract),Professional,0
114371482122.0,Female,40.0,32-44,Bachelor's degree/ advanced diploma or equivalent,Bachelor's Degree,Working full-time (permanent),Managers,0
114371426003.0,Female,35.0,32-44,Diploma/ certificates or equivalent,Diploma,Working full-time (permanent),Technician and Associate Professionals,0
114371464932.0,Female,23.0,23-26,Bachelor's degree/ advanced diploma or equivalent,Bachelor's Degree,Working full-time (permanent),Elementary Occupations,1
114337416617.0,Male,36.0,32-44,Bachelor's degree/ advanced diploma or equivalent,Bachelor's Degree,Working full-time (permanent),Service and Sales Workers,1
114377538454.0,Female,34.0,32-44,Bachelor's degree/ advanced diploma or equivalent,Bachelor's Degree,Working full-time (contract),Managers,0
114371496541.0,Female,33.0,32-44,Bachelor's degree/ advanced diploma or equivalent,Bachelor's Degree,Working full-time (permanent),Craft and Related Trades Workers,1
114347933142.0,Female,26.0,23-26,Bachelor's degree/ advanced diploma or equivalent,Bachelor's Degree,Working full-time (permanent),Service and Sales Workers,1
114371484971.0,Male,30.0,27-31,Diploma/ certificates or equivalent,Diploma,Working full-time (permanent),Clerical Support Workers,1
114358740200.0,Male,28.0,27-31,Bachelor's degree/ advanced diploma or equivalent,Bachelor's Degree,Working full-time (permanent),Professional,0
114371323744.0,Female,33.0,32-44,Diploma/ certificates or equivalent,Diploma,Working full-time (permanent),Clerical Support Workers,1
114371481607.0,Male,36.0,32-44,Diploma/ certificates or equivalent,Diploma,Working full-time (permanent),Elementary Occupations,1
114347713069.0,Male,27.0,27-31,Bachelor's degree/ advanced diploma or equivalent,Bachelor's Degree,Working full-time (permanent),Professional,0
114350504012.0,Male,37.0,32-44,Bachelor's degree/ advanced diploma or equivalent,Bachelor's Degree,Working full-time (permanent),Professional,0
114371504404.0,Female,29.0,27-31,Diploma/ certificates or equivalent,Diploma,Working full-time (permanent),Professional,0
114373152691.0,Male,38.0,32-44,Bachelor's degree/ advanced diploma or equivalent,Bachelor's Degree,Working full-time (permanent),Professional,0
114371485506.0,Female,29.0,27-31,Diploma/ certificates or equivalent,Diploma,Working part-time (contract),Professional,0
114371473503.0,Male,34.0,32-44,Diploma/ certificates or equivalent,Diploma,Working full-time (permanent),Technician and Associate Professionals,0
114371515320.0,Male,25.0,23-26,Bachelor's degree/ advanced diploma or equivalent,Bachelor's Degree,Working full-time (permanent),Service and Sales Workers,1
114371394096.0,Female,31.0,27-31,Bachelor's degree/ advanced diploma or equivalent,Bachelor's Degree,Working full-time (permanent),Service and Sales Workers,1
114326274014.0,Male,27.0,27-31,Bachelor's degree/ advanced diploma or equivalent,Bachelor's Degree,Working full-time (permanent),Managers,0
114358707897.0,Male,28.0,27-31,Diploma/ certificates or equivalent,Diploma,Working full-time (permanent),Technician and Associate Professionals,0
114371515835.0,Male,28.0,27-31,Diploma/ certificates or equivalent,Diploma,Working full-time (permanent),Plant and Machine Operators and Assemblers,1
114373668762.0,Female,35.0,32-44,Diploma/ certificates or equivalent,Diploma,Working full-time (permanent),Technician and Associate Professionals,0
114371511794.0,Female,32.0,32-44,Diploma/ certificates or equivalent,Diploma,Working full-time (permanent),Professional,0
114371468072.0,Female,40.0,32-44,Diploma/ certificates or equivalent,Diploma,Working full-time (permanent),Professional,0
114371534202.0,Female,37.0,32-44,Bachelor's degree/ advanced diploma or equivalent,Bachelor's Degree,Working full-time (permanent),Technician and Associate Professionals,0
114347727328.0,Female,39.0,32-44,Bachelor's degree/ advanced diploma or equivalent,Bachelor's Degree,Working full-time (permanent),Managers,0
114375787531.0,Male,37.0,32-44,Bachelor's degree/ advanced diploma or equivalent,Bachelor's Degree,Working full-time (permanent),Craft and Related Trades Workers,1
114369647637.0,Female,29.0,27-31,Diploma/ certificates or equivalent,Diploma,Working full-time (permanent),Technician and Associate Professionals,0
114371473182.0,Female,33.0,32-44,Diploma/ certificates or equivalent,Diploma,Working full-time (permanent),Clerical Support Workers,1
114372167344.0,Female,33.0,32-44,Bachelor's degree/ advanced diploma or equivalent,Bachelor's Degree,Working full-time (permanent),Clerical Support Workers,1
114371422113.0,Female,29.0,27-31,Diploma/ certificates or equivalent,Diploma,Working full-time (permanent),Armed forces/uniform,1
114371457301.0,Male,36.0,32-44,Diploma/ certificates or equivalent,Diploma,Working full-time (permanent),Managers,0
114348540472.0,Male,35.0,32-44,Bachelor's degree/ advanced diploma or equivalent,Bachelor's Degree,Working full-time (permanent),Technician and Associate Professionals,0
114358875468.0,Male,26.0,23-26,Diploma/ certificates or equivalent,Diploma,Working full-time (permanent),Technician and Associate Professionals,0
114371479283.0,Male,40.0,32-44,Diploma/ certificates or equivalent,Diploma,Working full-time (permanent),Elementary Occupations,1
114361635612.0,Male,25.0,23-26,Diploma/ certificates or equivalent,Diploma,Working full-time (permanent),Managers,0
114369708845.0,Female,36.0,32-44,Bachelor's degree/ advanced diploma or equivalent,Bachelor's Degree,Working full-time (permanent),Professional,0
114348528492.0,Female,34.0,32-44,Bachelor's degree/ advanced diploma or equivalent,Bachelor's Degree,Working full-time (permanent),Technician and Associate Professionals,0
114371466804.0,Female,27.0,27-31,Bachelor's degree/ advanced diploma or equivalent,Bachelor's Degree,Working part-time (permanent),Elementary Occupations,1
114358706971.0,Male,25.0,23-26,Bachelor's degree/ advanced diploma or equivalent,Bachelor's Degree,Working full-time (contract),Technician and Associate Professionals,0
114358974697.0,Female,26.0,23-26,Bachelor's degree/ advanced diploma or equivalent,Bachelor's Degree,Working full-time (permanent),Technician and Associate Professionals,0
114371459297.0,Female,33.0,32-44,Diploma/ certificates or equivalent,Diploma,Working full-time (permanent),Professional,0
114372103422.0,Male,40.0,32-44,Diploma/ certificates or equivalent,Diploma,Working full-time (permanent),Craft and Related Trades Workers,1
114371465083.0,Male,32.0,32-44,Diploma/ certificates or equivalent,Diploma,Working full-time (permanent),Elementary Occupations,1
114371630641.0,Male,28.0,27-31,Bachelor's degree/ advanced diploma or equivalent,Bachelor's Degree,Working full-time (permanent),Professional,0
114371468227.0,Female,38.0,32-44,Diploma/ certificates or equivalent,Diploma,Working full-time (permanent),Service and Sales Workers,1
114347479216.0,Female,31.0,27-31,Bachelor's degree/ advanced diploma or equivalent,Bachelor's Degree,Working full-time (permanent),Professional,0
114371762641.0,Female,33.0,32-44,Diploma/ certificates or equivalent,Diploma,Working full-time (permanent),Technician and Associate Professionals,0
114371413008.0,Male,43.0,32-44,Diploma/ certificates or equivalent,Diploma,Working full-time (permanent),Professional,0
114371480735.0,Male,28.0,27-31,Diploma/ certificates or equivalent,Diploma,Working full-time (permanent),Elementary Occupations,1
114371457051.0,Female,37.0,32-44,Bachelor's degree/ advanced diploma or equivalent,Bachelor's Degree,Working full-time (permanent),Managers,0
114351442560.0,Female,36.0,32-44,Diploma/ certificates or equivalent,Diploma,Working full-time (permanent),Professional,0
114371460029.0,Female,29.0,27-31,Diploma/ certificates or equivalent,Diploma,Working full-time (permanent),Clerical Support Workers,1
114349567238.0,Male,27.0,27-31,Diploma/ certificates or equivalent,Diploma,Working full-time (permanent),Technician and Associate Professionals,0
114371457670.0,Male,32.0,32-44,Diploma/ certificates or equivalent,Diploma,Working full-time (permanent),Managers,0
114371483839.0,Female,37.0,32-44,Diploma/ certificates or equivalent,Diploma,Working full-time (contract),Managers,0
114371461756.0,Female,29.0,27-31,Diploma/ certificates or equivalent,Diploma,Working full-time (permanent),Service and Sales Workers,1
114348499787.0,Female,27.0,27-31,Bachelor's degree/ advanced diploma or equivalent,Bachelor's Degree,Working full-time (contract),Managers,0
114371494733.0,Female,28.0,27-31,Diploma/ certificates or equivalent,Diploma,Working full-time (permanent),Technician and Associate Professionals,0
114371498639.0,Female,23.0,23-26,Diploma/ certificates or equivalent,Diploma,Working full-time (permanent),Clerical Support Workers,1
114347746316.0,Female,30.0,27-31,Bachelor's degree/ advanced diploma or equivalent,Bachelor's Degree,Working full-time (permanent),Technician and Associate Professionals,0
114371457558.0,Female,23.0,23-26,Diploma/ certificates or equivalent,Diploma,Working full-time (permanent),Professional,0
114347704173.0,Female,26.0,23-26,Bachelor's degree/ advanced diploma or equivalent,Bachelor's Degree,Working full-time (permanent),Managers,0
114371476503.0,Female,24.0,23-26,Diploma/ certificates or equivalent,Diploma,Working full-time (permanent),Managers,0
114348490069.0,Female,28.0,27-31,Diploma/ certificates or equivalent,Diploma,Working full-time (permanent),Professional,0
114371474010.0,Female,40.0,32-44,Bachelor's degree/ advanced diploma or equivalent,Bachelor's Degree,Working full-time (permanent),Managers,0
114346091134.0,Female,25.0,23-26,Bachelor's degree/ advanced diploma or equivalent,Bachelor's Degree,Working full-time (permanent),Professional,0
114328054352.0,Female,29.0,27-31,Bachelor's degree/ advanced diploma or equivalent,Bachelor's Degree,Working full-time (permanent),Professional,0
114371466181.0,Female,31.0,27-31,Bachelor's degree/ advanced diploma or equivalent,Bachelor's Degree,Working full-time (permanent),Managers,0
114371467043.0,Male,30.0,27-31,Diploma/ certificates or equivalent,Diploma,Working full-time (contract),Technician and Associate Professionals,0
114355193916.0,Male,38.0,32-44,Bachelor's degree/ advanced diploma or equivalent,Bachelor's Degree,Working full-time (permanent),Managers,0
114371462004.0,Female,28.0,27-31,Bachelor's degree/ advanced diploma or equivalent,Bachelor's Degree,Working full-time (permanent),Technician and Associate Professionals,0
114371475225.0,Female,31.0,27-31,Diploma/ certificates or equivalent,Diploma,Working full-time (permanent),Technician and Associate Professionals,0
114347700587.0,Female,26.0,23-26,Bachelor's degree/ advanced diploma or equivalent,Bachelor's Degree,Working full-time (permanent),Service and Sales Workers,1
114371516696.0,Female,39.0,32-44,Bachelor's degree/ advanced diploma or equivalent,Bachelor's Degree,Working full-time (permanent),Service and Sales Workers,1
114371480478.0,Male,31.0,27-31,Diploma/ certificates or equivalent,Diploma,Working full-time (permanent),Elementary Occupations,1
114371479086.0,Male,39.0,32-44,Diploma/ certificates or equivalent,Diploma,Working full-time (permanent),Professional,0
114371400398.0,Male,30.0,27-31,Diploma/ certificates or equivalent,Diploma,Working full-time (permanent),Technician and Associate Professionals,0
114371480365.0,Female,38.0,32-44,Diploma/ certificates or equivalent,Diploma,Working full-time (permanent),Technician and Associate Professionals,0
114369578423.0,Female,37.0,32-44,Bachelor's degree/ advanced diploma or equivalent,Bachelor's Degree,Working full-time (permanent),Managers,0
114337204593.0,Male,28.0,27-31,Bachelor's degree/ advanced diploma or equivalent,Bachelor's Degree,Working full-time (permanent),Professional,0
114359218177.0,Male,35.0,32-44,Bachelor's degree/ advanced diploma or equivalent,Bachelor's Degree,Working full-time (contract),Managers,0
114371334607.0,Female,27.0,27-31,Bachelor's degree/ advanced diploma or equivalent,Bachelor's Degree,Working full-time (permanent),Professional,0
114371482692.0,Female,36.0,32-44,Diploma/ certificates or equivalent,Diploma,Working full-time (permanent),Elementary Occupations,1
114371466137.0,Female,36.0,32-44,Bachelor's degree/ advanced diploma or equivalent,Bachelor's Degree,Working full-time (permanent),Professional,0
114371408636.0,Male,38.0,32-44,Bachelor's degree/ advanced diploma or equivalent,Bachelor's Degree,Working full-time (permanent),Professional,0
114347759173.0,Female,31.0,27-31,Bachelor's degree/ advanced diploma or equivalent,Bachelor's Degree,Working full-time (permanent),Managers,0
114371406109.0,Male,33.0,32-44,Diploma/ certificates or equivalent,Diploma,Working full-time (permanent),"Skilled Agriculture, Forestry, Livestock and Fishery Workers",1
114371469125.0,Female,37.0,32-44,Bachelor's degree/ advanced diploma or equivalent,Bachelor's Degree,Working full-time (permanent),Professional,0
114371397498.0,Female,37.0,32-44,Diploma/ certificates or equivalent,Diploma,Working full-time (permanent),Professional,0
114369632983.0,Female,35.0,32-44,Bachelor's degree/ advanced diploma or equivalent,Bachelor's Degree,Working full-time (permanent),Professional,0
114371470096.0,Female,25.0,23-26,Bachelor's degree/ advanced diploma or equivalent,Bachelor's Degree,Working full-time (permanent),Clerical Support Workers,1
114372217037.0,Female,27.0,27-31,Bachelor's degree/ advanced diploma or equivalent,Bachelor's Degree,Working full-time (permanent),Managers,0
114371417035.0,Male,34.0,32-44,Bachelor's degree/ advanced diploma or equivalent,Bachelor's Degree,Working full-time (permanent),Managers,0
114358768347.0,Male,28.0,27-31,Bachelor's degree/ advanced diploma or equivalent,Bachelor's Degree,Working full-time (contract),Managers,0
114371571734.0,Female,41.0,32-44,Bachelor's degree/ advanced diploma or equivalent,Bachelor's Degree,Working full-time (permanent),Technician and Associate Professionals,0
114371287233.0,Female,35.0,32-44,Bachelor's degree/ advanced diploma or equivalent,Bachelor's Degree,Working full-time (permanent),Technician and Associate Professionals,0
114370370176.0,Male,37.0,32-44,Bachelor's degree/ advanced diploma or equivalent,Bachelor's Degree,Working full-time (permanent),Managers,0
114371448778.0,Female,23.0,23-26,Diploma/ certificates or equivalent,Diploma,Working full-time (permanent),Service and Sales Workers,1
114371478072.0,Male,28.0,27-31,Diploma/ certificates or equivalent,Diploma,Working full-time (permanent),Elementary Occupations,1
114371438120.0,Female,29.0,27-31,Diploma/ certificates or equivalent,Diploma,Working full-time (permanent),Technician and Associate Professionals,0
114371459804.0,Female,29.0,27-31,Bachelor's degree/ advanced diploma or equivalent,Bachelor's Degree,Working full-time (contract),Professional,0
114371464992.0,Female,33.0,32-44,Diploma/ certificates or equivalent,Diploma,Working full-time (permanent),Managers,0
114371450454.0,Female,36.0,32-44,Bachelor's degree/ advanced diploma or equivalent,Bachelor's Degree,Working full-time (permanent),Professional,0
114371441430.0,Female,23.0,23-26,Bachelor's degree/ advanced diploma or equivalent,Bachelor's Degree,Working full-time (permanent),Service and Sales Workers,1
114369628478.0,Female,35.0,32-44,Bachelor's degree/ advanced diploma or equivalent,Bachelor's Degree,Working full-time (permanent),Clerical Support Workers,1
114371729704.0,Female,37.0,32-44,Diploma/ certificates or equivalent,Diploma,Working full-time (permanent),Managers,0
114347766306.0,Male,27.0,27-31,Bachelor's degree/ advanced diploma or equivalent,Bachelor's Degree,Working full-time (permanent),Technician and Associate Professionals,0
114347701307.0,Male,27.0,27-31,Diploma/ certificates or equivalent,Diploma,Working full-time (permanent),Professional,0
114371463857.0,Female,31.0,27-31,Bachelor's degree/ advanced diploma or equivalent,Bachelor's Degree,Working full-time (permanent),Technician and Associate Professionals,0
114371424972.0,Female,38.0,32-44,Diploma/ certificates or equivalent,Diploma,Working full-time (permanent),Professional,0
114347843036.0,Male,26.0,23-26,Diploma/ certificates or equivalent,Diploma,Working full-time (permanent),Technician and Associate Professionals,0
114371465207.0,Female,37.0,32-44,Diploma/ certificates or equivalent,Diploma,Working full-time (permanent),Technician and Associate Professionals,0
114371563331.0,Female,34.0,32-44,Diploma/ certificates or equivalent,Diploma,Working full-time (permanent),Clerical Support Workers,1
114371455313.0,Female,33.0,32-44,Bachelor's degree/ advanced diploma or equivalent,Bachelor's Degree,Working full-time (permanent),Managers,0
114371474726.0,Female,43.0,32-44,Bachelor's degree/ advanced diploma or equivalent,Bachelor's Degree,Working full-time (contract),Managers,0
114371444752.0,Female,26.0,23-26,Diploma/ certificates or equivalent,Diploma,Working full-time (permanent),Elementary Occupations,1
114358710520.0,Male,28.0,27-31,Bachelor's degree/ advanced diploma or equivalent,Bachelor's Degree,Working full-time (permanent),Professional,0
114371414971.0,Female,33.0,32-44,Diploma/ certificates or equivalent,Diploma,Working full-time (permanent),Clerical Support Workers,1
114347703739.0,Male,31.0,27-31,Bachelor's degree/ advanced diploma or equivalent,Bachelor's Degree,Working full-time (permanent),Technician and Associate Professionals,0
114371466969.0,Male,33.0,32-44,Diploma/ certificates or equivalent,Diploma,Working full-time (permanent),Managers,0
114371472870.0,Female,36.0,32-44,Bachelor's degree/ advanced diploma or equivalent,Bachelor's Degree,Working full-time (permanent),Professional,0
114371496879.0,Female,24.0,23-26,Diploma/ certificates or equivalent,Diploma,Working full-time (permanent),Service and Sales Workers,1
114376357486.0,Female,26.0,23-26,Bachelor's degree/ advanced diploma or equivalent,Bachelor's Degree,Working full-time (permanent),Professional,0
114371441703.0,Male,33.0,32-44,Diploma/ certificates or equivalent,Diploma,Working full-time (permanent),Professional,0
114371466365.0,Female,31.0,27-31,Bachelor's degree/ advanced diploma or equivalent,Bachelor's Degree,Working full-time (permanent),Professional,0
114375629522.0,Male,36.0,32-44,Bachelor's degree/ advanced diploma or equivalent,Bachelor's Degree,Working full-time (permanent),Professional,0
114371410353.0,Male,33.0,32-44,Diploma/ certificates or equivalent,Diploma,Working full-time (permanent),"Skilled Agriculture, Forestry, Livestock and Fishery Workers",1
114371421134.0,Female,41.0,32-44,Diploma/ certificates or equivalent,Diploma,Working full-time (permanent),Technician and Associate Professionals,0
114370619972.0,Female,27.0,27-31,Diploma/ certificates or equivalent,Diploma,Working full-time (permanent),Technician and Associate Professionals,0
114371528003.0,Female,37.0,32-44,Bachelor's degree/ advanced diploma or equivalent,Bachelor's Degree,Working full-time (permanent),Managers,0
114371480067.0,Female,38.0,32-44,Diploma/ certificates or equivalent,Diploma,Working full-time (permanent),Managers,0
114369671465.0,Male,36.0,32-44,Bachelor's degree/ advanced diploma or equivalent,Bachelor's Degree,Working full-time (permanent),Technician and Associate Professionals,0
114371485611.0,Male,33.0,32-44,Diploma/ certificates or equivalent,Diploma,Working full-time (permanent),Technician and Associate Professionals,0
114371427840.0,Male,25.0,23-26,Diploma/ certificates or equivalent,Diploma,Working full-time (permanent),Managers,0
114371443134.0,Female,23.0,23-26,Bachelor's degree/ advanced diploma or equivalent,Bachelor's Degree,Working full-time (permanent),"Skilled Agriculture, Forestry, Livestock and Fishery Workers",1
114371316653.0,Female,27.0,27-31,Bachelor's degree/ advanced diploma or equivalent,Bachelor's Degree,Working part-time (contract),"Skilled Agriculture, Forestry, Livestock and Fishery Workers",1
114371469496.0,Female,38.0,32-44,Diploma/ certificates or equivalent,Diploma,Working full-time (permanent),Technician and Associate Professionals,0
114371504874.0,Male,34.0,32-44,Diploma/ certificates or equivalent,Diploma,Working full-time (permanent),Managers,0
114371466198.0,Female,23.0,23-26,Diploma/ certificates or equivalent,Diploma,Working full-time (contract),Elementary Occupations,1
114371493121.0,Male,32.0,32-44,Diploma/ certificates or equivalent,Diploma,Working full-time (contract),Professional,0
114371429741.0,Female,33.0,32-44,Diploma/ certificates or equivalent,Diploma,Working full-time (permanent),Managers,0
114371495240.0,Female,33.0,32-44,Diploma/ certificates or equivalent,Diploma,Working full-time (permanent),Clerical Support Workers,1
114371743980.0,Female,24.0,23-26,Diploma/ certificates or equivalent,Diploma,Working full-time (permanent),Technician and Associate Professionals,0
114371413141.0,Male,24.0,23-26,Bachelor's degree/ advanced diploma or equivalent,Bachelor's Degree,Working full-time (permanent),Plant and Machine Operators and Assemblers,1
114371469579.0,Female,31.0,27-31,Diploma/ certificates or equivalent,Diploma,Working full-time (permanent),Clerical Support Workers,1
114371459953.0,Female,34.0,32-44,Diploma/ certificates or equivalent,Diploma,Working full-time (permanent),Managers,0
114371450200.0,Female,33.0,32-44,Bachelor's degree/ advanced diploma or equivalent,Bachelor's Degree,Working full-time (permanent),Professional,0
114348697153.0,Female,28.0,27-31,Bachelor's degree/ advanced diploma or equivalent,Bachelor's Degree,Working full-time (permanent),Professional,0
114358790725.0,Female,28.0,27-31,Diploma/ certificates or equivalent,Diploma,Working full-time (permanent),Clerical Support Workers,1
114371462774.0,Female,32.0,32-44,Diploma/ certificates or equivalent,Diploma,Working full-time (contract),Professional,0
114369684590.0,Male,34.0,32-44,Bachelor's degree/ advanced diploma or equivalent,Bachelor's Degree,Working full-time (contract),Technician and Associate Professionals,0
114371445755.0,Male,34.0,32-44,Diploma/ certificates or equivalent,Diploma,Working full-time (permanent),Plant and Machine Operators and Assemblers,1
114371452100.0,Female,35.0,32-44,Diploma/ certificates or equivalent,Diploma,Working part-time (permanent),Professional,0
114372303857.0,Male,33.0,32-44,Diploma/ certificates or equivalent,Diploma,Working full-time (permanent),Managers,0
114371496157.0,Female,35.0,32-44,Bachelor's degree/ advanced diploma or equivalent,Bachelor's Degree,Working part-time (permanent),Managers,0
114371458453.0,Female,31.0,27-31,Diploma/ certificates or equivalent,Diploma,Working full-time (permanent),Clerical Support Workers,1
114371458128.0,Male,27.0,27-31,Diploma/ certificates or equivalent,Diploma,Working full-time (contract),Service and Sales Workers,1
114347814778.0,Female,27.0,27-31,Bachelor's degree/ advanced diploma or equivalent,Bachelor's Degree,Working full-time (permanent),Clerical Support Workers,1
114371432620.0,Female,37.0,32-44,Diploma/ certificates or equivalent,Diploma,Working full-time (permanent),Technician and Associate Professionals,0
114371457182.0,Female,36.0,32-44,Diploma/ certificates or equivalent,Diploma,Working full-time (permanent),Elementary Occupations,1
114371458816.0,Female,23.0,23-26,Diploma/ certificates or equivalent,Diploma,Working full-time (permanent),Service and Sales Workers,1
114371470648.0,Male,37.0,32-44,Bachelor's degree/ advanced diploma or equivalent,Bachelor's Degree,Working full-time (permanent),Craft and Related Trades Workers,1
114371303852.0,Female,25.0,23-26,Bachelor's degree/ advanced diploma or equivalent,Bachelor's Degree,Working full-time (permanent),Managers,0
114379659913.0,Male,37.0,32-44,Bachelor's degree/ advanced diploma or equivalent,Bachelor's Degree,Working full-time (permanent),Technician and Associate Professionals,0
114347753370.0,Male,27.0,27-31,Diploma/ certificates or equivalent,Diploma,Working full-time (contract),Craft and Related Trades Workers,1
114347761788.0,Male,27.0,27-31,Diploma/ certificates or equivalent,Diploma,Working full-time (contract),Technician and Associate Professionals,0
114371469734.0,Female,29.0,27-31,Diploma/ certificates or equivalent,Diploma,Working full-time (contract),Elementary Occupations,1
114371465976.0,Female,25.0,23-26,Diploma/ certificates or equivalent,Diploma,Working full-time (contract),Professional,0
114371398217.0,Female,35.0,32-44,Diploma/ certificates or equivalent,Diploma,Working full-time (permanent),Technician and Associate Professionals,0
114348493470.0,Female,34.0,32-44,Diploma/ certificates or equivalent,Diploma,Working full-time (permanent),Professional,0
114360111596.0,Female,26.0,23-26,Bachelor's degree/ advanced diploma or equivalent,Bachelor's Degree,Working full-time (permanent),Technician and Associate Professionals,0
114371330452.0,Female,25.0,23-26,Bachelor's degree/ advanced diploma or equivalent,Bachelor's Degree,Working full-time (permanent),Managers,0
114375837292.0,Female,36.0,32-44,Bachelor's degree/ advanced diploma or equivalent,Bachelor's Degree,Working full-time (permanent),Managers,0
114371501430.0,Male,33.0,32-44,Diploma/ certificates or equivalent,Diploma,Working full-time (permanent),Managers,0
114371454409.0,Female,29.0,27-31,Diploma/ certificates or equivalent,Diploma,Working full-time (permanent),Technician and Associate Professionals,0
114371473749.0,Male,34.0,32-44,Diploma/ certificates or equivalent,Diploma,Working full-time (permanent),Technician and Associate Professionals,0
114371457965.0,Male,26.0,23-26,Diploma/ certificates or equivalent,Diploma,Working full-time (contract),Technician and Associate Professionals,0
114371412465.0,Male,37.0,32-44,Diploma/ certificates or equivalent,Diploma,Working full-time (permanent),Service and Sales Workers,1
114371472984.0,Male,39.0,32-44,Diploma/ certificates or equivalent,Diploma,Working full-time (permanent),Elementary Occupations,1
114371400592.0,Female,23.0,23-26,Diploma/ certificates or equivalent,Diploma,Working full-time (permanent),Professional,0
114347728878.0,Male,28.0,27-31,Bachelor's degree/ advanced diploma or equivalent,Bachelor's Degree,Working full-time (permanent),Professional,0
114371616962.0,Male,35.0,32-44,Bachelor's degree/ advanced diploma or equivalent,Bachelor's Degree,Working full-time (permanent),Professional,0
114371507076.0,Female,32.0,32-44,Diploma/ certificates or equivalent,Diploma,Working full-time (permanent),Technician and Associate Professionals,0
114371483440.0,Male,25.0,23-26,Bachelor's degree/ advanced diploma or equivalent,Bachelor's Degree,Working full-time (permanent),Managers,0
114371450001.0,Female,35.0,32-44,Diploma/ certificates or equivalent,Diploma,Working full-time (permanent),Managers,0
114371492743.0,Male,36.0,32-44,Bachelor's degree/ advanced diploma or equivalent,Bachelor's Degree,Working full-time (permanent),Professional,0
114371447811.0,Female,40.0,32-44,Bachelor's degree/ advanced diploma or equivalent,Bachelor's Degree,Working full-time (permanent),Clerical Support Workers,1
114369702640.0,Female,33.0,32-44,Bachelor's degree/ advanced diploma or equivalent,Bachelor's Degree,Working full-time (permanent),Professional,0
114326259720.0,Male,27.0,27-31,Bachelor's degree/ advanced diploma or equivalent,Bachelor's Degree,Working full-time (permanent),Technician and Associate Professionals,0
114371481792.0,Male,26.0,23-26,Diploma/ certificates or equivalent,Diploma,Working full-time (contract),Craft and Related Trades Workers,1
114349419556.0,Female,28.0,27-31,Bachelor's degree/ advanced diploma or equivalent,Bachelor's Degree,Working full-time (permanent),Technician and Associate Professionals,0
114371525629.0,Male,29.0,27-31,Bachelor's degree/ advanced diploma or equivalent,Bachelor's Degree,Working full-time (permanent),Professional,0
114371508307.0,Male,35.0,32-44,Diploma/ certificates or equivalent,Diploma,Working full-time (permanent),Technician and Associate Professionals,0
114371468965.0,Male,35.0,32-44,Diploma/ certificates or equivalent,Diploma,Working full-time (permanent),Plant and Machine Operators and Assemblers,1
114371424350.0,Female,35.0,32-44,Bachelor's degree/ advanced diploma or equivalent,Bachelor's Degree,Working full-time (permanent),Managers,0
114371466019.0,Female,25.0,23-26,Diploma/ certificates or equivalent,Diploma,Working full-time (contract),Technician and Associate Professionals,0
114347723362.0,Male,28.0,27-31,Bachelor's degree/ advanced diploma or equivalent,Bachelor's Degree,Working full-time (permanent),Professional,0
114371400834.0,Female,35.0,32-44,Diploma/ certificates or equivalent,Diploma,Working full-time (permanent),Managers,0
114371484139.0,Female,37.0,32-44,Bachelor's degree/ advanced diploma or equivalent,Bachelor's Degree,Working full-time (permanent),Professional,0
114371510936.0,Female,30.0,27-31,Diploma/ certificates or equivalent,Diploma,Working full-time (permanent),Technician and Associate Professionals,0
114371477054.0,Male,36.0,32-44,Bachelor's degree/ advanced diploma or equivalent,Bachelor's Degree,Working full-time (permanent),Managers,0
114358710085.0,Male,31.0,27-31,Bachelor's degree/ advanced diploma or equivalent,Bachelor's Degree,Working full-time (permanent),Technician and Associate Professionals,0
114371479999.0,Male,31.0,27-31,Bachelor's degree/ advanced diploma or equivalent,Bachelor's Degree,Working full-time (permanent),Professional,0
114348575464.0,Female,26.0,23-26,Bachelor's degree/ advanced diploma or equivalent,Bachelor's Degree,Working full-time (permanent),Service and Sales Workers,1
114371685436.0,Female,34.0,32-44,Bachelor's degree/ advanced diploma or equivalent,Bachelor's Degree,Working full-time (permanent),Technician and Associate Professionals,0
114371396617.0,Female,34.0,32-44,Bachelor's degree/ advanced diploma or equivalent,Bachelor's Degree,Working full-time (permanent),Professional,0
114371503433.0,Female,37.0,32-44,Diploma/ certificates or equivalent,Diploma,Working full-time (permanent),Professional,0
114358786156.0,Male,29.0,27-31,Bachelor's degree/ advanced diploma or equivalent,Bachelor's Degree,Working full-time (permanent),Technician and Associate Professionals,0
114371449393.0,Female,24.0,23-26,Diploma/ certificates or equivalent,Diploma,Working full-time (permanent),Managers,0
114371495477.0,Female,39.0,32-44,Bachelor's degree/ advanced diploma or equivalent,Bachelor's Degree,Working full-time (contract),Technician and Associate Professionals,0
114371458305.0,Female,31.0,27-31,Diploma/ certificates or equivalent,Diploma,Working full-time (permanent),Professional,0
114359694941.0,Female,27.0,27-31,Bachelor's degree/ advanced diploma or equivalent,Bachelor's Degree,Working full-time (permanent),Professional,0
114358933397.0,Female,25.0,23-26,Bachelor's degree/ advanced diploma or equivalent,Bachelor's Degree,Working full-time (permanent),Elementary Occupations,1
114371467253.0,Male,27.0,27-31,Diploma/ certificates or equivalent,Diploma,Working full-time (permanent),Craft and Related Trades Workers,1
114371403351.0,Female,40.0,32-44,Diploma/ certificates or equivalent,Diploma,Working full-time (permanent),Technician and Associate Professionals,0
114347767424.0,Male,28.0,27-31,Diploma/ certificates or equivalent,Diploma,Working full-time (permanent),Technician and Associate Professionals,0
114371572993.0,Female,38.0,32-44,Bachelor's degree/ advanced diploma or equivalent,Bachelor's Degree,Working full-time (permanent),Professional,0
114371482933.0,Female,31.0,27-31,Bachelor's degree/ advanced diploma or equivalent,Bachelor's Degree,Working full-time (permanent),Managers,0
114371532837.0,Female,32.0,32-44,Diploma/ certificates or equivalent,Diploma,Working full-time (permanent),Professional,0
114371521389.0,Male,26.0,23-26,Bachelor's degree/ advanced diploma or equivalent,Bachelor's Degree,Working full-time (permanent),Craft and Related Trades Workers,1
114371493064.0,Male,26.0,23-26,Bachelor's degree/ advanced diploma or equivalent,Bachelor's Degree,Working full-time (permanent),Managers,0
114371544415.0,Male,23.0,23-26,Diploma/ certificates or equivalent,Diploma,Working full-time (permanent),Service and Sales Workers,1
114359274890.0,Male,36.0,32-44,Bachelor's degree/ advanced diploma or equivalent,Bachelor's Degree,Working full-time (contract),Technician and Associate Professionals,0
114370550035.0,Male,29.0,27-31,Bachelor's degree/ advanced diploma or equivalent,Bachelor's Degree,Working full-time (permanent),Managers,0
114371407628.0,Female,35.0,32-44,Diploma/ certificates or equivalent,Diploma,Working full-time (permanent),Managers,0
114371454682.0,Male,37.0,32-44,Bachelor's degree/ advanced diploma or equivalent,Bachelor's Degree,Working full-time (permanent),Professional,0
114375675967.0,Female,35.0,32-44,Bachelor's degree/ advanced diploma or equivalent,Bachelor's Degree,Working full-time (permanent),Managers,0
114347705755.0,Female,27.0,27-31,Bachelor's degree/ advanced diploma or equivalent,Bachelor's Degree,Working full-time (contract),Professional,0
114371567361.0,Male,36.0,32-44,Diploma/ certificates or equivalent,Diploma,Working full-time (permanent),Technician and Associate Professionals,0
114347709677.0,Male,27.0,27-31,Bachelor's degree/ advanced diploma or equivalent,Bachelor's Degree,Working full-time (permanent),Managers,0
114346851785.0,Male,27.0,27-31,Bachelor's degree/ advanced diploma or equivalent,Bachelor's Degree,Working full-time (permanent),Professional,0
114371458614.0,Female,27.0,27-31,Diploma/ certificates or equivalent,Diploma,Working full-time (permanent),Service and Sales Workers,1
114348304581.0,Female,26.0,23-26,Bachelor's degree/ advanced diploma or equivalent,Bachelor's Degree,Working full-time (permanent),Plant and Machine Operators and Assemblers,1
114347731758.0,Female,25.0,23-26,Bachelor's degree/ advanced diploma or equivalent,Bachelor's Degree,Working full-time (permanent),Managers,0
114359054152.0,Male,27.0,27-31,Diploma/ certificates or equivalent,Diploma,Working full-time (permanent),Technician and Associate Professionals,0
114347751693.0,Male,25.0,23-26,Bachelor's degree/ advanced diploma or equivalent,Bachelor's Degree,Working full-time (permanent),Professional,0
114374647435.0,Female,35.0,32-44,Bachelor's degree/ advanced diploma or equivalent,Bachelor's Degree,Working full-time (permanent),Professional,0
114358858704.0,Male,27.0,27-31,Bachelor's degree/ advanced diploma or equivalent,Bachelor's Degree,Working full-time (permanent),Plant and Machine Operators and Assemblers,1
114371460588.0,Female,40.0,32-44,Diploma/ certificates or equivalent,Diploma,Working full-time (permanent),Technician and Associate Professionals,0
114371492982.0,Female,38.0,32-44,Bachelor's degree/ advanced diploma or equivalent,Bachelor's Degree,Working full-time (permanent),Professional,0
114345988479.0,Male,25.0,23-26,Bachelor's degree/ advanced diploma or equivalent,Bachelor's Degree,Working full-time (permanent),Professional,0
114358708124.0,Male,26.0,23-26,Bachelor's degree/ advanced diploma or equivalent,Bachelor's Degree,Working full-time (permanent),Professional,0
114371409635.0,Female,38.0,32-44,Bachelor's degree/ advanced diploma or equivalent,Bachelor's Degree,Working full-time (permanent),Managers,0
114372123893.0,Female,36.0,32-44,Diploma/ certificates or equivalent,Diploma,Working full-time (permanent),Managers,0
114371736550.0,Male,35.0,32-44,Bachelor's degree/ advanced diploma or equivalent,Bachelor's Degree,Working full-time (permanent),Technician and Associate Professionals,0
114371473252.0,Female,36.0,32-44,Diploma/ certificates or equivalent,Diploma,Working full-time (permanent),Technician and Associate Professionals,0
114371433625.0,Female,36.0,32-44,Diploma/ certificates or equivalent,Diploma,Working full-time (permanent),Technician and Associate Professionals,0
114360638098.0,Male,34.0,32-44,Bachelor's degree/ advanced diploma or equivalent,Bachelor's Degree,Working full-time (permanent),"Skilled Agriculture, Forestry, Livestock and Fishery Workers",1
114371535147.0,Female,27.0,27-31,Bachelor's degree/ advanced diploma or equivalent,Bachelor's Degree,Working full-time (permanent),Technician and Associate Professionals,0
114371486705.0,Male,26.0,23-26,Bachelor's degree/ advanced diploma or equivalent,Bachelor's Degree,Working full-time (permanent),Managers,0
114371421560.0,Male,38.0,32-44,Bachelor's degree/ advanced diploma or equivalent,Bachelor's Degree,Working full-time (permanent),Managers,0
114371464550.0,Female,28.0,27-31,Bachelor's degree/ advanced diploma or equivalent,Bachelor's Degree,Working full-time (permanent),Managers,0
114371502862.0,Female,43.0,32-44,Diploma/ certificates or equivalent,Diploma,Working full-time (permanent),Clerical Support Workers,1
114371449116.0,Male,25.0,23-26,Bachelor's degree/ advanced diploma or equivalent,Bachelor's Degree,Working full-time (permanent),Technician and Associate Professionals,0
114371466286.0,Female,24.0,23-26,Diploma/ certificates or equivalent,Diploma,Working full-time (permanent),Clerical Support Workers,1
114371478765.0,Male,37.0,32-44,Bachelor's degree/ advanced diploma or equivalent,Bachelor's Degree,Working full-time (permanent),Managers,0
114326272399.0,Male,28.0,27-31,Bachelor's degree/ advanced diploma or equivalent,Bachelor's Degree,Working full-time (contract),Professional,0
114371428201.0,Female,37.0,32-44,Diploma/ certificates or equivalent,Diploma,Working full-time (permanent),Elementary Occupations,1
114371488916.0,Male,30.0,27-31,Bachelor's degree/ advanced diploma or equivalent,Bachelor's Degree,Working full-time (permanent),Technician and Associate Professionals,0
114347705406.0,Male,25.0,23-26,Bachelor's degree/ advanced diploma or equivalent,Bachelor's Degree,Working full-time (contract),Technician and Associate Professionals,0
114359204990.0,Male,25.0,23-26,Bachelor's degree/ advanced diploma or equivalent,Bachelor's Degree,Working full-time (permanent),"Skilled Agriculture, Forestry, Livestock and Fishery Workers",1
114371480089.0,Male,33.0,32-44,Diploma/ certificates or equivalent,Diploma,Working part-time (contract),Elementary Occupations,1
114337221753.0,Female,27.0,27-31,Diploma/ certificates or equivalent,Diploma,Working full-time (permanent),Clerical Support Workers,1
114371468013.0,Female,37.0,32-44,Bachelor's degree/ advanced diploma or equivalent,Bachelor's Degree,Working full-time (permanent),Professional,0
114369579658.0,Male,35.0,32-44,Bachelor's degree/ advanced diploma or equivalent,Bachelor's Degree,Working full-time (permanent),Professional,0
114375641396.0,Male,37.0,32-44,Bachelor's degree/ advanced diploma or equivalent,Bachelor's Degree,Working full-time (permanent),Professional,0
114369753581.0,Male,35.0,32-44,Diploma/ certificates or equivalent,Diploma,Working full-time (permanent),Managers,0
114371442255.0,Female,37.0,32-44,Bachelor's degree/ advanced diploma or equivalent,Bachelor's Degree,Working part-time (permanent),Technician and Associate Professionals,0
114371504719.0,Female,33.0,32-44,Diploma/ certificates or equivalent,Diploma,Working full-time (permanent),Elementary Occupations,1
114348648113.0,Female,28.0,27-31,Bachelor's degree/ advanced diploma or equivalent,Bachelor's Degree,Working full-time (permanent),Professional,0
114348497254.0,Male,37.0,32-44,Bachelor's degree/ advanced diploma or equivalent,Bachelor's Degree,Working full-time (permanent),Professional,0
114371497751.0,Female,23.0,23-26,Diploma/ certificates or equivalent,Diploma,Working full-time (permanent),Clerical Support Workers,1
114358872056.0,Female,26.0,23-26,Bachelor's degree/ advanced diploma or equivalent,Bachelor's Degree,Working full-time (permanent),Managers,0
114371506476.0,Female,36.0,32-44,Bachelor's degree/ advanced diploma or equivalent,Bachelor's Degree,Working full-time (permanent),Professional,0
114371467397.0,Female,25.0,23-26,Bachelor's degree/ advanced diploma or equivalent,Bachelor's Degree,Working full-time (permanent),Service and Sales Workers,1
114370574470.0,Male,36.0,32-44,Bachelor's degree/ advanced diploma or equivalent,Bachelor's Degree,Working full-time (permanent),Professional,0
114369612803.0,Male,36.0,32-44,Bachelor's degree/ advanced diploma or equivalent,Bachelor's Degree,Working full-time (permanent),Managers,0
114359303185.0,Female,30.0,27-31,Bachelor's degree/ advanced diploma or equivalent,Bachelor's Degree,Working full-time (permanent),Technician and Associate Professionals,0
114375775359.0,Male,36.0,32-44,Diploma/ certificates or equivalent,Diploma,Working full-time (permanent),Plant and Machine Operators and Assemblers,1
114371458045.0,Male,27.0,27-31,Diploma/ certificates or equivalent,Diploma,Working full-time (permanent),Technician and Associate Professionals,0
114371455951.0,Female,37.0,32-44,Diploma/ certificates or equivalent,Diploma,Working part-time (contract),"Skilled Agriculture, Forestry, Livestock and Fishery Workers",1
114371499473.0,Male,35.0,32-44,Diploma/ certificates or equivalent,Diploma,Working full-time (permanent),Technician and Associate Professionals,0
114371346332.0,Male,35.0,32-44,Bachelor's degree/ advanced diploma or equivalent,Bachelor's Degree,Working full-time (permanent),Professional,0
114339155337.0,Male,28.0,27-31,Bachelor's degree/ advanced diploma or equivalent,Bachelor's Degree,Working full-time (permanent),Professional,0
114371436712.0,Female,27.0,27-31,Bachelor's degree/ advanced diploma or equivalent,Bachelor's Degree,Working part-time (permanent),Technician and Associate Professionals,0
114371462267.0,Male,36.0,32-44,Diploma/ certificates or equivalent,Diploma,Working full-time (permanent),"Skilled Agriculture, Forestry, Livestock and Fishery Workers",1
114371467773.0,Female,27.0,27-31,Diploma/ certificates or equivalent,Diploma,Working full-time (permanent),Professional,0
114371458299.0,Male,32.0,32-44,Diploma/ certificates or equivalent,Diploma,Working full-time (permanent),Managers,0
114371454692.0,Male,35.0,32-44,Diploma/ certificates or equivalent,Diploma,Working full-time (permanent),Craft and Related Trades Workers,1
114371404162.0,Female,28.0,27-31,Bachelor's degree/ advanced diploma or equivalent,Bachelor's Degree,Working full-time (permanent),Managers,0
114371467239.0,Male,37.0,32-44,Bachelor's degree/ advanced diploma or equivalent,Bachelor's Degree,Working full-time (permanent),Professional,0
114371454685.0,Female,38.0,32-44,Bachelor's degree/ advanced diploma or equivalent,Bachelor's Degree,Working full-time (permanent),Service and Sales Workers,1
114371483829.0,Female,35.0,32-44,Diploma/ certificates or equivalent,Diploma,Working full-time (permanent),Managers,0
114371287183.0,Male,35.0,32-44,Bachelor's degree/ advanced diploma or equivalent,Bachelor's Degree,Working full-time (permanent),Professional,0
114347731888.0,Male,28.0,27-31,Diploma/ certificates or equivalent,Diploma,Working full-time (permanent),Clerical Support Workers,1
114371428116.0,Male,34.0,32-44,Diploma/ certificates or equivalent,Diploma,Working full-time (permanent),Managers,0
114371558682.0,Female,35.0,32-44,Bachelor's degree/ advanced diploma or equivalent,Bachelor's Degree,Working full-time (permanent),Clerical Support Workers,1
114371291987.0,Female,35.0,32-44,Bachelor's degree/ advanced diploma or equivalent,Bachelor's Degree,Working full-time (permanent),Technician and Associate Professionals,0
114347705580.0,Female,25.0,23-26,Bachelor's degree/ advanced diploma or equivalent,Bachelor's Degree,Working full-time (permanent),Managers,0
114371486918.0,Female,31.0,27-31,Diploma/ certificates or equivalent,Diploma,Working full-time (permanent),Clerical Support Workers,1
114371414682.0,Female,26.0,23-26,Diploma/ certificates or equivalent,Diploma,Working full-time (permanent),Managers,0
114371508506.0,Female,25.0,23-26,Diploma/ certificates or equivalent,Diploma,Working full-time (permanent),Managers,0
114371472057.0,Female,31.0,27-31,Bachelor's degree/ advanced diploma or equivalent,Bachelor's Degree,Working full-time (permanent),Managers,0
114371388866.0,Female,25.0,23-26,Diploma/ certificates or equivalent,Diploma,Working full-time (permanent),Managers,0
114371466473.0,Male,27.0,27-31,Bachelor's degree/ advanced diploma or equivalent,Bachelor's Degree,Working full-time (contract),Managers,0
114371476043.0,Female,37.0,32-44,Diploma/ certificates or equivalent,Diploma,Working full-time (permanent),Service and Sales Workers,1
114371477445.0,Male,35.0,32-44,Bachelor's degree/ advanced diploma or equivalent,Bachelor's Degree,Working full-time (permanent),Technician and Associate Professionals,0
114371413762.0,Female,38.0,32-44,Diploma/ certificates or equivalent,Diploma,Working full-time (contract),Technician and Associate Professionals,0
114371438894.0,Male,28.0,27-31,Diploma/ certificates or equivalent,Diploma,Working full-time (permanent),Technician and Associate Professionals,0
114371467313.0,Female,25.0,23-26,Diploma/ certificates or equivalent,Diploma,Working full-time (permanent),Elementary Occupations,1
114371388536.0,Female,37.0,32-44,Diploma/ certificates or equivalent,Diploma,Working full-time (permanent),Clerical Support Workers,1
114348424233.0,Male,32.0,32-44,Bachelor's degree/ advanced diploma or equivalent,Bachelor's Degree,Working full-time (contract),Elementary Occupations,1
114371466922.0,Male,26.0,23-26,Diploma/ certificates or equivalent,Diploma,Working full-time (permanent),Managers,0
114358737146.0,Female,28.0,27-31,Bachelor's degree/ advanced diploma or equivalent,Bachelor's Degree,Working full-time (permanent),Service and Sales Workers,1
114371397430.0,Female,31.0,27-31,Bachelor's degree/ advanced diploma or equivalent,Bachelor's Degree,Working full-time (permanent),Clerical Support Workers,1
114347867705.0,Female,25.0,23-26,Bachelor's degree/ advanced diploma or equivalent,Bachelor's Degree,Working full-time (permanent),Professional,0
114371504918.0,Female,35.0,32-44,Bachelor's degree/ advanced diploma or equivalent,Bachelor's Degree,Working full-time (permanent),Professional,0
114371514458.0,Male,31.0,27-31,Bachelor's degree/ advanced diploma or equivalent,Bachelor's Degree,Working full-time (contract),Clerical Support Workers,1
114347701709.0,Male,33.0,32-44,Diploma/ certificates or equivalent,Diploma,Working full-time (permanent),Technician and Associate Professionals,0
114371500737.0,Female,29.0,27-31,Diploma/ certificates or equivalent,Diploma,Working full-time (permanent),Service and Sales Workers,1
114371384455.0,Female,25.0,23-26,Bachelor's degree/ advanced diploma or equivalent,Bachelor's Degree,Working full-time (permanent),Technician and Associate Professionals,0
114371484652.0,Male,30.0,27-31,Bachelor's degree/ advanced diploma or equivalent,Bachelor's Degree,Working full-time (permanent),Professional,0
114347773068.0,Male,26.0,23-26,Diploma/ certificates or equivalent,Diploma,Working full-time (permanent),Technician and Associate Professionals,0
114372477562.0,Female,23.0,23-26,Bachelor's degree/ advanced diploma or equivalent,Bachelor's Degree,Working full-time (permanent),Service and Sales Workers,1
114371368887.0,Female,27.0,27-31,Bachelor's degree/ advanced diploma or equivalent,Bachelor's Degree,Working full-time (permanent),Craft and Related Trades Workers,1
114371441698.0,Female,35.0,32-44,Diploma/ certificates or equivalent,Diploma,Working full-time (permanent),Technician and Associate Professionals,0
114371333172.0,Female,26.0,23-26,Bachelor's degree/ advanced diploma or equivalent,Bachelor's Degree,Working full-time (permanent),"Skilled Agriculture, Forestry, Livestock and Fishery Workers",1
114371468713.0,Female,37.0,32-44,Diploma/ certificates or equivalent,Diploma,Working full-time (permanent),Managers,0
114371395676.0,Female,26.0,23-26,Bachelor's degree/ advanced diploma or equivalent,Bachelor's Degree,Working full-time (permanent),Technician and Associate Professionals,0
114376320988.0,Male,34.0,32-44,Bachelor's degree/ advanced diploma or equivalent,Bachelor's Degree,Working full-time (permanent),Professional,0
114369619991.0,Male,36.0,32-44,Bachelor's degree/ advanced diploma or equivalent,Bachelor's Degree,Working full-time (permanent),Professional,0
114369706422.0,Male,37.0,32-44,Diploma/ certificates or equivalent,Diploma,Working full-time (contract),Professional,0
114370046045.0,Male,33.0,32-44,Diploma/ certificates or equivalent,Diploma,Working full-time (permanent),Professional,0
114377248505.0,Male,28.0,27-31,Diploma/ certificates or equivalent,Diploma,Working full-time (permanent),Professional,0
114371397441.0,Female,31.0,27-31,Bachelor's degree/ advanced diploma or equivalent,Bachelor's Degree,Working full-time (permanent),Professional,0
114376436437.0,Male,36.0,32-44,Bachelor's degree/ advanced diploma or equivalent,Bachelor's Degree,Working full-time (permanent),Managers,0
114371395433.0,Female,24.0,23-26,Bachelor's degree/ advanced diploma or equivalent,Bachelor's Degree,Working full-time (contract),Professional,0
114347709937.0,Male,27.0,27-31,Bachelor's degree/ advanced diploma or equivalent,Bachelor's Degree,Working full-time (permanent),Managers,0
114376660961.0,Male,38.0,32-44,Bachelor's degree/ advanced diploma or equivalent,Bachelor's Degree,Working full-time (permanent),Managers,0
114371480355.0,Female,38.0,32-44,Diploma/ certificates or equivalent,Diploma,Working full-time (permanent),Professional,0
114371461399.0,Female,29.0,27-31,Bachelor's degree/ advanced diploma or equivalent,Bachelor's Degree,Working full-time (permanent),Managers,0
114371478958.0,Female,33.0,32-44,Diploma/ certificates or equivalent,Diploma,Working full-time (permanent),Professional,0
114371380716.0,Female,36.0,32-44,Bachelor's degree/ advanced diploma or equivalent,Bachelor's Degree,Working full-time (permanent),Technician and Associate Professionals,0
114358880346.0,Male,31.0,27-31,Bachelor's degree/ advanced diploma or equivalent,Bachelor's Degree,Working full-time (permanent),Professional,0
114327132582.0,Female,27.0,27-31,Bachelor's degree/ advanced diploma or equivalent,Bachelor's Degree,Working full-time (contract),Managers,0
114347850501.0,Male,29.0,27-31,Bachelor's degree/ advanced diploma or equivalent,Bachelor's Degree,Working full-time (permanent),Professional,0
114359249007.0,Male,29.0,27-31,Diploma/ certificates or equivalent,Diploma,Working full-time (permanent),Professional,0
114371450788.0,Male,27.0,27-31,Bachelor's degree/ advanced diploma or equivalent,Bachelor's Degree,Working full-time (permanent),Elementary Occupations,1
114347816463.0,Female,27.0,27-31,Bachelor's degree/ advanced diploma or equivalent,Bachelor's Degree,Working full-time (permanent),Managers,0
114371468496.0,Male,31.0,27-31,Bachelor's degree/ advanced diploma or equivalent,Bachelor's Degree,Working full-time (permanent),Service and Sales Workers,1
114371459564.0,Female,36.0,32-44,Diploma/ certificates or equivalent,Diploma,Working full-time (permanent),Clerical Support Workers,1
114371483077.0,Female,28.0,27-31,Diploma/ certificates or equivalent,Diploma,Working full-time (contract),Technician and Associate Professionals,0
114371472301.0,Male,27.0,27-31,Diploma/ certificates or equivalent,Diploma,Working full-time (permanent),Managers,0
114347730050.0,Female,28.0,27-31,Bachelor's degree/ advanced diploma or equivalent,Bachelor's Degree,Working full-time (permanent),Managers,0
114371493322.0,Female,38.0,32-44,Bachelor's degree/ advanced diploma or equivalent,Bachelor's Degree,Working full-time (permanent),Managers,0
114359423413.0,Male,29.0,27-31,Bachelor's degree/ advanced diploma or equivalent,Bachelor's Degree,Working full-time (permanent),Technician and Associate Professionals,0
114347706428.0,Male,30.0,27-31,Bachelor's degree/ advanced diploma or equivalent,Bachelor's Degree,Working full-time (permanent),Technician and Associate Professionals,0
114348652413.0,Female,34.0,32-44,Diploma/ certificates or equivalent,Diploma,Working full-time (permanent),Clerical Support Workers,1
114371451788.0,Female,36.0,32-44,Diploma/ certificates or equivalent,Diploma,Working full-time (permanent),Technician and Associate Professionals,0
114371621227.0,Female,23.0,23-26,Diploma/ certificates or equivalent,Diploma,Working full-time (permanent),Managers,0
114371478323.0,Female,35.0,32-44,Diploma/ certificates or equivalent,Diploma,Working full-time (contract),Craft and Related Trades Workers,1
114359559674.0,Male,36.0,32-44,Bachelor's degree/ advanced diploma or equivalent,Bachelor's Degree,Working full-time (permanent),Professional,0
114371456243.0,Female,29.0,27-31,Diploma/ certificates or equivalent,Diploma,Working full-time (permanent),Technician and Associate Professionals,0
114371467035.0,Male,33.0,32-44,Diploma/ certificates or equivalent,Diploma,Working part-time (permanent),Armed forces/uniform,1
114371309109.0,Male,26.0,23-26,Bachelor's degree/ advanced diploma or equivalent,Bachelor's Degree,Working full-time (permanent),Craft and Related Trades Workers,1
114326261259.0,Male,30.0,27-31,Diploma/ certificates or equivalent,Diploma,Working full-time (permanent),Service and Sales Workers,1
114350763448.0,Female,35.0,32-44,Bachelor's degree/ advanced diploma or equivalent,Bachelor's Degree,Working full-time (permanent),Managers,0
114369578665.0,Female,41.0,32-44,Bachelor's degree/ advanced diploma or equivalent,Bachelor's Degree,Working full-time (contract),Professional,0
114371510338.0,Male,38.0,32-44,Bachelor's degree/ advanced diploma or equivalent,Bachelor's Degree,Working full-time (permanent),Technician and Associate Professionals,0
114371470466.0,Female,34.0,32-44,Diploma/ certificates or equivalent,Diploma,Working full-time (permanent),Service and Sales Workers,1
114370303627.0,Male,35.0,32-44,Bachelor's degree/ advanced diploma or equivalent,Bachelor's Degree,Working full-time (permanent),Professional,0
114371468260.0,Male,24.0,23-26,Diploma/ certificates or equivalent,Diploma,Working part-time (contract),Craft and Related Trades Workers,1
114371461545.0,Male,30.0,27-31,Bachelor's degree/ advanced diploma or equivalent,Bachelor's Degree,Working full-time (permanent),Technician and Associate Professionals,0
114371466401.0,Male,39.0,32-44,Bachelor's degree/ advanced diploma or equivalent,Bachelor's Degree,Working full-time (permanent),Managers,0
114371446359.0,Male,33.0,32-44,Diploma/ certificates or equivalent,Diploma,Working full-time (permanent),Armed forces/uniform,1
114371477961.0,Female,35.0,32-44,Diploma/ certificates or equivalent,Diploma,Working full-time (permanent),Clerical Support Workers,1
114347716826.0,Male,27.0,27-31,Bachelor's degree/ advanced diploma or equivalent,Bachelor's Degree,Working full-time (permanent),Technician and Associate Professionals,0
114371469832.0,Male,28.0,27-31,Bachelor's degree/ advanced diploma or equivalent,Bachelor's Degree,Working part-time (contract),Elementary Occupations,1
114371405835.0,Female,36.0,32-44,Diploma/ certificates or equivalent,Diploma,Working full-time (permanent),Elementary Occupations,1
114371458535.0,Female,36.0,32-44,Diploma/ certificates or equivalent,Diploma,Working full-time (permanent),Technician and Associate Professionals,0
114371394806.0,Female,34.0,32-44,Diploma/ certificates or equivalent,Diploma,Working full-time (permanent),Elementary Occupations,1
114371453028.0,Male,25.0,23-26,Bachelor's degree/ advanced diploma or equivalent,Bachelor's Degree,Working full-time (permanent),Professional,0
114371440353.0,Female,23.0,23-26,Bachelor's degree/ advanced diploma or equivalent,Bachelor's Degree,Working full-time (permanent),Clerical Support Workers,1
114347716707.0,Female,29.0,27-31,Diploma/ certificates or equivalent,Diploma,Working full-time (permanent),Professional,0
114348543906.0,Female,34.0,32-44,Diploma/ certificates or equivalent,Diploma,Working full-time (permanent),Technician and Associate Professionals,0
114358747891.0,Male,26.0,23-26,Bachelor's degree/ advanced diploma or equivalent,Bachelor's Degree,Working full-time (permanent),Professional,0
114369565569.0,Male,35.0,32-44,Diploma/ certificates or equivalent,Diploma,Working full-time (permanent),Clerical Support Workers,1
114347710004.0,Female,34.0,32-44,Bachelor's degree/ advanced diploma or equivalent,Bachelor's Degree,Working full-time (permanent),Professional,0
114347699097.0,Male,29.0,27-31,Diploma/ certificates or equivalent,Diploma,Working full-time (permanent),Professional,0
114369597563.0,Male,36.0,32-44,Diploma/ certificates or equivalent,Diploma,Working full-time (permanent),Professional,0
114371466153.0,Female,35.0,32-44,Bachelor's degree/ advanced diploma or equivalent,Bachelor's Degree,Working part-time (permanent),Clerical Support Workers,1
114340331705.0,Male,29.0,27-31,Bachelor's degree/ advanced diploma or equivalent,Bachelor's Degree,Working full-time (permanent),Service and Sales Workers,1
114370206174.0,Male,36.0,32-44,Bachelor's degree/ advanced diploma or equivalent,Bachelor's Degree,Working full-time (permanent),Professional,0
114371348086.0,Male,33.0,32-44,Diploma/ certificates or equivalent,Diploma,Working full-time (permanent),Elementary Occupations,1
114371469556.0,Female,28.0,27-31,Bachelor's degree/ advanced diploma or equivalent,Bachelor's Degree,Working full-time (permanent),Technician and Associate Professionals,0
114371460031.0,Female,23.0,23-26,Diploma/ certificates or equivalent,Diploma,Working full-time (permanent),Professional,0
114358706857.0,Female,28.0,27-31,Bachelor's degree/ advanced diploma or equivalent,Bachelor's Degree,Working full-time (permanent),Managers,0
114348490132.0,Male,35.0,32-44,Diploma/ certificates or equivalent,Diploma,Working full-time (permanent),Plant and Machine Operators and Assemblers,1
114371561750.0,Female,29.0,27-31,Bachelor's degree/ advanced diploma or equivalent,Bachelor's Degree,Working full-time (permanent),Professional,0
114347706572.0,Male,30.0,27-31,Bachelor's degree/ advanced diploma or equivalent,Bachelor's Degree,Working full-time (permanent),Technician and Associate Professionals,0
114371443745.0,Male,23.0,23-26,Diploma/ certificates or equivalent,Diploma,Working full-time (permanent),Elementary Occupations,1
114371448112.0,Female,28.0,27-31,Diploma/ certificates or equivalent,Diploma,Working part-time (contract),Elementary Occupations,1
114371457672.0,Female,34.0,32-44,Diploma/ certificates or equivalent,Diploma,Working full-time (permanent),Elementary Occupations,1
114371667666.0,Male,31.0,27-31,Diploma/ certificates or equivalent,Diploma,Working full-time (permanent),Plant and Machine Operators and Assemblers,1
114371477601.0,Female,30.0,27-31,Diploma/ certificates or equivalent,Diploma,Working part-time (permanent),Professional,0
114347984272.0,Female,27.0,27-31,Diploma/ certificates or equivalent,Diploma,Working full-time (contract),Plant and Machine Operators and Assemblers,1
114371471257.0,Male,37.0,32-44,Bachelor's degree/ advanced diploma or equivalent,Bachelor's Degree,Working full-time (permanent),Professional,0
114371445096.0,Male,30.0,27-31,Diploma/ certificates or equivalent,Diploma,Working full-time (permanent),Service and Sales Workers,1
114371468613.0,Female,35.0,32-44,Diploma/ certificates or equivalent,Diploma,Working full-time (permanent),Clerical Support Workers,1
114371485916.0,Female,35.0,32-44,Bachelor's degree/ advanced diploma or equivalent,Bachelor's Degree,Working full-time (permanent),Technician and Associate Professionals,0
114371453935.0,Female,35.0,32-44,Diploma/ certificates or equivalent,Diploma,Working full-time (permanent),Technician and Associate Professionals,0
114371468970.0,Female,40.0,32-44,Diploma/ certificates or equivalent,Diploma,Working full-time (permanent),Service and Sales Workers,1
114371552613.0,Male,31.0,27-31,Bachelor's degree/ advanced diploma or equivalent,Bachelor's Degree,Working full-time (permanent),Managers,0
114371394682.0,Female,25.0,23-26,Diploma/ certificates or equivalent,Diploma,Working full-time (permanent),Technician and Associate Professionals,0
114371417623.0,Male,28.0,27-31,Diploma/ certificates or equivalent,Diploma,Working full-time (permanent),Service and Sales Workers,1
114369683328.0,Female,34.0,32-44,Bachelor's degree/ advanced diploma or equivalent,Bachelor's Degree,Working full-time (permanent),Technician and Associate Professionals,0
114348000270.0,Male,29.0,27-31,Bachelor's degree/ advanced diploma or equivalent,Bachelor's Degree,Working full-time (permanent),Technician and Associate Professionals,0
114371474087.0,Male,32.0,32-44,Diploma/ certificates or equivalent,Diploma,Working full-time (contract),"Skilled Agriculture, Forestry, Livestock and Fishery Workers",1
114369566800.0,Male,35.0,32-44,Bachelor's degree/ advanced diploma or equivalent,Bachelor's Degree,Working full-time (permanent),Professional,0
114371406815.0,Male,27.0,27-31,Bachelor's degree/ advanced diploma or equivalent,Bachelor's Degree,Working part-time (permanent),Plant and Machine Operators and Assemblers,1
114371449202.0,Female,40.0,32-44,Diploma/ certificates or equivalent,Diploma,Working full-time (contract),Elementary Occupations,1
114371470260.0,Male,32.0,32-44,Diploma/ certificates or equivalent,Diploma,Working full-time (permanent),Service and Sales Workers,1
114378426952.0,Male,36.0,32-44,Diploma/ certificates or equivalent,Diploma,Working full-time (permanent),Service and Sales Workers,1
114371413296.0,Female,36.0,32-44,Diploma/ certificates or equivalent,Diploma,Working full-time (permanent),Service and Sales Workers,1
114371486762.0,Male,24.0,23-26,Diploma/ certificates or equivalent,Diploma,Working part-time (contract),Service and Sales Workers,1
114371493485.0,Male,39.0,32-44,Bachelor's degree/ advanced diploma or equivalent,Bachelor's Degree,Working full-time (permanent),Technician and Associate Professionals,0
114371451836.0,Male,36.0,32-44,Diploma/ certificates or equivalent,Diploma,Working full-time (permanent),Service and Sales Workers,1
114358707568.0,Male,29.0,27-31,Diploma/ certificates or equivalent,Diploma,Working full-time (permanent),Technician and Associate Professionals,0
114371430810.0,Female,27.0,27-31,Diploma/ certificates or equivalent,Diploma,Working part-time (permanent),Service and Sales Workers,1
114369618129.0,Female,34.0,32-44,Diploma/ certificates or equivalent,Diploma,Working full-time (permanent),Professional,0
114326210225.0,Male,30.0,27-31,Bachelor's degree/ advanced diploma or equivalent,Bachelor's Degree,Working full-time (permanent),Professional,0
114327035788.0,Female,26.0,23-26,Diploma/ certificates or equivalent,Diploma,Working full-time (permanent),Professional,0
114371440592.0,Male,36.0,32-44,Diploma/ certificates or equivalent,Diploma,Working full-time (permanent),Professional,0
114375860843.0,Male,38.0,32-44,Bachelor's degree/ advanced diploma or equivalent,Bachelor's Degree,Working full-time (permanent),Technician and Associate Professionals,0
114371401674.0,Female,35.0,32-44,Diploma/ certificates or equivalent,Diploma,Working full-time (permanent),Clerical Support Workers,1
114371444029.0,Male,35.0,32-44,Diploma/ certificates or equivalent,Diploma,Working part-time (permanent),Managers,0
114371728082.0,Male,23.0,23-26,Diploma/ certificates or equivalent,Diploma,Working full-time (permanent),Technician and Associate Professionals,0
114371475049.0,Male,24.0,23-26,Diploma/ certificates or equivalent,Diploma,Working part-time (permanent),Craft and Related Trades Workers,1
114371327683.0,Male,26.0,23-26,Bachelor's degree/ advanced diploma or equivalent,Bachelor's Degree,Working full-time (contract),Craft and Related Trades Workers,1
114348660032.0,Male,25.0,23-26,Diploma/ certificates or equivalent,Diploma,Working full-time (permanent),Plant and Machine Operators and Assemblers,1
114371476363.0,Male,29.0,27-31,Diploma/ certificates or equivalent,Diploma,Working full-time (contract),Plant and Machine Operators and Assemblers,1
114371482942.0,Female,35.0,32-44,Diploma/ certificates or equivalent,Diploma,Working full-time (permanent),Craft and Related Trades Workers,1
114371310281.0,Male,35.0,32-44,Bachelor's degree/ advanced diploma or equivalent,Bachelor's Degree,Working full-time (permanent),Technician and Associate Professionals,0
114371464152.0,Female,32.0,32-44,Diploma/ certificates or equivalent,Diploma,Working full-time (permanent),Clerical Support Workers,1
114371429615.0,Female,23.0,23-26,Bachelor's degree/ advanced diploma or equivalent,Bachelor's Degree,Working full-time (permanent),Service and Sales Workers,1
114371492919.0,Male,33.0,32-44,Bachelor's degree/ advanced diploma or equivalent,Bachelor's Degree,Working full-time (permanent),"Skilled Agriculture, Forestry, Livestock and Fishery Workers",1
114370328986.0,Male,34.0,32-44,Bachelor's degree/ advanced diploma or equivalent,Bachelor's Degree,Working full-time (permanent),Professional,0
114371448630.0,Male,33.0,32-44,Diploma/ certificates or equivalent,Diploma,Working full-time (permanent),Managers,0
114371493823.0,Female,32.0,32-44,Diploma/ certificates or equivalent,Diploma,Working full-time (permanent),Managers,0
114371440088.0,Male,35.0,32-44,Diploma/ certificates or equivalent,Diploma,Working full-time (permanent),Technician and Associate Professionals,0
114369573912.0,Male,36.0,32-44,Bachelor's degree/ advanced diploma or equivalent,Bachelor's Degree,Working full-time (permanent),Professional,0
114371476327.0,Female,28.0,27-31,Bachelor's degree/ advanced diploma or equivalent,Bachelor's Degree,Working full-time (contract),Clerical Support Workers,1
114358718650.0,Female,26.0,23-26,Diploma/ certificates or equivalent,Diploma,Working full-time (permanent),Managers,0
114371844425.0,Female,33.0,32-44,Diploma/ certificates or equivalent,Diploma,Working full-time (permanent),Clerical Support Workers,1
114361710590.0,Male,36.0,32-44,Bachelor's degree/ advanced diploma or equivalent,Bachelor's Degree,Working full-time (permanent),Professional,0
114371478751.0,Male,36.0,32-44,Bachelor's degree/ advanced diploma or equivalent,Bachelor's Degree,Working full-time (permanent),Professional,0
114371434691.0,Female,34.0,32-44,Diploma/ certificates or equivalent,Diploma,Working full-time (permanent),Managers,0
114371400619.0,Female,40.0,32-44,Diploma/ certificates or equivalent,Diploma,Working full-time (permanent),Technician and Associate Professionals,0
114371465338.0,Male,31.0,27-31,Diploma/ certificates or equivalent,Diploma,Working full-time (permanent),Managers,0
114369569030.0,Male,37.0,32-44,Bachelor's degree/ advanced diploma or equivalent,Bachelor's Degree,Working full-time (permanent),Professional,0
114371494136.0,Male,24.0,23-26,Diploma/ certificates or equivalent,Diploma,Working full-time (permanent),Managers,0
114371476612.0,Female,33.0,32-44,Diploma/ certificates or equivalent,Diploma,Working part-time (permanent),Managers,0
114348702683.0,Female,27.0,27-31,Bachelor's degree/ advanced diploma or equivalent,Bachelor's Degree,Working full-time (permanent),Professional,0
114371467410.0,Female,25.0,23-26,Diploma/ certificates or equivalent,Diploma,Working full-time (permanent),Clerical Support Workers,1
114371444952.0,Female,26.0,23-26,Diploma/ certificates or equivalent,Diploma,Working part-time (permanent),Professional,0
114371445369.0,Male,32.0,32-44,Diploma/ certificates or equivalent,Diploma,Working full-time (permanent),Professional,0
114371426380.0,Female,27.0,27-31,Diploma/ certificates or equivalent,Diploma,Working part-time (contract),Managers,0
114371586171.0,Female,34.0,32-44,Diploma/ certificates or equivalent,Diploma,Working full-time (permanent),Professional,0
114358708133.0,Male,26.0,23-26,Bachelor's degree/ advanced diploma or equivalent,Bachelor's Degree,Working full-time (permanent),Technician and Associate Professionals,0
114371453416.0,Male,29.0,27-31,Diploma/ certificates or equivalent,Diploma,Working full-time (permanent),Clerical Support Workers,1
114371431513.0,Male,28.0,27-31,Diploma/ certificates or equivalent,Diploma,Working full-time (permanent),Managers,0
114371475033.0,Female,23.0,23-26,Diploma/ certificates or equivalent,Diploma,Working full-time (permanent),Clerical Support Workers,1
114371466084.0,Female,26.0,23-26,Diploma/ certificates or equivalent,Diploma,Working full-time (contract),Professional,0
114371480827.0,Male,34.0,32-44,Diploma/ certificates or equivalent,Diploma,Working full-time (permanent),Technician and Associate Professionals,0
114375813380.0,Male,27.0,27-31,Bachelor's degree/ advanced diploma or equivalent,Bachelor's Degree,Working full-time (permanent),Armed forces/uniform,1
114350795826.0,Male,29.0,27-31,Diploma/ certificates or equivalent,Diploma,Working full-time (permanent),Professional,0
114347704893.0,Male,29.0,27-31,Bachelor's degree/ advanced diploma or equivalent,Bachelor's Degree,Working full-time (permanent),Professional,0
114371324811.0,Female,31.0,27-31,Bachelor's degree/ advanced diploma or equivalent,Bachelor's Degree,Working full-time (permanent),Elementary Occupations,1
114359994179.0,Male,27.0,27-31,Bachelor's degree/ advanced diploma or equivalent,Bachelor's Degree,Working full-time (contract),Managers,0
114348983970.0,Male,26.0,23-26,Bachelor's degree/ advanced diploma or equivalent,Bachelor's Degree,Working full-time (permanent),Technician and Associate Professionals,0
114371439753.0,Female,29.0,27-31,Diploma/ certificates or equivalent,Diploma,Working part-time (permanent),Managers,0
114371522269.0,Female,25.0,23-26,Diploma/ certificates or equivalent,Diploma,Working full-time (permanent),Service and Sales Workers,1
114371256993.0,Female,34.0,32-44,Bachelor's degree/ advanced diploma or equivalent,Bachelor's Degree,Working full-time (permanent),Professional,0
114347714689.0,Male,25.0,23-26,Bachelor's degree/ advanced diploma or equivalent,Bachelor's Degree,Working full-time (permanent),Technician and Associate Professionals,0
114371490729.0,Female,28.0,27-31,Diploma/ certificates or equivalent,Diploma,Working full-time (permanent),Clerical Support Workers,1
114371472523.0,Male,27.0,27-31,Bachelor's degree/ advanced diploma or equivalent,Bachelor's Degree,Working full-time (permanent),Professional,0
114359243944.0,Male,37.0,32-44,Bachelor's degree/ advanced diploma or equivalent,Bachelor's Degree,Working full-time (contract),Professional,0
114347702473.0,Male,30.0,27-31,Bachelor's degree/ advanced diploma or equivalent,Bachelor's Degree,Working full-time (permanent),Plant and Machine Operators and Assemblers,1
114346859422.0,Male,33.0,32-44,Bachelor's degree/ advanced diploma or equivalent,Bachelor's Degree,Working full-time (permanent),Managers,0
114371550585.0,Female,35.0,32-44,Bachelor's degree/ advanced diploma or equivalent,Bachelor's Degree,Working full-time (permanent),Clerical Support Workers,1
114358778889.0,Male,32.0,32-44,Bachelor's degree/ advanced diploma or equivalent,Bachelor's Degree,Working full-time (permanent),Technician and Associate Professionals,0
114371746195.0,Female,33.0,32-44,Bachelor's degree/ advanced diploma or equivalent,Bachelor's Degree,Working full-time (permanent),Professional,0
114371469715.0,Female,31.0,27-31,Diploma/ certificates or equivalent,Diploma,Working full-time (permanent),Managers,0
114369676459.0,Male,33.0,32-44,Diploma/ certificates or equivalent,Diploma,Working full-time (permanent),Professional,0
114370515196.0,Male,35.0,32-44,Bachelor's degree/ advanced diploma or equivalent,Bachelor's Degree,Working full-time (contract),Plant and Machine Operators and Assemblers,1
114371448240.0,Female,30.0,27-31,Diploma/ certificates or equivalent,Diploma,Working full-time (permanent),Technician and Associate Professionals,0
114371475719.0,Male,25.0,23-26,Diploma/ certificates or equivalent,Diploma,Working full-time (permanent),Technician and Associate Professionals,0
114371504289.0,Female,25.0,23-26,Diploma/ certificates or equivalent,Diploma,Working full-time (permanent),Managers,0
114371487379.0,Female,26.0,23-26,Diploma/ certificates or equivalent,Diploma,Working full-time (permanent),Managers,0
114369644106.0,Female,36.0,32-44,Bachelor's degree/ advanced diploma or equivalent,Bachelor's Degree,Working full-time (permanent),Professional,0
114371497039.0,Male,30.0,27-31,Diploma/ certificates or equivalent,Diploma,Working full-time (permanent),Craft and Related Trades Workers,1
114369672944.0,Male,34.0,32-44,Bachelor's degree/ advanced diploma or equivalent,Bachelor's Degree,Working full-time (permanent),Professional,0
114371473517.0,Male,34.0,32-44,Bachelor's degree/ advanced diploma or equivalent,Bachelor's Degree,Working full-time (permanent),Managers,0
114371512285.0,Female,23.0,23-26,Diploma/ certificates or equivalent,Diploma,Working full-time (permanent),Service and Sales Workers,1
114371453897.0,Female,32.0,32-44,Diploma/ certificates or equivalent,Diploma,Working full-time (permanent),Technician and Associate Professionals,0
114371484153.0,Female,33.0,32-44,Bachelor's degree/ advanced diploma or equivalent,Bachelor's Degree,Working full-time (permanent),Service and Sales Workers,1
114371443344.0,Female,24.0,23-26,Diploma/ certificates or equivalent,Diploma,Working full-time (permanent),Technician and Associate Professionals,0
114371482468.0,Female,25.0,23-26,Diploma/ certificates or equivalent,Diploma,Working full-time (contract),Professional,0
114359280848.0,Male,38.0,32-44,Bachelor's degree/ advanced diploma or equivalent,Bachelor's Degree,Working full-time (permanent),Professional,0
114371397871.0,Male,26.0,23-26,Diploma/ certificates or equivalent,Diploma,Working full-time (permanent),Service and Sales Workers,1
114371770216.0,Male,33.0,32-44,Diploma/ certificates or equivalent,Diploma,Working full-time (permanent),Technician and Associate Professionals,0
114371487054.0,Female,35.0,32-44,Diploma/ certificates or equivalent,Diploma,Working full-time (permanent),Professional,0
114371399891.0,Female,34.0,32-44,Diploma/ certificates or equivalent,Diploma,Working full-time (permanent),Managers,0
114375655460.0,Male,35.0,32-44,Bachelor's degree/ advanced diploma or equivalent,Bachelor's Degree,Working full-time (permanent),Craft and Related Trades Workers,1
114371440344.0,Male,30.0,27-31,Diploma/ certificates or equivalent,Diploma,Working full-time (permanent),Service and Sales Workers,1
114371514109.0,Female,32.0,32-44,Bachelor's degree/ advanced diploma or equivalent,Bachelor's Degree,Working full-time (permanent),Craft and Related Trades Workers,1
114371389929.0,Male,34.0,32-44,Diploma/ certificates or equivalent,Diploma,Working full-time (permanent),Managers,0
114371450871.0,Male,33.0,32-44,Diploma/ certificates or equivalent,Diploma,Working part-time (permanent),Managers,0
114371487554.0,Male,40.0,32-44,Diploma/ certificates or equivalent,Diploma,Working full-time (permanent),Professional,0
114371466828.0,Female,36.0,32-44,Bachelor's degree/ advanced diploma or equivalent,Bachelor's Degree,Working full-time (permanent),Clerical Support Workers,1
114371505612.0,Female,36.0,32-44,Diploma/ certificates or equivalent,Diploma,Working full-time (permanent),Clerical Support Workers,1
114359282351.0,Female,27.0,27-31,Bachelor's degree/ advanced diploma or equivalent,Bachelor's Degree,Working full-time (contract),Clerical Support Workers,1
114371456178.0,Female,23.0,23-26,Bachelor's degree/ advanced diploma or equivalent,Bachelor's Degree,Working full-time (permanent),Craft and Related Trades Workers,1
114371455224.0,Male,36.0,32-44,Diploma/ certificates or equivalent,Diploma,Working part-time (permanent),"Skilled Agriculture, Forestry, Livestock and Fishery Workers",1
114358720606.0,Male,31.0,27-31,Diploma/ certificates or equivalent,Diploma,Working full-time (permanent),Craft and Related Trades Workers,1
114371456455.0,Female,33.0,32-44,Diploma/ certificates or equivalent,Diploma,Working full-time (contract),Craft and Related Trades Workers,1
114347765471.0,Male,25.0,23-26,Bachelor's degree/ advanced diploma or equivalent,Bachelor's Degree,Working full-time (permanent),Technician and Associate Professionals,0
114371480462.0,Female,42.0,32-44,Diploma/ certificates or equivalent,Diploma,Working full-time (permanent),Craft and Related Trades Workers,1
114371629137.0,Female,35.0,32-44,Bachelor's degree/ advanced diploma or equivalent,Bachelor's Degree,Working full-time (permanent),Service and Sales Workers,1
114348936145.0,Male,26.0,23-26,Bachelor's degree/ advanced diploma or equivalent,Bachelor's Degree,Working full-time (permanent),Technician and Associate Professionals,0
114371368619.0,Female,25.0,23-26,Diploma/ certificates or equivalent,Diploma,Working part-time (permanent),Managers,0
114370416305.0,Female,35.0,32-44,Bachelor's degree/ advanced diploma or equivalent,Bachelor's Degree,Working full-time (permanent),Technician and Associate Professionals,0
114358871807.0,Male,29.0,27-31,Bachelor's degree/ advanced diploma or equivalent,Bachelor's Degree,Working full-time (permanent),Professional,0
114371454471.0,Male,35.0,32-44,Diploma/ certificates or equivalent,Diploma,Working full-time (permanent),Elementary Occupations,1
114371464203.0,Male,24.0,23-26,Diploma/ certificates or equivalent,Diploma,Working full-time (permanent),Craft and Related Trades Workers,1
114371778516.0,Male,37.0,32-44,Diploma/ certificates or equivalent,Diploma,Working full-time (permanent),Technician and Associate Professionals,0
114359308936.0,Male,27.0,27-31,Diploma/ certificates or equivalent,Diploma,Working full-time (contract),Service and Sales Workers,1
114371454695.0,Female,35.0,32-44,Diploma/ certificates or equivalent,Diploma,Working full-time (permanent),"Skilled Agriculture, Forestry, Livestock and Fishery Workers",1
114347709600.0,Female,26.0,23-26,Bachelor's degree/ advanced diploma or equivalent,Bachelor's Degree,Working full-time (permanent),Technician and Associate Professionals,0
114359890965.0,Female,40.0,32-44,Bachelor's degree/ advanced diploma or equivalent,Bachelor's Degree,Working full-time (permanent),Clerical Support Workers,1
114371437694.0,Male,25.0,23-26,Bachelor's degree/ advanced diploma or equivalent,Bachelor's Degree,Working full-time (permanent),Technician and Associate Professionals,0
114371462525.0,Female,36.0,32-44,Diploma/ certificates or equivalent,Diploma,Working full-time (permanent),Technician and Associate Professionals,0
114347736300.0,Female,29.0,27-31,Diploma/ certificates or equivalent,Diploma,Working full-time (permanent),Professional,0
114359820729.0,Female,36.0,32-44,Bachelor's degree/ advanced diploma or equivalent,Bachelor's Degree,Working full-time (permanent),Professional,0
114326260108.0,Male,26.0,23-26,Diploma/ certificates or equivalent,Diploma,Working full-time (permanent),Technician and Associate Professionals,0
114371467317.0,Male,35.0,32-44,Diploma/ certificates or equivalent,Diploma,Working full-time (permanent),Plant and Machine Operators and Assemblers,1
114371494462.0,Male,33.0,32-44,Diploma/ certificates or equivalent,Diploma,Working full-time (permanent),Elementary Occupations,1
114371524746.0,Female,40.0,32-44,Bachelor's degree/ advanced diploma or equivalent,Bachelor's Degree,Working full-time (permanent),Managers,0
114370332830.0,Male,34.0,32-44,Bachelor's degree/ advanced diploma or equivalent,Bachelor's Degree,Working full-time (permanent),Managers,0
114348683805.0,Male,36.0,32-44,Bachelor's degree/ advanced diploma or equivalent,Bachelor's Degree,Working full-time (permanent),Managers,0
114347980845.0,Female,29.0,27-31,Bachelor's degree/ advanced diploma or equivalent,Bachelor's Degree,Working full-time (permanent),Clerical Support Workers,1
114371478234.0,Female,25.0,23-26,Diploma/ certificates or equivalent,Diploma,Working full-time (permanent),Technician and Associate Professionals,0
114371448421.0,Female,39.0,32-44,Diploma/ certificates or equivalent,Diploma,Working full-time (permanent),Clerical Support Workers,1
114369673827.0,Male,34.0,32-44,Bachelor's degree/ advanced diploma or equivalent,Bachelor's Degree,Working full-time (permanent),Technician and Associate Professionals,0
114347709183.0,Female,27.0,27-31,Bachelor's degree/ advanced diploma or equivalent,Bachelor's Degree,Working full-time (permanent),Professional,0
114347836259.0,Male,30.0,27-31,Bachelor's degree/ advanced diploma or equivalent,Bachelor's Degree,Working full-time (permanent),Managers,0
114371473271.0,Male,30.0,27-31,Diploma/ certificates or equivalent,Diploma,Working full-time (permanent),Plant and Machine Operators and Assemblers,1
114371465724.0,Female,38.0,32-44,Diploma/ certificates or equivalent,Diploma,Working full-time (contract),Technician and Associate Professionals,0
114370888856.0,Female,33.0,32-44,Bachelor's degree/ advanced diploma or equivalent,Bachelor's Degree,Working full-time (permanent),Plant and Machine Operators and Assemblers,1
114371448935.0,Female,28.0,27-31,Bachelor's degree/ advanced diploma or equivalent,Bachelor's Degree,Working full-time (permanent),Craft and Related Trades Workers,1
114371431945.0,Male,35.0,32-44,Diploma/ certificates or equivalent,Diploma,Working part-time (contract),Managers,0
114371454023.0,Male,38.0,32-44,Diploma/ certificates or equivalent,Diploma,Working full-time (permanent),Technician and Associate Professionals,0
114371457932.0,Female,34.0,32-44,Diploma/ certificates or equivalent,Diploma,Working full-time (permanent),Managers,0
114369656899.0,Female,35.0,32-44,Bachelor's degree/ advanced diploma or equivalent,Bachelor's Degree,Working full-time (permanent),Technician and Associate Professionals,0
114371471119.0,Male,33.0,32-44,Diploma/ certificates or equivalent,Diploma,Working full-time (permanent),Technician and Associate Professionals,0
114347706264.0,Male,30.0,27-31,Diploma/ certificates or equivalent,Diploma,Working full-time (contract),Technician and Associate Professionals,0
114372521250.0,Female,29.0,27-31,Bachelor's degree/ advanced diploma or equivalent,Bachelor's Degree,Working full-time (permanent),Technician and Associate Professionals,0
114375760725.0,Male,37.0,32-44,Bachelor's degree/ advanced diploma or equivalent,Bachelor's Degree,Working full-time (permanent),Professional,0
114346826335.0,Male,30.0,27-31,Bachelor's degree/ advanced diploma or equivalent,Bachelor's Degree,Working full-time (permanent),Craft and Related Trades Workers,1
114371474856.0,Male,25.0,23-26,Diploma/ certificates or equivalent,Diploma,Working full-time (permanent),Plant and Machine Operators and Assemblers,1
114371468572.0,Male,33.0,32-44,Diploma/ certificates or equivalent,Diploma,Working full-time (contract),Elementary Occupations,1
114371446463.0,Female,35.0,32-44,Bachelor's degree/ advanced diploma or equivalent,Bachelor's Degree,Working full-time (contract),Managers,0
114371460397.0,Male,25.0,23-26,Diploma/ certificates or equivalent,Diploma,Working full-time (permanent),Armed forces/uniform,1
114371491212.0,Female,41.0,32-44,Bachelor's degree/ advanced diploma or equivalent,Bachelor's Degree,Working full-time (permanent),Professional,0
114348621017.0,Female,37.0,32-44,Bachelor's degree/ advanced diploma or equivalent,Bachelor's Degree,Working full-time (permanent),Technician and Associate Professionals,0
114371415987.0,Female,38.0,32-44,Diploma/ certificates or equivalent,Diploma,Working full-time (permanent),Technician and Associate Professionals,0
114371419162.0,Male,44.0,32-44,Bachelor's degree/ advanced diploma or equivalent,Bachelor's Degree,Working full-time (permanent),Technician and Associate Professionals,0
114369757513.0,Female,33.0,32-44,Bachelor's degree/ advanced diploma or equivalent,Bachelor's Degree,Working full-time (permanent),Professional,0
114371437800.0,Female,32.0,32-44,Diploma/ certificates or equivalent,Diploma,Working full-time (contract),Plant and Machine Operators and Assemblers,1
114371819623.0,Female,25.0,23-26,Bachelor's degree/ advanced diploma or equivalent,Bachelor's Degree,Working full-time (permanent),Professional,0
114371422272.0,Male,31.0,27-31,Bachelor's degree/ advanced diploma or equivalent,Bachelor's Degree,Working full-time (permanent),Professional,0
114371491146.0,Male,37.0,32-44,Bachelor's degree/ advanced diploma or equivalent,Bachelor's Degree,Working full-time (contract),Managers,0
114371480945.0,Female,34.0,32-44,Bachelor's degree/ advanced diploma or equivalent,Bachelor's Degree,Working full-time (permanent),Professional,0
114371526067.0,Female,37.0,32-44,Bachelor's degree/ advanced diploma or equivalent,Bachelor's Degree,Working part-time (permanent),Technician and Associate Professionals,0
114371485491.0,Female,28.0,27-31,Diploma/ certificates or equivalent,Diploma,Working full-time (permanent),Managers,0
114371452695.0,Female,25.0,23-26,Diploma/ certificates or equivalent,Diploma,Working full-time (permanent),Technician and Associate Professionals,0
114371473037.0,Female,35.0,32-44,Diploma/ certificates or equivalent,Diploma,Working full-time (permanent),Technician and Associate Professionals,0
114371357527.0,Female,30.0,27-31,Bachelor's degree/ advanced diploma or equivalent,Bachelor's Degree,Working full-time (permanent),Clerical Support Workers,1
114371456724.0,Female,25.0,23-26,Diploma/ certificates or equivalent,Diploma,Working full-time (permanent),Professional,0
114360018080.0,Female,25.0,23-26,Diploma/ certificates or equivalent,Diploma,Working full-time (permanent),Service and Sales Workers,1
114375732529.0,Male,36.0,32-44,Bachelor's degree/ advanced diploma or equivalent,Bachelor's Degree,Working full-time (permanent),Professional,0
114371475519.0,Female,29.0,27-31,Diploma/ certificates or equivalent,Diploma,Working full-time (permanent),Professional,0
114359331119.0,Female,29.0,27-31,Bachelor's degree/ advanced diploma or equivalent,Bachelor's Degree,Working full-time (contract),Clerical Support Workers,1
114372913825.0,Female,25.0,23-26,Diploma/ certificates or equivalent,Diploma,Working full-time (permanent),Elementary Occupations,1
114371466310.0,Male,24.0,23-26,Bachelor's degree/ advanced diploma or equivalent,Bachelor's Degree,Working full-time (permanent),Professional,0
114328186718.0,Male,32.0,32-44,Bachelor's degree/ advanced diploma or equivalent,Bachelor's Degree,Working full-time (permanent),Technician and Associate Professionals,0
114358781136.0,Female,28.0,27-31,Bachelor's degree/ advanced diploma or equivalent,Bachelor's Degree,Working full-time (contract),Managers,0
114371478927.0,Male,26.0,23-26,Bachelor's degree/ advanced diploma or equivalent,Bachelor's Degree,Working part-time (contract),Managers,0
114371549697.0,Female,23.0,23-26,Diploma/ certificates or equivalent,Diploma,Working full-time (contract),Plant and Machine Operators and Assemblers,1
114371358155.0,Male,25.0,23-26,Diploma/ certificates or equivalent,Diploma,Working full-time (permanent),Plant and Machine Operators and Assemblers,1
114371452739.0,Male,41.0,32-44,Bachelor's degree/ advanced diploma or equivalent,Bachelor's Degree,Working full-time (permanent),Managers,0
114347719220.0,Male,29.0,27-31,Bachelor's degree/ advanced diploma or equivalent,Bachelor's Degree,Working full-time (permanent),Professional,0
114371412362.0,Male,35.0,32-44,Bachelor's degree/ advanced diploma or equivalent,Bachelor's Degree,Working part-time (permanent),Managers,0
114371456928.0,Male,27.0,27-31,Bachelor's degree/ advanced diploma or equivalent,Bachelor's Degree,Working full-time (permanent),Elementary Occupations,1
114371468841.0,Male,34.0,32-44,Bachelor's degree/ advanced diploma or equivalent,Bachelor's Degree,Working full-time (permanent),Professional,0
114358735772.0,Female,27.0,27-31,Bachelor's degree/ advanced diploma or equivalent,Bachelor's Degree,Working full-time (permanent),Managers,0
114371433182.0,Female,27.0,27-31,Bachelor's degree/ advanced diploma or equivalent,Bachelor's Degree,Working full-time (permanent),Technician and Associate Professionals,0
114371446497.0,Female,34.0,32-44,Diploma/ certificates or equivalent,Diploma,Working full-time (permanent),Technician and Associate Professionals,0
114349541238.0,Female,28.0,27-31,Bachelor's degree/ advanced diploma or equivalent,Bachelor's Degree,Working full-time (permanent),Professional,0
114371444279.0,Female,33.0,32-44,Bachelor's degree/ advanced diploma or equivalent,Bachelor's Degree,Working full-time (permanent),Managers,0
114371452055.0,Female,35.0,32-44,Diploma/ certificates or equivalent,Diploma,Working full-time (permanent),Managers,0
114371475763.0,Female,34.0,32-44,Bachelor's degree/ advanced diploma or equivalent,Bachelor's Degree,Working full-time (permanent),Managers,0
114371447578.0,Male,37.0,32-44,Diploma/ certificates or equivalent,Diploma,Working full-time (permanent),Craft and Related Trades Workers,1
114328171379.0,Male,27.0,27-31,Bachelor's degree/ advanced diploma or equivalent,Bachelor's Degree,Working full-time (permanent),Professional,0
114358980242.0,Male,30.0,27-31,Bachelor's degree/ advanced diploma or equivalent,Bachelor's Degree,Working full-time (permanent),Technician and Associate Professionals,0
114370565373.0,Female,34.0,32-44,Diploma/ certificates or equivalent,Diploma,Working full-time (permanent),Professional,0
114371504265.0,Female,35.0,32-44,Diploma/ certificates or equivalent,Diploma,Working full-time (permanent),Service and Sales Workers,1
114371451260.0,Female,37.0,32-44,Diploma/ certificates or equivalent,Diploma,Working full-time (permanent),Clerical Support Workers,1
114371412366.0,Male,32.0,32-44,Diploma/ certificates or equivalent,Diploma,Working full-time (contract),Managers,0
114328093304.0,Female,27.0,27-31,Diploma/ certificates or equivalent,Diploma,Working full-time (permanent),Professional,0
114371478137.0,Female,31.0,27-31,Diploma/ certificates or equivalent,Diploma,Working full-time (permanent),Elementary Occupations,1
114371458278.0,Female,35.0,32-44,Diploma/ certificates or equivalent,Diploma,Working full-time (permanent),Professional,0
114371404453.0,Male,31.0,27-31,Diploma/ certificates or equivalent,Diploma,Working full-time (permanent),Clerical Support Workers,1
114371455108.0,Female,29.0,27-31,Diploma/ certificates or equivalent,Diploma,Working part-time (permanent),Managers,0
114371439206.0,Male,33.0,32-44,Diploma/ certificates or equivalent,Diploma,Working full-time (permanent),Technician and Associate Professionals,0
114371453169.0,Female,24.0,23-26,Bachelor's degree/ advanced diploma or equivalent,Bachelor's Degree,Working full-time (permanent),Managers,0
114371304656.0,Male,37.0,32-44,Diploma/ certificates or equivalent,Diploma,Working full-time (permanent),"Skilled Agriculture, Forestry, Livestock and Fishery Workers",1
114371333209.0,Male,37.0,32-44,Diploma/ certificates or equivalent,Diploma,Working full-time (permanent),Technician and Associate Professionals,0
114369689229.0,Female,33.0,32-44,Bachelor's degree/ advanced diploma or equivalent,Bachelor's Degree,Working full-time (permanent),Managers,0
114371490658.0,Male,35.0,32-44,Bachelor's degree/ advanced diploma or equivalent,Bachelor's Degree,Working full-time (permanent),Clerical Support Workers,1
114371348593.0,Male,35.0,32-44,Diploma/ certificates or equivalent,Diploma,Working full-time (permanent),Technician and Associate Professionals,0
114371524446.0,Female,28.0,27-31,Bachelor's degree/ advanced diploma or equivalent,Bachelor's Degree,Working full-time (permanent),Managers,0
114347973375.0,Female,28.0,27-31,Diploma/ certificates or equivalent,Diploma,Working part-time (contract),Professional,0
114371469992.0,Male,27.0,27-31,Bachelor's degree/ advanced diploma or equivalent,Bachelor's Degree,Working full-time (permanent),Technician and Associate Professionals,0
114349455926.0,Male,29.0,27-31,Bachelor's degree/ advanced diploma or equivalent,Bachelor's Degree,Working full-time (permanent),Clerical Support Workers,1
114371453493.0,Female,39.0,32-44,Bachelor's degree/ advanced diploma or equivalent,Bachelor's Degree,Working full-time (permanent),Managers,0
114371456719.0,Female,33.0,32-44,Diploma/ certificates or equivalent,Diploma,Working full-time (permanent),Technician and Associate Professionals,0
114373976955.0,Male,30.0,27-31,Bachelor's degree/ advanced diploma or equivalent,Bachelor's Degree,Working full-time (permanent),Technician and Associate Professionals,0
114370822399.0,Female,34.0,32-44,Bachelor's degree/ advanced diploma or equivalent,Bachelor's Degree,Working full-time (permanent),Clerical Support Workers,1
114371470326.0,Male,28.0,27-31,Bachelor's degree/ advanced diploma or equivalent,Bachelor's Degree,Working full-time (permanent),Clerical Support Workers,1
114369681497.0,Male,36.0,32-44,Bachelor's degree/ advanced diploma or equivalent,Bachelor's Degree,Working full-time (permanent),Professional,0
114371456239.0,Female,35.0,32-44,Diploma/ certificates or equivalent,Diploma,Working full-time (permanent),Managers,0
114371467449.0,Female,36.0,32-44,Bachelor's degree/ advanced diploma or equivalent,Bachelor's Degree,Working full-time (permanent),Professional,0
114371490243.0,Male,25.0,23-26,Diploma/ certificates or equivalent,Diploma,Working full-time (permanent),Service and Sales Workers,1
114371436104.0,Female,23.0,23-26,Diploma/ certificates or equivalent,Diploma,Working full-time (permanent),Plant and Machine Operators and Assemblers,1
114371449707.0,Male,41.0,32-44,Bachelor's degree/ advanced diploma or equivalent,Bachelor's Degree,Working full-time (permanent),Elementary Occupations,1
114371473895.0,Male,26.0,23-26,Bachelor's degree/ advanced diploma or equivalent,Bachelor's Degree,Working full-time (permanent),Technician and Associate Professionals,0
114375628563.0,Male,35.0,32-44,Bachelor's degree/ advanced diploma or equivalent,Bachelor's Degree,Working full-time (permanent),Professional,0
114347744234.0,Male,27.0,27-31,Bachelor's degree/ advanced diploma or equivalent,Bachelor's Degree,Working full-time (permanent),Clerical Support Workers,1
114371737945.0,Female,27.0,27-31,Bachelor's degree/ advanced diploma or equivalent,Bachelor's Degree,Working full-time (permanent),Professional,0
114347724708.0,Female,26.0,23-26,Bachelor's degree/ advanced diploma or equivalent,Bachelor's Degree,Working full-time (permanent),Technician and Associate Professionals,0
114371473177.0,Female,30.0,27-31,Diploma/ certificates or equivalent,Diploma,Working full-time (permanent),Professional,0
114371469080.0,Female,24.0,23-26,Bachelor's degree/ advanced diploma or equivalent,Bachelor's Degree,Working full-time (contract),Technician and Associate Professionals,0
114371489041.0,Female,24.0,23-26,Diploma/ certificates or equivalent,Diploma,Working full-time (permanent),Clerical Support Workers,1
114358718383.0,Male,27.0,27-31,Bachelor's degree/ advanced diploma or equivalent,Bachelor's Degree,Working full-time (permanent),Technician and Associate Professionals,0
114371461974.0,Male,32.0,32-44,Diploma/ certificates or equivalent,Diploma,Working full-time (permanent),Professional,0
114371489784.0,Male,30.0,27-31,Diploma/ certificates or equivalent,Diploma,Working full-time (permanent),Managers,0
114347965006.0,Female,25.0,23-26,Bachelor's degree/ advanced diploma or equivalent,Bachelor's Degree,Working full-time (permanent),Plant and Machine Operators and Assemblers,1
114371255916.0,Male,36.0,32-44,Bachelor's degree/ advanced diploma or equivalent,Bachelor's Degree,Working full-time (permanent),Professional,0
114371445758.0,Female,34.0,32-44,Bachelor's degree/ advanced diploma or equivalent,Bachelor's Degree,Working full-time (permanent),Professional,0
114347726476.0,Male,26.0,23-26,Bachelor's degree/ advanced diploma or equivalent,Bachelor's Degree,Working full-time (permanent),Professional,0
114371503474.0,Female,34.0,32-44,Diploma/ certificates or equivalent,Diploma,Working full-time (permanent),Professional,0
114371497345.0,Male,27.0,27-31,Diploma/ certificates or equivalent,Diploma,Working full-time (permanent),Professional,0
114371463195.0,Female,30.0,27-31,Bachelor's degree/ advanced diploma or equivalent,Bachelor's Degree,Working full-time (permanent),Professional,0
114349569561.0,Male,34.0,32-44,Bachelor's degree/ advanced diploma or equivalent,Bachelor's Degree,Working full-time (permanent),Technician and Associate Professionals,0
114371509581.0,Male,24.0,23-26,Diploma/ certificates or equivalent,Diploma,Working full-time (permanent),Elementary Occupations,1
114371462086.0,Female,28.0,27-31,Bachelor's degree/ advanced diploma or equivalent,Bachelor's Degree,Working full-time (permanent),Service and Sales Workers,1
114371447279.0,Female,33.0,32-44,Diploma/ certificates or equivalent,Diploma,Working full-time (permanent),Managers,0
114375623520.0,Male,35.0,32-44,Diploma/ certificates or equivalent,Diploma,Working full-time (permanent),Managers,0
114371420543.0,Female,25.0,23-26,Diploma/ certificates or equivalent,Diploma,Working full-time (permanent),Armed forces/uniform,1
114371431427.0,Female,35.0,32-44,Bachelor's degree/ advanced diploma or equivalent,Bachelor's Degree,Working full-time (permanent),Managers,0
114371474989.0,Female,36.0,32-44,Diploma/ certificates or equivalent,Diploma,Working full-time (contract),Technician and Associate Professionals,0
114371486613.0,Female,33.0,32-44,Diploma/ certificates or equivalent,Diploma,Working full-time (permanent),Technician and Associate Professionals,0
114371449649.0,Female,23.0,23-26,Bachelor's degree/ advanced diploma or equivalent,Bachelor's Degree,Working full-time (permanent),Professional,0
114371459610.0,Male,37.0,32-44,Diploma/ certificates or equivalent,Diploma,Working full-time (permanent),Managers,0
114369924261.0,Female,30.0,27-31,Diploma/ certificates or equivalent,Diploma,Working full-time (permanent),"Skilled Agriculture, Forestry, Livestock and Fishery Workers",1
114371429066.0,Female,33.0,32-44,Diploma/ certificates or equivalent,Diploma,Working full-time (permanent),Clerical Support Workers,1
114371452040.0,Female,36.0,32-44,Diploma/ certificates or equivalent,Diploma,Working full-time (permanent),Managers,0
114375633194.0,Male,36.0,32-44,Bachelor's degree/ advanced diploma or equivalent,Bachelor's Degree,Working part-time (permanent),Service and Sales Workers,1
114371481368.0,Male,25.0,23-26,Bachelor's degree/ advanced diploma or equivalent,Bachelor's Degree,Working full-time (permanent),Craft and Related Trades Workers,1
114369176190.0,Male,24.0,23-26,Diploma/ certificates or equivalent,Diploma,Working full-time (permanent),Technician and Associate Professionals,0
114369684061.0,Female,34.0,32-44,Bachelor's degree/ advanced diploma or equivalent,Bachelor's Degree,Working full-time (permanent),Managers,0
114371462193.0,Female,23.0,23-26,Diploma/ certificates or equivalent,Diploma,Working full-time (permanent),Service and Sales Workers,1
114371438342.0,Male,34.0,32-44,Diploma/ certificates or equivalent,Diploma,Working full-time (contract),Elementary Occupations,1
114371466278.0,Male,41.0,32-44,Bachelor's degree/ advanced diploma or equivalent,Bachelor's Degree,Working full-time (permanent),Professional,0
114371488729.0,Female,33.0,32-44,Bachelor's degree/ advanced diploma or equivalent,Bachelor's Degree,Working full-time (permanent),Technician and Associate Professionals,0
114371466551.0,Female,37.0,32-44,Diploma/ certificates or equivalent,Diploma,Working full-time (permanent),Technician and Associate Professionals,0
114371408991.0,Female,31.0,27-31,Diploma/ certificates or equivalent,Diploma,Working part-time (contract),Managers,0
114371469047.0,Male,39.0,32-44,Bachelor's degree/ advanced diploma or equivalent,Bachelor's Degree,Working full-time (permanent),Managers,0
114375632511.0,Male,38.0,32-44,Bachelor's degree/ advanced diploma or equivalent,Bachelor's Degree,Working full-time (permanent),Professional,0
114376453841.0,Male,41.0,32-44,Diploma/ certificates or equivalent,Diploma,Working full-time (permanent),Professional,0
114371397107.0,Female,33.0,32-44,Bachelor's degree/ advanced diploma or equivalent,Bachelor's Degree,Working full-time (permanent),Managers,0
114371640956.0,Female,33.0,32-44,Diploma/ certificates or equivalent,Diploma,Working part-time (permanent),Managers,0
114369682821.0,Female,34.0,32-44,Diploma/ certificates or equivalent,Diploma,Working full-time (permanent),Professional,0
114359557511.0,Female,35.0,32-44,Bachelor's degree/ advanced diploma or equivalent,Bachelor's Degree,Working full-time (permanent),Managers,0
114371415741.0,Female,40.0,32-44,Bachelor's degree/ advanced diploma or equivalent,Bachelor's Degree,Working full-time (permanent),Managers,0
114369583257.0,Male,35.0,32-44,Diploma/ certificates or equivalent,Diploma,Working full-time (permanent),Craft and Related Trades Workers,1
114371458836.0,Female,35.0,32-44,Diploma/ certificates or equivalent,Diploma,Working full-time (permanent),Technician and Associate Professionals,0
114371449329.0,Female,35.0,32-44,Diploma/ certificates or equivalent,Diploma,Working full-time (permanent),Professional,0
114371394429.0,Male,25.0,23-26,Bachelor's degree/ advanced diploma or equivalent,Bachelor's Degree,Working full-time (permanent),Technician and Associate Professionals,0
114371448225.0,Female,29.0,27-31,Bachelor's degree/ advanced diploma or equivalent,Bachelor's Degree,Working full-time (permanent),Technician and Associate Professionals,0
114371456933.0,Male,25.0,23-26,Bachelor's degree/ advanced diploma or equivalent,Bachelor's Degree,Working full-time (permanent),Clerical Support Workers,1
114371467372.0,Female,37.0,32-44,Bachelor's degree/ advanced diploma or equivalent,Bachelor's Degree,Working full-time (permanent),Professional,0
114347706309.0,Male,30.0,27-31,Bachelor's degree/ advanced diploma or equivalent,Bachelor's Degree,Working full-time (permanent),Professional,0
114371280537.0,Female,33.0,32-44,Bachelor's degree/ advanced diploma or equivalent,Bachelor's Degree,Working full-time (permanent),Managers,0
114348790131.0,Female,36.0,32-44,Bachelor's degree/ advanced diploma or equivalent,Bachelor's Degree,Working full-time (permanent),Technician and Associate Professionals,0
114371466147.0,Female,25.0,23-26,Bachelor's degree/ advanced diploma or equivalent,Bachelor's Degree,Working full-time (permanent),Professional,0
114371468629.0,Female,32.0,32-44,Diploma/ certificates or equivalent,Diploma,Working full-time (permanent),Professional,0
114371481074.0,Female,38.0,32-44,Bachelor's degree/ advanced diploma or equivalent,Bachelor's Degree,Working full-time (permanent),Managers,0
114359284206.0,Male,43.0,32-44,Bachelor's degree/ advanced diploma or equivalent,Bachelor's Degree,Working full-time (permanent),Elementary Occupations,1
114371489167.0,Female,35.0,32-44,Diploma/ certificates or equivalent,Diploma,Working full-time (permanent),Service and Sales Workers,1
114371467230.0,Male,34.0,32-44,Diploma/ certificates or equivalent,Diploma,Working full-time (permanent),Craft and Related Trades Workers,1
114371458094.0,Male,30.0,27-31,Diploma/ certificates or equivalent,Diploma,Working full-time (permanent),Managers,0
114347755852.0,Male,27.0,27-31,Bachelor's degree/ advanced diploma or equivalent,Bachelor's Degree,Working full-time (contract),Professional,0
114371487435.0,Male,40.0,32-44,Bachelor's degree/ advanced diploma or equivalent,Bachelor's Degree,Working full-time (permanent),Technician and Associate Professionals,0
114371409847.0,Female,28.0,27-31,Bachelor's degree/ advanced diploma or equivalent,Bachelor's Degree,Working full-time (permanent),Professional,0
114371445112.0,Female,27.0,27-31,Bachelor's degree/ advanced diploma or equivalent,Bachelor's Degree,Working full-time (permanent),Technician and Associate Professionals,0
114371481833.0,Female,31.0,27-31,Diploma/ certificates or equivalent,Diploma,Working full-time (permanent),Managers,0
114378129735.0,Male,35.0,32-44,Bachelor's degree/ advanced diploma or equivalent,Bachelor's Degree,Working full-time (permanent),Professional,0
114371466913.0,Female,26.0,23-26,Diploma/ certificates or equivalent,Diploma,Working full-time (permanent),Elementary Occupations,1
114347002905.0,Male,29.0,27-31,Bachelor's degree/ advanced diploma or equivalent,Bachelor's Degree,Working full-time (permanent),Managers,0
114369668518.0,Male,33.0,32-44,Diploma/ certificates or equivalent,Diploma,Working full-time (contract),Technician and Associate Professionals,0
114347790447.0,Female,29.0,27-31,Bachelor's degree/ advanced diploma or equivalent,Bachelor's Degree,Working full-time (permanent),Professional,0
114371464699.0,Female,28.0,27-31,Bachelor's degree/ advanced diploma or equivalent,Bachelor's Degree,Working full-time (permanent),Professional,0
114370328319.0,Male,36.0,32-44,Diploma/ certificates or equivalent,Diploma,Working full-time (permanent),Technician and Associate Professionals,0
114347720374.0,Female,25.0,23-26,Diploma/ certificates or equivalent,Diploma,Working full-time (permanent),Plant and Machine Operators and Assemblers,1
114371396897.0,Male,37.0,32-44,Bachelor's degree/ advanced diploma or equivalent,Bachelor's Degree,Working full-time (permanent),Managers,0
114371441987.0,Female,27.0,27-31,Diploma/ certificates or equivalent,Diploma,Working full-time (permanent),Technician and Associate Professionals,0
114371445946.0,Male,24.0,23-26,Bachelor's degree/ advanced diploma or equivalent,Bachelor's Degree,Working full-time (permanent),Professional,0
114371497808.0,Male,25.0,23-26,Bachelor's degree/ advanced diploma or equivalent,Bachelor's Degree,Working full-time (permanent),Professional,0
114348659438.0,Female,28.0,27-31,Bachelor's degree/ advanced diploma or equivalent,Bachelor's Degree,Working full-time (permanent),Professional,0
114375626597.0,Male,35.0,32-44,Bachelor's degree/ advanced diploma or equivalent,Bachelor's Degree,Working full-time (permanent),Managers,0
114371464582.0,Female,33.0,32-44,Diploma/ certificates or equivalent,Diploma,Working full-time (permanent),Technician and Associate Professionals,0
114349570649.0,Male,28.0,27-31,Bachelor's degree/ advanced diploma or equivalent,Bachelor's Degree,Working full-time (permanent),Professional,0
114371456361.0,Male,36.0,32-44,Bachelor's degree/ advanced diploma or equivalent,Bachelor's Degree,Working full-time (permanent),Managers,0
114371460910.0,Female,27.0,27-31,Diploma/ certificates or equivalent,Diploma,Working full-time (permanent),Service and Sales Workers,1
114371482216.0,Female,37.0,32-44,Diploma/ certificates or equivalent,Diploma,Working full-time (permanent),Managers,0
114369569970.0,Male,35.0,32-44,Diploma/ certificates or equivalent,Diploma,Working full-time (contract),Professional,0
114347766366.0,Female,27.0,27-31,Bachelor's degree/ advanced diploma or equivalent,Bachelor's Degree,Working full-time (permanent),Professional,0
114369583396.0,Female,37.0,32-44,Bachelor's degree/ advanced diploma or equivalent,Bachelor's Degree,Working full-time (permanent),Technician and Associate Professionals,0
114371388456.0,Male,25.0,23-26,Diploma/ certificates or equivalent,Diploma,Working part-time (contract),Clerical Support Workers,1
114371900084.0,Female,38.0,32-44,Diploma/ certificates or equivalent,Diploma,Working full-time (permanent),Clerical Support Workers,1
114371468272.0,Female,39.0,32-44,Bachelor's degree/ advanced diploma or equivalent,Bachelor's Degree,Working full-time (permanent),Managers,0
114371466395.0,Female,29.0,27-31,Diploma/ certificates or equivalent,Diploma,Working full-time (contract),Craft and Related Trades Workers,1
114359911573.0,Male,27.0,27-31,Bachelor's degree/ advanced diploma or equivalent,Bachelor's Degree,Working full-time (permanent),Professional,0
114371723123.0,Female,24.0,23-26,Diploma/ certificates or equivalent,Diploma,Working full-time (contract),Clerical Support Workers,1
114371454061.0,Male,30.0,27-31,Diploma/ certificates or equivalent,Diploma,Working full-time (permanent),Service and Sales Workers,1
114348205838.0,Female,29.0,27-31,Bachelor's degree/ advanced diploma or equivalent,Bachelor's Degree,Working full-time (permanent),Managers,0
114371462643.0,Female,37.0,32-44,Bachelor's degree/ advanced diploma or equivalent,Bachelor's Degree,Working full-time (permanent),Technician and Associate Professionals,0
114358855553.0,Male,29.0,27-31,Bachelor's degree/ advanced diploma or equivalent,Bachelor's Degree,Working full-time (permanent),Professional,0
114371486007.0,Female,28.0,27-31,Diploma/ certificates or equivalent,Diploma,Working full-time (permanent),Technician and Associate Professionals,0
114371442328.0,Female,25.0,23-26,Bachelor's degree/ advanced diploma or equivalent,Bachelor's Degree,Working full-time (permanent),Technician and Associate Professionals,0
114371405554.0,Female,34.0,32-44,Diploma/ certificates or equivalent,Diploma,Working full-time (permanent),Managers,0
114371448925.0,Female,26.0,23-26,Diploma/ certificates or equivalent,Diploma,Working full-time (permanent),Professional,0
114371404296.0,Female,33.0,32-44,Diploma/ certificates or equivalent,Diploma,Working full-time (permanent),Professional,0
114348073963.0,Male,25.0,23-26,Diploma/ certificates or equivalent,Diploma,Working full-time (permanent),Plant and Machine Operators and Assemblers,1
114371463370.0,Female,32.0,32-44,Diploma/ certificates or equivalent,Diploma,Working full-time (permanent),Technician and Associate Professionals,0
114348237475.0,Female,33.0,32-44,Bachelor's degree/ advanced diploma or equivalent,Bachelor's Degree,Working full-time (permanent),Clerical Support Workers,1
114347709171.0,Female,26.0,23-26,Bachelor's degree/ advanced diploma or equivalent,Bachelor's Degree,Working full-time (permanent),Professional,0
114348598515.0,Female,27.0,27-31,Diploma/ certificates or equivalent,Diploma,Working full-time (permanent),Clerical Support Workers,1
114347727592.0,Male,29.0,27-31,Bachelor's degree/ advanced diploma or equivalent,Bachelor's Degree,Working full-time (permanent),Clerical Support Workers,1
114371667216.0,Male,26.0,23-26,Diploma/ certificates or equivalent,Diploma,Working full-time (contract),Managers,0
114371646305.0,Male,23.0,23-26,Bachelor's degree/ advanced diploma or equivalent,Bachelor's Degree,Working full-time (permanent),Technician and Associate Professionals,0
114371550667.0,Male,35.0,32-44,Diploma/ certificates or equivalent,Diploma,Working full-time (permanent),Managers,0
114371473929.0,Female,32.0,32-44,Diploma/ certificates or equivalent,Diploma,Working full-time (permanent),Plant and Machine Operators and Assemblers,1
114371418070.0,Female,33.0,32-44,Diploma/ certificates or equivalent,Diploma,Working full-time (permanent),Managers,0
114369763146.0,Male,33.0,32-44,Bachelor's degree/ advanced diploma or equivalent,Bachelor's Degree,Working full-time (permanent),Managers,0
114372187685.0,Female,37.0,32-44,Bachelor's degree/ advanced diploma or equivalent,Bachelor's Degree,Working full-time (contract),Technician and Associate Professionals,0
114371523570.0,Female,25.0,23-26,Bachelor's degree/ advanced diploma or equivalent,Bachelor's Degree,Working full-time (permanent),Technician and Associate Professionals,0
114371487636.0,Male,35.0,32-44,Diploma/ certificates or equivalent,Diploma,Working full-time (permanent),Technician and Associate Professionals,0
114371392275.0,Male,27.0,27-31,Bachelor's degree/ advanced diploma or equivalent,Bachelor's Degree,Working full-time (permanent),Elementary Occupations,1
114371443251.0,Female,36.0,32-44,Bachelor's degree/ advanced diploma or equivalent,Bachelor's Degree,Working full-time (permanent),Managers,0
114371529524.0,Female,27.0,27-31,Diploma/ certificates or equivalent,Diploma,Working full-time (permanent),Professional,0
114371447755.0,Female,23.0,23-26,Bachelor's degree/ advanced diploma or equivalent,Bachelor's Degree,Working full-time (permanent),Professional,0
114371582320.0,Female,35.0,32-44,Diploma/ certificates or equivalent,Diploma,Working full-time (permanent),Clerical Support Workers,1
114359266688.0,Female,36.0,32-44,Bachelor's degree/ advanced diploma or equivalent,Bachelor's Degree,Working full-time (permanent),Clerical Support Workers,1
114347718222.0,Female,31.0,27-31,Diploma/ certificates or equivalent,Diploma,Working full-time (permanent),Managers,0
114371471337.0,Female,30.0,27-31,Bachelor's degree/ advanced diploma or equivalent,Bachelor's Degree,Working full-time (permanent),Professional,0
114371397118.0,Female,33.0,32-44,Diploma/ certificates or equivalent,Diploma,Working full-time (contract),Service and Sales Workers,1
114371455591.0,Female,35.0,32-44,Bachelor's degree/ advanced diploma or equivalent,Bachelor's Degree,Working full-time (permanent),Professional,0
114371449999.0,Female,36.0,32-44,Diploma/ certificates or equivalent,Diploma,Working part-time (contract),Technician and Associate Professionals,0
114347865067.0,Female,28.0,27-31,Bachelor's degree/ advanced diploma or equivalent,Bachelor's Degree,Working full-time (contract),Clerical Support Workers,1
114371336875.0,Female,25.0,23-26,Diploma/ certificates or equivalent,Diploma,Working full-time (permanent),Elementary Occupations,1
114358927380.0,Male,31.0,27-31,Bachelor's degree/ advanced diploma or equivalent,Bachelor's Degree,Working full-time (contract),Professional,0
114337567143.0,Female,25.0,23-26,Diploma/ certificates or equivalent,Diploma,Working part-time (permanent),Technician and Associate Professionals,0
114376212981.0,Male,36.0,32-44,Bachelor's degree/ advanced diploma or equivalent,Bachelor's Degree,Working full-time (permanent),Professional,0
114371466625.0,Male,30.0,27-31,Diploma/ certificates or equivalent,Diploma,Working full-time (permanent),Plant and Machine Operators and Assemblers,1
114371486014.0,Male,28.0,27-31,Diploma/ certificates or equivalent,Diploma,Working full-time (permanent),Technician and Associate Professionals,0
114371411478.0,Male,38.0,32-44,Diploma/ certificates or equivalent,Diploma,Working full-time (permanent),Elementary Occupations,1
114371470909.0,Male,23.0,23-26,Bachelor's degree/ advanced diploma or equivalent,Bachelor's Degree,Working full-time (permanent),Professional,0
114357413510.0,Female,28.0,27-31,Bachelor's degree/ advanced diploma or equivalent,Bachelor's Degree,Working full-time (permanent),Managers,0
114348743438.0,Female,31.0,27-31,Bachelor's degree/ advanced diploma or equivalent,Bachelor's Degree,Working full-time (permanent),Clerical Support Workers,1
114375646512.0,Male,36.0,32-44,Bachelor's degree/ advanced diploma or equivalent,Bachelor's Degree,Working full-time (permanent),Professional,0
114348536575.0,Male,38.0,32-44,Bachelor's degree/ advanced diploma or equivalent,Bachelor's Degree,Working full-time (permanent),Technician and Associate Professionals,0
114326259643.0,Female,29.0,27-31,Diploma/ certificates or equivalent,Diploma,Working full-time (permanent),Technician and Associate Professionals,0
114371505572.0,Male,34.0,32-44,Bachelor's degree/ advanced diploma or equivalent,Bachelor's Degree,Working full-time (permanent),Technician and Associate Professionals,0
114371459483.0,Female,34.0,32-44,Diploma/ certificates or equivalent,Diploma,Working part-time (permanent),Service and Sales Workers,1
114358944748.0,Female,26.0,23-26,Diploma/ certificates or equivalent,Diploma,Working full-time (permanent),Managers,0
114371433933.0,Female,39.0,32-44,Bachelor's degree/ advanced diploma or equivalent,Bachelor's Degree,Working full-time (permanent),Craft and Related Trades Workers,1
114371460328.0,Female,30.0,27-31,Diploma/ certificates or equivalent,Diploma,Working full-time (permanent),Professional,0
114371407083.0,Female,33.0,32-44,Diploma/ certificates or equivalent,Diploma,Working full-time (permanent),Technician and Associate Professionals,0
114371492004.0,Female,31.0,27-31,Bachelor's degree/ advanced diploma or equivalent,Bachelor's Degree,Working full-time (permanent),Managers,0
114371484382.0,Female,39.0,32-44,Diploma/ certificates or equivalent,Diploma,Working full-time (permanent),Service and Sales Workers,1
114371465430.0,Female,26.0,23-26,Diploma/ certificates or equivalent,Diploma,Working full-time (permanent),Clerical Support Workers,1
114369568769.0,Male,36.0,32-44,Bachelor's degree/ advanced diploma or equivalent,Bachelor's Degree,Working full-time (contract),Professional,0
114371448006.0,Female,26.0,23-26,Bachelor's degree/ advanced diploma or equivalent,Bachelor's Degree,Working full-time (permanent),Professional,0
114372983272.0,Male,24.0,23-26,Diploma/ certificates or equivalent,Diploma,Working full-time (permanent),Managers,0
114369857642.0,Female,24.0,23-26,Bachelor's degree/ advanced diploma or equivalent,Bachelor's Degree,Working full-time (permanent),Clerical Support Workers,1
114371427218.0,Male,23.0,23-26,Diploma/ certificates or equivalent,Diploma,Working full-time (permanent),Craft and Related Trades Workers,1
114350604285.0,Female,28.0,27-31,Bachelor's degree/ advanced diploma or equivalent,Bachelor's Degree,Working full-time (permanent),Clerical Support Workers,1
114371448500.0,Female,23.0,23-26,Bachelor's degree/ advanced diploma or equivalent,Bachelor's Degree,Working full-time (permanent),"Skilled Agriculture, Forestry, Livestock and Fishery Workers",1
114371640448.0,Female,25.0,23-26,Diploma/ certificates or equivalent,Diploma,Working full-time (permanent),Managers,0
114358704354.0,Male,27.0,27-31,Diploma/ certificates or equivalent,Diploma,Working full-time (permanent),Technician and Associate Professionals,0
114371539490.0,Female,34.0,32-44,Bachelor's degree/ advanced diploma or equivalent,Bachelor's Degree,Working full-time (permanent),Professional,0
114351526526.0,Male,37.0,32-44,Bachelor's degree/ advanced diploma or equivalent,Bachelor's Degree,Working full-time (permanent),Professional,0
114371483359.0,Female,23.0,23-26,Diploma/ certificates or equivalent,Diploma,Working full-time (permanent),Clerical Support Workers,1
114371515929.0,Female,27.0,27-31,Bachelor's degree/ advanced diploma or equivalent,Bachelor's Degree,Working full-time (contract),Technician and Associate Professionals,0
114371479805.0,Male,30.0,27-31,Diploma/ certificates or equivalent,Diploma,Working full-time (permanent),Managers,0
114371435317.0,Female,35.0,32-44,Diploma/ certificates or equivalent,Diploma,Working full-time (permanent),Service and Sales Workers,1
114370310906.0,Male,34.0,32-44,Diploma/ certificates or equivalent,Diploma,Working full-time (permanent),Technician and Associate Professionals,0
114371452452.0,Female,37.0,32-44,Diploma/ certificates or equivalent,Diploma,Working full-time (permanent),Professional,0
114371515166.0,Male,36.0,32-44,Bachelor's degree/ advanced diploma or equivalent,Bachelor's Degree,Working full-time (contract),Professional,0
114371466079.0,Female,25.0,23-26,Diploma/ certificates or equivalent,Diploma,Working full-time (permanent),Professional,0
114371540908.0,Female,23.0,23-26,Diploma/ certificates or equivalent,Diploma,Working full-time (contract),Professional,0
114371453548.0,Female,36.0,32-44,Bachelor's degree/ advanced diploma or equivalent,Bachelor's Degree,Working full-time (permanent),Clerical Support Workers,1
114371467159.0,Female,35.0,32-44,Diploma/ certificates or equivalent,Diploma,Working full-time (permanent),Managers,0
114371417067.0,Female,35.0,32-44,Diploma/ certificates or equivalent,Diploma,Working full-time (permanent),Technician and Associate Professionals,0
114369593929.0,Male,35.0,32-44,Diploma/ certificates or equivalent,Diploma,Working full-time (permanent),Technician and Associate Professionals,0
114371470211.0,Male,29.0,27-31,Diploma/ certificates or equivalent,Diploma,Working full-time (permanent),Technician and Associate Professionals,0
114347714346.0,Female,29.0,27-31,Diploma/ certificates or equivalent,Diploma,Working full-time (permanent),Managers,0
114371468325.0,Male,31.0,27-31,Diploma/ certificates or equivalent,Diploma,Working full-time (permanent),Technician and Associate Professionals,0
114371457802.0,Female,36.0,32-44,Bachelor's degree/ advanced diploma or equivalent,Bachelor's Degree,Working full-time (permanent),Professional,0
114373677768.0,Male,36.0,32-44,Bachelor's degree/ advanced diploma or equivalent,Bachelor's Degree,Working full-time (permanent),Professional,0
114375625110.0,Male,35.0,32-44,Diploma/ certificates or equivalent,Diploma,Working full-time (permanent),Technician and Associate Professionals,0
114347728910.0,Male,27.0,27-31,Diploma/ certificates or equivalent,Diploma,Working full-time (permanent),Technician and Associate Professionals,0
114358720305.0,Female,30.0,27-31,Bachelor's degree/ advanced diploma or equivalent,Bachelor's Degree,Working full-time (permanent),Technician and Associate Professionals,0
114375634726.0,Female,36.0,32-44,Bachelor's degree/ advanced diploma or equivalent,Bachelor's Degree,Working full-time (permanent),Service and Sales Workers,1
114371454265.0,Female,25.0,23-26,Diploma/ certificates or equivalent,Diploma,Working full-time (permanent),Professional,0
114371394320.0,Male,38.0,32-44,Bachelor's degree/ advanced diploma or equivalent,Bachelor's Degree,Working full-time (permanent),Plant and Machine Operators and Assemblers,1
114371438100.0,Female,38.0,32-44,Diploma/ certificates or equivalent,Diploma,Working full-time (permanent),Clerical Support Workers,1
114371478574.0,Male,32.0,32-44,Diploma/ certificates or equivalent,Diploma,Working full-time (contract),Service and Sales Workers,1
114383478502.0,Male,36.0,32-44,Bachelor's degree/ advanced diploma or equivalent,Bachelor's Degree,Working full-time (permanent),Technician and Associate Professionals,0
114371484091.0,Female,36.0,32-44,Diploma/ certificates or equivalent,Diploma,Working part-time (contract),Service and Sales Workers,1
114371449102.0,Female,29.0,27-31,Diploma/ certificates or equivalent,Diploma,Working full-time (permanent),Clerical Support Workers,1
114348849963.0,Male,36.0,32-44,Diploma/ certificates or equivalent,Diploma,Working full-time (permanent),Technician and Associate Professionals,0
114371511853.0,Female,35.0,32-44,Diploma/ certificates or equivalent,Diploma,Working full-time (permanent),Elementary Occupations,1
114371492941.0,Female,35.0,32-44,Diploma/ certificates or equivalent,Diploma,Working full-time (permanent),Clerical Support Workers,1
114347768042.0,Female,30.0,27-31,Bachelor's degree/ advanced diploma or equivalent,Bachelor's Degree,Working full-time (permanent),Technician and Associate Professionals,0
114347729476.0,Female,27.0,27-31,Bachelor's degree/ advanced diploma or equivalent,Bachelor's Degree,Working full-time (permanent),Managers,0
114358780239.0,Female,28.0,27-31,Bachelor's degree/ advanced diploma or equivalent,Bachelor's Degree,Working full-time (permanent),Managers,0
114358750532.0,Male,30.0,27-31,Bachelor's degree/ advanced diploma or equivalent,Bachelor's Degree,Working full-time (permanent),Professional,0
114371297256.0,Male,33.0,32-44,Bachelor's degree/ advanced diploma or equivalent,Bachelor's Degree,Working full-time (permanent),Managers,0
114371507242.0,Male,27.0,27-31,Diploma/ certificates or equivalent,Diploma,Working full-time (permanent),Professional,0
114347718287.0,Female,27.0,27-31,Bachelor's degree/ advanced diploma or equivalent,Bachelor's Degree,Working full-time (permanent),Professional,0
114371408936.0,Male,23.0,23-26,Diploma/ certificates or equivalent,Diploma,Working full-time (permanent),Technician and Associate Professionals,0
114371441321.0,Male,35.0,32-44,Diploma/ certificates or equivalent,Diploma,Working full-time (permanent),Elementary Occupations,1
114371450620.0,Female,39.0,32-44,Bachelor's degree/ advanced diploma or equivalent,Bachelor's Degree,Working full-time (permanent),Clerical Support Workers,1
114371496483.0,Female,34.0,32-44,Diploma/ certificates or equivalent,Diploma,Working full-time (permanent),Managers,0
114358713945.0,Female,27.0,27-31,Diploma/ certificates or equivalent,Diploma,Working full-time (contract),Plant and Machine Operators and Assemblers,1
114358711668.0,Male,26.0,23-26,Bachelor's degree/ advanced diploma or equivalent,Bachelor's Degree,Working full-time (permanent),Professional,0
114369578421.0,Male,35.0,32-44,Bachelor's degree/ advanced diploma or equivalent,Bachelor's Degree,Working full-time (permanent),Managers,0
114371817485.0,Male,35.0,32-44,Bachelor's degree/ advanced diploma or equivalent,Bachelor's Degree,Working full-time (permanent),Technician and Associate Professionals,0
114371484212.0,Female,34.0,32-44,Diploma/ certificates or equivalent,Diploma,Working full-time (contract),Technician and Associate Professionals,0
114347715595.0,Male,27.0,27-31,Bachelor's degree/ advanced diploma or equivalent,Bachelor's Degree,Working full-time (permanent),Professional,0
114347713122.0,Male,29.0,27-31,Bachelor's degree/ advanced diploma or equivalent,Bachelor's Degree,Working full-time (permanent),Professional,0
114371475006.0,Female,36.0,32-44,Diploma/ certificates or equivalent,Diploma,Working full-time (permanent),Service and Sales Workers,1
114337213118.0,Female,27.0,27-31,Diploma/ certificates or equivalent,Diploma,Working full-time (permanent),Service and Sales Workers,1
114371517473.0,Female,30.0,27-31,Bachelor's degree/ advanced diploma or equivalent,Bachelor's Degree,Working full-time (permanent),Professional,0
114369741865.0,Male,34.0,32-44,Diploma/ certificates or equivalent,Diploma,Working full-time (contract),Technician and Associate Professionals,0
114371469877.0,Male,41.0,32-44,Bachelor's degree/ advanced diploma or equivalent,Bachelor's Degree,Working full-time (permanent),Technician and Associate Professionals,0
114369677063.0,Male,34.0,32-44,Bachelor's degree/ advanced diploma or equivalent,Bachelor's Degree,Working full-time (permanent),Professional,0
114371452497.0,Female,29.0,27-31,Diploma/ certificates or equivalent,Diploma,Working full-time (contract),Clerical Support Workers,1
114371453180.0,Female,25.0,23-26,Diploma/ certificates or equivalent,Diploma,Working full-time (permanent),Clerical Support Workers,1
114349836358.0,Female,26.0,23-26,Diploma/ certificates or equivalent,Diploma,Working full-time (permanent),Professional,0
114347757260.0,Female,27.0,27-31,Diploma/ certificates or equivalent,Diploma,Working full-time (permanent),Technician and Associate Professionals,0
114371516610.0,Male,36.0,32-44,Bachelor's degree/ advanced diploma or equivalent,Bachelor's Degree,Working full-time (permanent),Professional,0
114375671143.0,Male,36.0,32-44,Bachelor's degree/ advanced diploma or equivalent,Bachelor's Degree,Working full-time (permanent),Managers,0
114371421455.0,Female,23.0,23-26,Diploma/ certificates or equivalent,Diploma,Working part-time (permanent),Technician and Associate Professionals,0
114363266760.0,Female,27.0,27-31,Bachelor's degree/ advanced diploma or equivalent,Bachelor's Degree,Working full-time (permanent),Managers,0
114327013795.0,Male,25.0,23-26,Diploma/ certificates or equivalent,Diploma,Working full-time (permanent),Craft and Related Trades Workers,1
114346008826.0,Female,25.0,23-26,Bachelor's degree/ advanced diploma or equivalent,Bachelor's Degree,Working full-time (contract),Managers,0
114347711869.0,Male,26.0,23-26,Bachelor's degree/ advanced diploma or equivalent,Bachelor's Degree,Working full-time (permanent),Technician and Associate Professionals,0
114374692305.0,Female,27.0,27-31,Bachelor's degree/ advanced diploma or equivalent,Bachelor's Degree,Working full-time (permanent),Service and Sales Workers,1
114371504377.0,Female,26.0,23-26,Bachelor's degree/ advanced diploma or equivalent,Bachelor's Degree,Working full-time (permanent),Professional,0
114347701261.0,Male,29.0,27-31,Bachelor's degree/ advanced diploma or equivalent,Bachelor's Degree,Working full-time (permanent),Technician and Associate Professionals,0
114347710648.0,Female,29.0,27-31,Diploma/ certificates or equivalent,Diploma,Working full-time (permanent),Managers,0
114371487084.0,Female,29.0,27-31,Bachelor's degree/ advanced diploma or equivalent,Bachelor's Degree,Working full-time (permanent),Technician and Associate Professionals,0
114379176918.0,Female,37.0,32-44,Bachelor's degree/ advanced diploma or equivalent,Bachelor's Degree,Working full-time (permanent),Managers,0
114371471213.0,Female,31.0,27-31,Bachelor's degree/ advanced diploma or equivalent,Bachelor's Degree,Working full-time (permanent),Service and Sales Workers,1
114348593537.0,Male,37.0,32-44,Bachelor's degree/ advanced diploma or equivalent,Bachelor's Degree,Working full-time (permanent),Professional,0
114371457746.0,Male,38.0,32-44,Bachelor's degree/ advanced diploma or equivalent,Bachelor's Degree,Working full-time (contract),Plant and Machine Operators and Assemblers,1
114371479477.0,Female,31.0,27-31,Bachelor's degree/ advanced diploma or equivalent,Bachelor's Degree,Working part-time (contract),Managers,0
114347704673.0,Male,28.0,27-31,Bachelor's degree/ advanced diploma or equivalent,Bachelor's Degree,Working full-time (permanent),Professional,0
114369627238.0,Male,37.0,32-44,Bachelor's degree/ advanced diploma or equivalent,Bachelor's Degree,Working full-time (permanent),Managers,0
114371474060.0,Female,30.0,27-31,Diploma/ certificates or equivalent,Diploma,Working full-time (permanent),Managers,0
114371465261.0,Female,27.0,27-31,Bachelor's degree/ advanced diploma or equivalent,Bachelor's Degree,Working full-time (permanent),Clerical Support Workers,1
114370267978.0,Female,34.0,32-44,Bachelor's degree/ advanced diploma or equivalent,Bachelor's Degree,Working full-time (permanent),Elementary Occupations,1
114371474108.0,Female,38.0,32-44,Diploma/ certificates or equivalent,Diploma,Working full-time (permanent),Elementary Occupations,1
114371514498.0,Female,31.0,27-31,Diploma/ certificates or equivalent,Diploma,Working full-time (permanent),Professional,0
114359272177.0,Male,38.0,32-44,Diploma/ certificates or equivalent,Diploma,Working full-time (permanent),Technician and Associate Professionals,0
114372918171.0,Female,33.0,32-44,Diploma/ certificates or equivalent,Diploma,Working full-time (permanent),Professional,0
114371478001.0,Male,30.0,27-31,Bachelor's degree/ advanced diploma or equivalent,Bachelor's Degree,Working full-time (permanent),Technician and Associate Professionals,0
114371467931.0,Female,23.0,23-26,Bachelor's degree/ advanced diploma or equivalent,Bachelor's Degree,Working full-time (permanent),Craft and Related Trades Workers,1
114371353173.0,Male,28.0,27-31,Diploma/ certificates or equivalent,Diploma,Working full-time (permanent),Elementary Occupations,1
114347699273.0,Male,27.0,27-31,Bachelor's degree/ advanced diploma or equivalent,Bachelor's Degree,Working full-time (contract),Technician and Associate Professionals,0
114369568904.0,Male,35.0,32-44,Diploma/ certificates or equivalent,Diploma,Working full-time (permanent),"Skilled Agriculture, Forestry, Livestock and Fishery Workers",1
114371473288.0,Male,23.0,23-26,Diploma/ certificates or equivalent,Diploma,Working full-time (permanent),Plant and Machine Operators and Assemblers,1
114371445728.0,Female,33.0,32-44,Bachelor's degree/ advanced diploma or equivalent,Bachelor's Degree,Working full-time (permanent),Managers,0
114375709562.0,Male,36.0,32-44,Bachelor's degree/ advanced diploma or equivalent,Bachelor's Degree,Working full-time (contract),Technician and Associate Professionals,0
114371455318.0,Male,33.0,32-44,Diploma/ certificates or equivalent,Diploma,Working full-time (permanent),Professional,0
114371473326.0,Male,28.0,27-31,Diploma/ certificates or equivalent,Diploma,Working full-time (permanent),Plant and Machine Operators and Assemblers,1
114348792928.0,Male,35.0,32-44,Bachelor's degree/ advanced diploma or equivalent,Bachelor's Degree,Working full-time (permanent),Technician and Associate Professionals,0
114358731725.0,Female,26.0,23-26,Diploma/ certificates or equivalent,Diploma,Working full-time (permanent),Technician and Associate Professionals,0
114371554368.0,Male,39.0,32-44,Bachelor's degree/ advanced diploma or equivalent,Bachelor's Degree,Working full-time (permanent),Clerical Support Workers,1
114347775867.0,Female,28.0,27-31,Bachelor's degree/ advanced diploma or equivalent,Bachelor's Degree,Working part-time (contract),Technician and Associate Professionals,0
114371466771.0,Female,35.0,32-44,Diploma/ certificates or equivalent,Diploma,Working full-time (permanent),Managers,0
114360916942.0,Female,29.0,27-31,Bachelor's degree/ advanced diploma or equivalent,Bachelor's Degree,Working full-time (contract),Clerical Support Workers,1
114371494396.0,Female,23.0,23-26,Diploma/ certificates or equivalent,Diploma,Working part-time (contract),Craft and Related Trades Workers,1
114371487880.0,Female,36.0,32-44,Bachelor's degree/ advanced diploma or equivalent,Bachelor's Degree,Working full-time (permanent),Managers,0
114371482513.0,Female,36.0,32-44,Bachelor's degree/ advanced diploma or equivalent,Bachelor's Degree,Working full-time (contract),Elementary Occupations,1
114358722390.0,Female,27.0,27-31,Diploma/ certificates or equivalent,Diploma,Working full-time (contract),Service and Sales Workers,1
114348754105.0,Male,36.0,32-44,Diploma/ certificates or equivalent,Diploma,Working full-time (permanent),Service and Sales Workers,1
114371455590.0,Female,28.0,27-31,Diploma/ certificates or equivalent,Diploma,Working part-time (permanent),Clerical Support Workers,1
114371713851.0,Female,41.0,32-44,Bachelor's degree/ advanced diploma or equivalent,Bachelor's Degree,Working full-time (contract),Managers,0
114371450248.0,Male,27.0,27-31,Bachelor's degree/ advanced diploma or equivalent,Bachelor's Degree,Working full-time (permanent),Plant and Machine Operators and Assemblers,1
114371396863.0,Female,34.0,32-44,Bachelor's degree/ advanced diploma or equivalent,Bachelor's Degree,Working full-time (contract),"Skilled Agriculture, Forestry, Livestock and Fishery Workers",1
114371684078.0,Male,36.0,32-44,Bachelor's degree/ advanced diploma or equivalent,Bachelor's Degree,Working full-time (permanent),Professional,0
114369568562.0,Male,37.0,32-44,Bachelor's degree/ advanced diploma or equivalent,Bachelor's Degree,Working full-time (permanent),Technician and Associate Professionals,0
114371459480.0,Female,34.0,32-44,Bachelor's degree/ advanced diploma or equivalent,Bachelor's Degree,Working full-time (permanent),Technician and Associate Professionals,0
114371443357.0,Male,25.0,23-26,Bachelor's degree/ advanced diploma or equivalent,Bachelor's Degree,Working full-time (permanent),Technician and Associate Professionals,0
114371483487.0,Female,35.0,32-44,Bachelor's degree/ advanced diploma or equivalent,Bachelor's Degree,Working full-time (permanent),Professional,0
114371450254.0,Female,33.0,32-44,Diploma/ certificates or equivalent,Diploma,Working full-time (permanent),Managers,0
114326270215.0,Male,26.0,23-26,Diploma/ certificates or equivalent,Diploma,Working full-time (permanent),Managers,0
114347705254.0,Male,30.0,27-31,Bachelor's degree/ advanced diploma or equivalent,Bachelor's Degree,Working full-time (permanent),Professional,0
114371474314.0,Female,28.0,27-31,Diploma/ certificates or equivalent,Diploma,Working full-time (permanent),Managers,0
114371515117.0,Female,32.0,32-44,Diploma/ certificates or equivalent,Diploma,Working full-time (permanent),Technician and Associate Professionals,0
114371460294.0,Female,31.0,27-31,Diploma/ certificates or equivalent,Diploma,Working full-time (permanent),Professional,0
114371466290.0,Female,28.0,27-31,Diploma/ certificates or equivalent,Diploma,Working full-time (permanent),Technician and Associate Professionals,0
114371554528.0,Female,29.0,27-31,Bachelor's degree/ advanced diploma or equivalent,Bachelor's Degree,Working full-time (permanent),Service and Sales Workers,1
114371450392.0,Female,29.0,27-31,Diploma/ certificates or equivalent,Diploma,Working full-time (permanent),Managers,0
114371418285.0,Female,31.0,27-31,Bachelor's degree/ advanced diploma or equivalent,Bachelor's Degree,Working full-time (permanent),Professional,0
114371483902.0,Female,26.0,23-26,Diploma/ certificates or equivalent,Diploma,Working full-time (contract),Clerical Support Workers,1
114371505309.0,Female,40.0,32-44,Bachelor's degree/ advanced diploma or equivalent,Bachelor's Degree,Working full-time (permanent),Clerical Support Workers,1
114371333541.0,Female,29.0,27-31,Bachelor's degree/ advanced diploma or equivalent,Bachelor's Degree,Working full-time (permanent),Technician and Associate Professionals,0
114371507708.0,Female,32.0,32-44,Diploma/ certificates or equivalent,Diploma,Working full-time (permanent),Managers,0
114371438890.0,Male,35.0,32-44,Diploma/ certificates or equivalent,Diploma,Working part-time (permanent),Clerical Support Workers,1
114371477476.0,Female,24.0,23-26,Diploma/ certificates or equivalent,Diploma,Working full-time (permanent),Plant and Machine Operators and Assemblers,1
114371499617.0,Male,29.0,27-31,Diploma/ certificates or equivalent,Diploma,Working full-time (contract),Service and Sales Workers,1
114371388408.0,Male,27.0,27-31,Diploma/ certificates or equivalent,Diploma,Working part-time (contract),Clerical Support Workers,1
114371466712.0,Female,41.0,32-44,Bachelor's degree/ advanced diploma or equivalent,Bachelor's Degree,Working full-time (permanent),Professional,0
114376392502.0,Female,36.0,32-44,Bachelor's degree/ advanced diploma or equivalent,Bachelor's Degree,Working full-time (permanent),Professional,0
114371522236.0,Female,41.0,32-44,Bachelor's degree/ advanced diploma or equivalent,Bachelor's Degree,Working full-time (permanent),Professional,0
114371464742.0,Male,37.0,32-44,Bachelor's degree/ advanced diploma or equivalent,Bachelor's Degree,Working full-time (permanent),Professional,0
114371414784.0,Male,29.0,27-31,Diploma/ certificates or equivalent,Diploma,Working full-time (permanent),"Skilled Agriculture, Forestry, Livestock and Fishery Workers",1
114371482395.0,Male,29.0,27-31,Diploma/ certificates or equivalent,Diploma,Working full-time (permanent),Managers,0
114371436715.0,Female,25.0,23-26,Diploma/ certificates or equivalent,Diploma,Working full-time (contract),Clerical Support Workers,1
114360725666.0,Male,41.0,32-44,Bachelor's degree/ advanced diploma or equivalent,Bachelor's Degree,Working full-time (permanent),Technician and Associate Professionals,0
114375690759.0,Male,34.0,32-44,Bachelor's degree/ advanced diploma or equivalent,Bachelor's Degree,Working full-time (permanent),Elementary Occupations,1
114371379617.0,Female,33.0,32-44,Diploma/ certificates or equivalent,Diploma,Working full-time (permanent),Professional,0
114327174625.0,Male,29.0,27-31,Bachelor's degree/ advanced diploma or equivalent,Bachelor's Degree,Working full-time (permanent),Technician and Associate Professionals,0
114371833926.0,Male,31.0,27-31,Diploma/ certificates or equivalent,Diploma,Working full-time (permanent),Service and Sales Workers,1
114372143535.0,Female,35.0,32-44,Diploma/ certificates or equivalent,Diploma,Working full-time (permanent),Plant and Machine Operators and Assemblers,1
114371433334.0,Male,42.0,32-44,Diploma/ certificates or equivalent,Diploma,Working full-time (permanent),Managers,0
114370351568.0,Male,34.0,32-44,Bachelor's degree/ advanced diploma or equivalent,Bachelor's Degree,Working full-time (permanent),Technician and Associate Professionals,0
114371457196.0,Male,34.0,32-44,Diploma/ certificates or equivalent,Diploma,Working full-time (permanent),Managers,0
114375619612.0,Male,35.0,32-44,Diploma/ certificates or equivalent,Diploma,Working full-time (permanent),Managers,0
114377744285.0,Female,30.0,27-31,Bachelor's degree/ advanced diploma or equivalent,Bachelor's Degree,Working full-time (permanent),Professional,0
114347707010.0,Female,26.0,23-26,Diploma/ certificates or equivalent,Diploma,Working full-time (permanent),Managers,0
114371459843.0,Female,37.0,32-44,Diploma/ certificates or equivalent,Diploma,Working full-time (permanent),Managers,0
114369567259.0,Male,38.0,32-44,Bachelor's degree/ advanced diploma or equivalent,Bachelor's Degree,Working full-time (permanent),Managers,0
114371331307.0,Male,37.0,32-44,Diploma/ certificates or equivalent,Diploma,Working full-time (permanent),Elementary Occupations,1
114371470176.0,Female,36.0,32-44,Diploma/ certificates or equivalent,Diploma,Working full-time (permanent),Professional,0
114371462612.0,Female,40.0,32-44,Diploma/ certificates or equivalent,Diploma,Working full-time (permanent),Elementary Occupations,1
114371469787.0,Female,28.0,27-31,Diploma/ certificates or equivalent,Diploma,Working full-time (permanent),Craft and Related Trades Workers,1
114371385643.0,Male,32.0,32-44,Diploma/ certificates or equivalent,Diploma,Working full-time (permanent),Craft and Related Trades Workers,1
114371412034.0,Female,40.0,32-44,Diploma/ certificates or equivalent,Diploma,Working full-time (permanent),Managers,0
114371797114.0,Female,32.0,32-44,Diploma/ certificates or equivalent,Diploma,Working full-time (permanent),Technician and Associate Professionals,0
114371441453.0,Female,35.0,32-44,Diploma/ certificates or equivalent,Diploma,Working full-time (permanent),Managers,0
114371476610.0,Female,34.0,32-44,Diploma/ certificates or equivalent,Diploma,Working full-time (permanent),Technician and Associate Professionals,0
114371420272.0,Male,31.0,27-31,Diploma/ certificates or equivalent,Diploma,Working full-time (permanent),Service and Sales Workers,1
114371436708.0,Female,34.0,32-44,Bachelor's degree/ advanced diploma or equivalent,Bachelor's Degree,Working part-time (contract),Clerical Support Workers,1
114371492342.0,Female,32.0,32-44,Diploma/ certificates or equivalent,Diploma,Working full-time (permanent),Clerical Support Workers,1
114371458840.0,Female,31.0,27-31,Diploma/ certificates or equivalent,Diploma,Working full-time (permanent),Professional,0
114371595473.0,Male,31.0,27-31,Bachelor's degree/ advanced diploma or equivalent,Bachelor's Degree,Working full-time (permanent),Professional,0
114347817395.0,Female,26.0,23-26,Bachelor's degree/ advanced diploma or equivalent,Bachelor's Degree,Working full-time (contract),Professional,0
114371439120.0,Male,24.0,23-26,Diploma/ certificates or equivalent,Diploma,Working part-time (contract),Plant and Machine Operators and Assemblers,1
114369619192.0,Female,36.0,32-44,Bachelor's degree/ advanced diploma or equivalent,Bachelor's Degree,Working full-time (permanent),Managers,0
114337187164.0,Female,36.0,32-44,Bachelor's degree/ advanced diploma or equivalent,Bachelor's Degree,Working full-time (permanent),Professional,0
114358706421.0,Male,27.0,27-31,Diploma/ certificates or equivalent,Diploma,Working full-time (permanent),Elementary Occupations,1
114329050680.0,Female,28.0,27-31,Bachelor's degree/ advanced diploma or equivalent,Bachelor's Degree,Working full-time (permanent),Professional,0
114371463511.0,Female,33.0,32-44,Diploma/ certificates or equivalent,Diploma,Working full-time (permanent),Technician and Associate Professionals,0
114371488841.0,Female,37.0,32-44,Bachelor's degree/ advanced diploma or equivalent,Bachelor's Degree,Working full-time (permanent),Professional,0
114358728892.0,Female,30.0,27-31,Bachelor's degree/ advanced diploma or equivalent,Bachelor's Degree,Working full-time (permanent),Technician and Associate Professionals,0
114371467571.0,Male,24.0,23-26,Diploma/ certificates or equivalent,Diploma,Working full-time (permanent),Plant and Machine Operators and Assemblers,1
114371335501.0,Female,36.0,32-44,Diploma/ certificates or equivalent,Diploma,Working full-time (permanent),Technician and Associate Professionals,0
114371496233.0,Female,34.0,32-44,Diploma/ certificates or equivalent,Diploma,Working part-time (permanent),Craft and Related Trades Workers,1
114371442458.0,Male,34.0,32-44,Diploma/ certificates or equivalent,Diploma,Working full-time (permanent),Managers,0
114358719850.0,Female,28.0,27-31,Bachelor's degree/ advanced diploma or equivalent,Bachelor's Degree,Working full-time (permanent),Clerical Support Workers,1
114369606970.0,Male,36.0,32-44,Bachelor's degree/ advanced diploma or equivalent,Bachelor's Degree,Working full-time (permanent),Professional,0
114359287330.0,Female,35.0,32-44,Bachelor's degree/ advanced diploma or equivalent,Bachelor's Degree,Working full-time (contract),Professional,0
114369194162.0,Male,24.0,23-26,Diploma/ certificates or equivalent,Diploma,Working full-time (contract),Professional,0
114347840356.0,Male,27.0,27-31,Bachelor's degree/ advanced diploma or equivalent,Bachelor's Degree,Working full-time (permanent),Technician and Associate Professionals,0
114371545647.0,Female,23.0,23-26,Diploma/ certificates or equivalent,Diploma,Working full-time (permanent),Managers,0
114371449544.0,Male,36.0,32-44,Diploma/ certificates or equivalent,Diploma,Working full-time (permanent),Managers,0
114371407980.0,Male,29.0,27-31,Bachelor's degree/ advanced diploma or equivalent,Bachelor's Degree,Working full-time (permanent),Technician and Associate Professionals,0
114326317220.0,Female,36.0,32-44,Bachelor's degree/ advanced diploma or equivalent,Bachelor's Degree,Working full-time (permanent),Clerical Support Workers,1
114371482686.0,Male,31.0,27-31,Bachelor's degree/ advanced diploma or equivalent,Bachelor's Degree,Working full-time (permanent),Managers,0
114347704227.0,Male,27.0,27-31,Diploma/ certificates or equivalent,Diploma,Working full-time (contract),Technician and Associate Professionals,0
114369592908.0,Male,35.0,32-44,Bachelor's degree/ advanced diploma or equivalent,Bachelor's Degree,Working full-time (permanent),Managers,0
114371456476.0,Female,36.0,32-44,Bachelor's degree/ advanced diploma or equivalent,Bachelor's Degree,Working full-time (permanent),Professional,0
114370332848.0,Female,28.0,27-31,Diploma/ certificates or equivalent,Diploma,Working full-time (permanent),Technician and Associate Professionals,0
114371501934.0,Female,32.0,32-44,Bachelor's degree/ advanced diploma or equivalent,Bachelor's Degree,Working full-time (permanent),Professional,0
114348473539.0,Male,29.0,27-31,Bachelor's degree/ advanced diploma or equivalent,Bachelor's Degree,Working full-time (permanent),Technician and Associate Professionals,0
114371337543.0,Male,37.0,32-44,Diploma/ certificates or equivalent,Diploma,Working full-time (permanent),Elementary Occupations,1
114369852481.0,Female,35.0,32-44,Bachelor's degree/ advanced diploma or equivalent,Bachelor's Degree,Working full-time (permanent),Managers,0
114371417111.0,Female,25.0,23-26,Diploma/ certificates or equivalent,Diploma,Working full-time (contract),Managers,0
114371355274.0,Female,35.0,32-44,Diploma/ certificates or equivalent,Diploma,Working full-time (permanent),Elementary Occupations,1
114371470723.0,Male,26.0,23-26,Bachelor's degree/ advanced diploma or equivalent,Bachelor's Degree,Working full-time (permanent),Professional,0
114371469199.0,Male,23.0,23-26,Diploma/ certificates or equivalent,Diploma,Working full-time (permanent),Technician and Associate Professionals,0
114378815196.0,Male,35.0,32-44,Bachelor's degree/ advanced diploma or equivalent,Bachelor's Degree,Working full-time (permanent),Professional,0
114371406236.0,Female,33.0,32-44,Bachelor's degree/ advanced diploma or equivalent,Bachelor's Degree,Working full-time (permanent),Clerical Support Workers,1
114371471644.0,Female,24.0,23-26,Diploma/ certificates or equivalent,Diploma,Working full-time (permanent),Clerical Support Workers,1
114375641146.0,Female,36.0,32-44,Bachelor's degree/ advanced diploma or equivalent,Bachelor's Degree,Working full-time (permanent),Clerical Support Workers,1
114346105742.0,Male,25.0,23-26,Bachelor's degree/ advanced diploma or equivalent,Bachelor's Degree,Working full-time (permanent),Service and Sales Workers,1
114371393545.0,Female,26.0,23-26,Diploma/ certificates or equivalent,Diploma,Working full-time (permanent),Technician and Associate Professionals,0
114358713058.0,Female,25.0,23-26,Diploma/ certificates or equivalent,Diploma,Working full-time (permanent),Elementary Occupations,1
114348507355.0,Male,37.0,32-44,Bachelor's degree/ advanced diploma or equivalent,Bachelor's Degree,Working full-time (permanent),Professional,0
114376405727.0,Male,39.0,32-44,Bachelor's degree/ advanced diploma or equivalent,Bachelor's Degree,Working full-time (permanent),Technician and Associate Professionals,0
114371266792.0,Female,33.0,32-44,Bachelor's degree/ advanced diploma or equivalent,Bachelor's Degree,Working full-time (permanent),Professional,0
114372150131.0,Male,35.0,32-44,Bachelor's degree/ advanced diploma or equivalent,Bachelor's Degree,Working full-time (permanent),Professional,0
114347715666.0,Female,26.0,23-26,Bachelor's degree/ advanced diploma or equivalent,Bachelor's Degree,Working full-time (permanent),Technician and Associate Professionals,0
114360134131.0,Male,29.0,27-31,Bachelor's degree/ advanced diploma or equivalent,Bachelor's Degree,Working full-time (permanent),Technician and Associate Professionals,0
114347708216.0,Female,29.0,27-31,Bachelor's degree/ advanced diploma or equivalent,Bachelor's Degree,Working full-time (permanent),Technician and Associate Professionals,0
114347704962.0,Female,27.0,27-31,Diploma/ certificates or equivalent,Diploma,Working full-time (contract),Clerical Support Workers,1
114371490337.0,Male,29.0,27-31,Diploma/ certificates or equivalent,Diploma,Working full-time (permanent),Clerical Support Workers,1
114371465188.0,Male,35.0,32-44,Diploma/ certificates or equivalent,Diploma,Working full-time (permanent),Craft and Related Trades Workers,1
114371453903.0,Female,29.0,27-31,Diploma/ certificates or equivalent,Diploma,Working full-time (permanent),Managers,0
114371467399.0,Female,27.0,27-31,Bachelor's degree/ advanced diploma or equivalent,Bachelor's Degree,Working full-time (contract),Service and Sales Workers,1
114371387924.0,Male,35.0,32-44,Diploma/ certificates or equivalent,Diploma,Working full-time (permanent),Elementary Occupations,1
114371837237.0,Male,37.0,32-44,Diploma/ certificates or equivalent,Diploma,Working full-time (permanent),Professional,0
114358718091.0,Female,29.0,27-31,Bachelor's degree/ advanced diploma or equivalent,Bachelor's Degree,Working full-time (permanent),Service and Sales Workers,1
114371454156.0,Female,36.0,32-44,Diploma/ certificates or equivalent,Diploma,Working full-time (permanent),Technician and Associate Professionals,0
114359201824.0,Female,32.0,32-44,Bachelor's degree/ advanced diploma or equivalent,Bachelor's Degree,Working full-time (contract),Technician and Associate Professionals,0
114371466699.0,Male,27.0,27-31,Diploma/ certificates or equivalent,Diploma,Working full-time (permanent),Service and Sales Workers,1
114376321099.0,Female,35.0,32-44,Bachelor's degree/ advanced diploma or equivalent,Bachelor's Degree,Working full-time (permanent),Professional,0
114371533582.0,Female,40.0,32-44,Diploma/ certificates or equivalent,Diploma,Working full-time (permanent),Technician and Associate Professionals,0
114371459436.0,Female,38.0,32-44,Diploma/ certificates or equivalent,Diploma,Working full-time (contract),Armed forces/uniform,1
114371392023.0,Female,26.0,23-26,Diploma/ certificates or equivalent,Diploma,Working full-time (permanent),Managers,0
114371425372.0,Female,25.0,23-26,Diploma/ certificates or equivalent,Diploma,Working full-time (permanent),Professional,0
114371555287.0,Female,27.0,27-31,Bachelor's degree/ advanced diploma or equivalent,Bachelor's Degree,Working full-time (permanent),Professional,0
114371449335.0,Female,37.0,32-44,Diploma/ certificates or equivalent,Diploma,Working full-time (permanent),Craft and Related Trades Workers,1
114371475588.0,Male,37.0,32-44,Diploma/ certificates or equivalent,Diploma,Working full-time (permanent),Managers,0
114347702833.0,Female,28.0,27-31,Bachelor's degree/ advanced diploma or equivalent,Bachelor's Degree,Working full-time (permanent),Clerical Support Workers,1
114371526997.0,Female,23.0,23-26,Diploma/ certificates or equivalent,Diploma,Working full-time (permanent),Professional,0
114347810520.0,Female,25.0,23-26,Diploma/ certificates or equivalent,Diploma,Working full-time (permanent),Plant and Machine Operators and Assemblers,1
114371515926.0,Male,32.0,32-44,Bachelor's degree/ advanced diploma or equivalent,Bachelor's Degree,Working full-time (permanent),Technician and Associate Professionals,0
114371465063.0,Female,33.0,32-44,Diploma/ certificates or equivalent,Diploma,Working full-time (permanent),Craft and Related Trades Workers,1
114371463798.0,Female,38.0,32-44,Diploma/ certificates or equivalent,Diploma,Working full-time (permanent),Elementary Occupations,1
114347713600.0,Female,28.0,27-31,Bachelor's degree/ advanced diploma or equivalent,Bachelor's Degree,Working full-time (permanent),Technician and Associate Professionals,0
114359261692.0,Female,35.0,32-44,Bachelor's degree/ advanced diploma or equivalent,Bachelor's Degree,Working full-time (permanent),Managers,0
114371417685.0,Female,33.0,32-44,Diploma/ certificates or equivalent,Diploma,Working full-time (permanent),Clerical Support Workers,1
114369740384.0,Female,36.0,32-44,Bachelor's degree/ advanced diploma or equivalent,Bachelor's Degree,Working full-time (permanent),Technician and Associate Professionals,0
114370328518.0,Female,35.0,32-44,Bachelor's degree/ advanced diploma or equivalent,Bachelor's Degree,Working full-time (permanent),Managers,0
114371385694.0,Female,28.0,27-31,Bachelor's degree/ advanced diploma or equivalent,Bachelor's Degree,Working part-time (permanent),Managers,0
114358717706.0,Female,29.0,27-31,Bachelor's degree/ advanced diploma or equivalent,Bachelor's Degree,Working full-time (contract),Clerical Support Workers,1
114371441151.0,Female,40.0,32-44,Bachelor's degree/ advanced diploma or equivalent,Bachelor's Degree,Working full-time (permanent),Professional,0
114374607824.0,Male,36.0,32-44,Bachelor's degree/ advanced diploma or equivalent,Bachelor's Degree,Working full-time (contract),Technician and Associate Professionals,0
114369563696.0,Male,36.0,32-44,Diploma/ certificates or equivalent,Diploma,Working full-time (permanent),Technician and Associate Professionals,0
114369590047.0,Male,35.0,32-44,Bachelor's degree/ advanced diploma or equivalent,Bachelor's Degree,Working full-time (permanent),Managers,0
114371472868.0,Female,30.0,27-31,Diploma/ certificates or equivalent,Diploma,Working full-time (permanent),Elementary Occupations,1
114371517666.0,Female,31.0,27-31,Diploma/ certificates or equivalent,Diploma,Working full-time (permanent),Technician and Associate Professionals,0
114371776830.0,Female,34.0,32-44,Bachelor's degree/ advanced diploma or equivalent,Bachelor's Degree,Working full-time (contract),Professional,0
114347719424.0,Female,26.0,23-26,Diploma/ certificates or equivalent,Diploma,Working full-time (permanent),Managers,0
114348674827.0,Female,28.0,27-31,Bachelor's degree/ advanced diploma or equivalent,Bachelor's Degree,Working full-time (permanent),Professional,0
114375635274.0,Female,37.0,32-44,Bachelor's degree/ advanced diploma or equivalent,Bachelor's Degree,Working full-time (permanent),Professional,0
114347707224.0,Female,27.0,27-31,Bachelor's degree/ advanced diploma or equivalent,Bachelor's Degree,Working full-time (permanent),Elementary Occupations,1
114376324547.0,Female,34.0,32-44,Bachelor's degree/ advanced diploma or equivalent,Bachelor's Degree,Working full-time (permanent),Clerical Support Workers,1
114374944195.0,Female,34.0,32-44,Bachelor's degree/ advanced diploma or equivalent,Bachelor's Degree,Working full-time (permanent),Managers,0
114369865097.0,Female,34.0,32-44,Bachelor's degree/ advanced diploma or equivalent,Bachelor's Degree,Working full-time (contract),Technician and Associate Professionals,0
114371477767.0,Female,36.0,32-44,Bachelor's degree/ advanced diploma or equivalent,Bachelor's Degree,Working full-time (permanent),"Skilled Agriculture, Forestry, Livestock and Fishery Workers",1
114358736052.0,Male,27.0,27-31,Bachelor's degree/ advanced diploma or equivalent,Bachelor's Degree,Working full-time (permanent),Managers,0
114369800458.0,Male,32.0,32-44,Diploma/ certificates or equivalent,Diploma,Working full-time (permanent),"Skilled Agriculture, Forestry, Livestock and Fishery Workers",1
114371400222.0,Female,35.0,32-44,Bachelor's degree/ advanced diploma or equivalent,Bachelor's Degree,Working full-time (permanent),Managers,0
114371444397.0,Female,33.0,32-44,Diploma/ certificates or equivalent,Diploma,Working full-time (permanent),Technician and Associate Professionals,0
114371456129.0,Female,33.0,32-44,Diploma/ certificates or equivalent,Diploma,Working full-time (permanent),Managers,0
114347821361.0,Female,27.0,27-31,Diploma/ certificates or equivalent,Diploma,Working full-time (permanent),"Skilled Agriculture, Forestry, Livestock and Fishery Workers",1
114371335628.0,Male,36.0,32-44,Bachelor's degree/ advanced diploma or equivalent,Bachelor's Degree,Working full-time (permanent),Technician and Associate Professionals,0
114371476018.0,Male,32.0,32-44,Diploma/ certificates or equivalent,Diploma,Working part-time (permanent),"Skilled Agriculture, Forestry, Livestock and Fishery Workers",1
114372208121.0,Male,36.0,32-44,Bachelor's degree/ advanced diploma or equivalent,Bachelor's Degree,Working full-time (permanent),Technician and Associate Professionals,0
114371471921.0,Female,29.0,27-31,Bachelor's degree/ advanced diploma or equivalent,Bachelor's Degree,Working part-time (contract),Elementary Occupations,1
114369734967.0,Female,32.0,32-44,Diploma/ certificates or equivalent,Diploma,Working full-time (permanent),Managers,0
114371470669.0,Male,35.0,32-44,Diploma/ certificates or equivalent,Diploma,Working full-time (contract),Professional,0
114371276698.0,Male,32.0,32-44,Diploma/ certificates or equivalent,Diploma,Working full-time (permanent),Managers,0
114371475491.0,Male,34.0,32-44,Diploma/ certificates or equivalent,Diploma,Working full-time (permanent),"Skilled Agriculture, Forestry, Livestock and Fishery Workers",1
114360621431.0,Male,31.0,27-31,Diploma/ certificates or equivalent,Diploma,Working full-time (permanent),"Skilled Agriculture, Forestry, Livestock and Fishery Workers",1
114369744996.0,Male,36.0,32-44,Bachelor's degree/ advanced diploma or equivalent,Bachelor's Degree,Working full-time (permanent),Professional,0
114371461461.0,Male,27.0,27-31,Diploma/ certificates or equivalent,Diploma,Working full-time (contract),Service and Sales Workers,1
114371476652.0,Female,24.0,23-26,Diploma/ certificates or equivalent,Diploma,Working full-time (permanent),Managers,0
114371447734.0,Male,30.0,27-31,Bachelor's degree/ advanced diploma or equivalent,Bachelor's Degree,Working part-time (permanent),Managers,0
114359429929.0,Female,27.0,27-31,Diploma/ certificates or equivalent,Diploma,Working full-time (permanent),Managers,0
114372689914.0,Male,34.0,32-44,Diploma/ certificates or equivalent,Diploma,Working full-time (permanent),Professional,0
114376396072.0,Male,38.0,32-44,Bachelor's degree/ advanced diploma or equivalent,Bachelor's Degree,Working full-time (permanent),Professional,0
114371563138.0,Male,27.0,27-31,Bachelor's degree/ advanced diploma or equivalent,Bachelor's Degree,Working full-time (permanent),Professional,0
114371473036.0,Male,24.0,23-26,Diploma/ certificates or equivalent,Diploma,Working full-time (permanent),Elementary Occupations,1
114371486234.0,Female,35.0,32-44,Bachelor's degree/ advanced diploma or equivalent,Bachelor's Degree,Working full-time (permanent),Professional,0
114371368240.0,Female,34.0,32-44,Bachelor's degree/ advanced diploma or equivalent,Bachelor's Degree,Working full-time (permanent),Managers,0
114349577493.0,Female,27.0,27-31,Bachelor's degree/ advanced diploma or equivalent,Bachelor's Degree,Working full-time (permanent),Managers,0
114371523158.0,Female,28.0,27-31,Diploma/ certificates or equivalent,Diploma,Working full-time (permanent),Managers,0
114359284291.0,Female,27.0,27-31,Bachelor's degree/ advanced diploma or equivalent,Bachelor's Degree,Working full-time (contract),Managers,0
114348613153.0,Male,27.0,27-31,Bachelor's degree/ advanced diploma or equivalent,Bachelor's Degree,Working full-time (permanent),Technician and Associate Professionals,0
114375721548.0,Female,34.0,32-44,Diploma/ certificates or equivalent,Diploma,Working full-time (contract),Clerical Support Workers,1
114369567091.0,Male,35.0,32-44,Bachelor's degree/ advanced diploma or equivalent,Bachelor's Degree,Working full-time (permanent),"Skilled Agriculture, Forestry, Livestock and Fishery Workers",1
114347716116.0,Female,29.0,27-31,Bachelor's degree/ advanced diploma or equivalent,Bachelor's Degree,Working full-time (permanent),Managers,0
114369574616.0,Male,35.0,32-44,Bachelor's degree/ advanced diploma or equivalent,Bachelor's Degree,Working full-time (permanent),Professional,0
114332321589.0,Male,27.0,27-31,Diploma/ certificates or equivalent,Diploma,Working full-time (permanent),"Skilled Agriculture, Forestry, Livestock and Fishery Workers",1
114371452076.0,Female,36.0,32-44,Bachelor's degree/ advanced diploma or equivalent,Bachelor's Degree,Working full-time (permanent),Clerical Support Workers,1
114371483361.0,Male,23.0,23-26,Bachelor's degree/ advanced diploma or equivalent,Bachelor's Degree,Working full-time (contract),Elementary Occupations,1
114358727358.0,Female,27.0,27-31,Diploma/ certificates or equivalent,Diploma,Working full-time (permanent),Elementary Occupations,1
114371419031.0,Female,39.0,32-44,Bachelor's degree/ advanced diploma or equivalent,Bachelor's Degree,Working full-time (permanent),Managers,0
114358713101.0,Male,27.0,27-31,Diploma/ certificates or equivalent,Diploma,Working full-time (permanent),Plant and Machine Operators and Assemblers,1
114369754035.0,Male,35.0,32-44,Bachelor's degree/ advanced diploma or equivalent,Bachelor's Degree,Working full-time (permanent),Professional,0
114371395541.0,Female,37.0,32-44,Bachelor's degree/ advanced diploma or equivalent,Bachelor's Degree,Working full-time (permanent),Managers,0
114347713336.0,Female,27.0,27-31,Bachelor's degree/ advanced diploma or equivalent,Bachelor's Degree,Working full-time (permanent),"Skilled Agriculture, Forestry, Livestock and Fishery Workers",1
114371333305.0,Male,29.0,27-31,Diploma/ certificates or equivalent,Diploma,Working full-time (permanent),"Skilled Agriculture, Forestry, Livestock and Fishery Workers",1
114358781067.0,Male,28.0,27-31,Bachelor's degree/ advanced diploma or equivalent,Bachelor's Degree,Working full-time (permanent),"Skilled Agriculture, Forestry, Livestock and Fishery Workers",1
114371556140.0,Female,32.0,32-44,Bachelor's degree/ advanced diploma or equivalent,Bachelor's Degree,Working full-time (permanent),Clerical Support Workers,1
114359605740.0,Male,28.0,27-31,Bachelor's degree/ advanced diploma or equivalent,Bachelor's Degree,Working full-time (permanent),Technician and Associate Professionals,0
